Date,Return_abev3,Return_bbdc3,Return_itub3,Return_itsa3,Return_wege3
2019-04-05,0.0070323488045007,0.0053165780570323,0.0133382734346054,0.0,0.0131004366812226
2019-04-08,-0.0055865921787709,0.0033653846153847,-0.0047531992687386,0.0033259423503326,-0.0161637931034481
2019-04-09,0.0196629213483146,-0.005749880210829,-0.0047759000734753,-0.0209944751381216,-0.0131434830230011
2019-04-10,-0.0075757575757575,-0.0091566265060241,-0.0081210778885196,-0.0067720090293452,-0.0099889012208657
2019-04-11,-0.0173490631505898,-0.0107003891050583,-0.0130256791961295,-0.0056818181818182,-0.0044843049327353
2019-04-12,-0.0112994350282485,-0.012291052114061,-0.0105580693815988,-0.0137142857142856,0.0
2019-04-15,0.0214285714285715,-0.0074664011946241,0.004954268292683,0.0266512166859789,0.0090090090090089
2019-04-16,0.0062937062937062,-0.0010030090270811,-0.0068259385665528,-0.010158013544018,0.0189732142857141
2019-04-17,-0.0271021542738012,-0.0050200803212852,-0.0053455517373043,-0.0159635119726337,-0.0131434830230011
2019-04-18,0.0014285714285713,0.012108980827447,0.0138195777351246,0.0173812282734644,0.0066592674805772
2019-04-22,0.0249643366619114,-0.0004985044865403,-0.0068156001514577,-0.0056947608200453,0.0066152149944873
2019-04-23,0.0097425191370912,0.0184538653366583,0.0182996568814335,0.0194730813287513,0.0262869660460021
2019-04-24,0.0027567195037905,0.0004897159647403,0.0,0.0022471910112358,-0.0234791889007469
2019-04-25,0.0329896907216493,-0.0004894762604013,0.0063646574316733,0.0056053811659193,0.0131147540983604
2019-04-26,-0.0013306719893545,0.0,-0.0007440476190475,0.0122630992196208,0.0021574973031284
2019-04-29,0.0033311125916055,-0.0029382957884428,0.0011169024571855,-0.0176211453744493,-0.0172228202368136
2019-04-30,0.0066401062416998,0.0029469548133596,0.0,0.0033632286995515,-0.0087623220153341
2019-05-02,-0.0277044854881266,0.0039177277179234,0.0044626255113424,-0.0044692737430166,0.0099447513812154
2019-05-03,-0.002035278154681,0.0204878048780488,-0.0059237319511291,-0.01010101010101,-0.0065645514223194
2019-05-06,0.0081577158395649,-0.0325047801147229,-0.0208566108007449,-0.0147392290249434,-0.0154185022026431
2019-05-07,-0.0229265003371543,-0.0143280632411066,-0.0057055914796499,-0.0184119677790564,-0.012304250559284
2019-05-08,0.0151828847481021,0.023558897243108,0.0076511094108644,0.0199296600234466,0.0260475651189129
2019-05-09,-0.0237933378653978,-0.0195886385896181,-0.0079726651480638,-0.0011494252873562,-0.0033112582781458
2019-05-10,-0.0111420612813371,-0.0099900099900099,-0.0107156525066971,-0.0092059838895282,-0.006644518272425
2019-05-13,-0.016901408450704,-0.0287588294651867,-0.0158607350096712,-0.0209059233449476,-0.0234113712374582
2019-05-14,-0.0035816618911175,-0.0088311688311689,-0.0039308176100629,0.0,0.0011415525114155
2019-05-15,-0.01941049604601,-0.0089098532494757,0.0011838989739543,0.0,-0.001140250855188
2019-05-16,0.001466275659824,-0.0179799048122686,-0.0082774931020891,-0.0260972716488729,0.0
2019-05-17,-0.0087847730600293,0.0080775444264942,-0.0015898251192368,0.0194884287454322,0.0079908675799087
2019-05-20,0.0,0.0347222222222223,0.0234872611464969,0.0227001194743132,0.0192525481313703
2019-05-21,0.036189069423929,0.0428497676819823,0.0350058343057175,0.0210280373831774,0.0166666666666666
2019-05-22,0.0071275837491091,-0.0143564356435643,0.0048853814355505,0.0057208237986268,-0.0010928961748634
2019-05-23,0.0,0.0005022601707684,-0.0086013462976812,-0.0227531285551763,-0.0142231947483589
2019-05-24,-0.0092002830856334,-0.0065261044176707,-0.0075443228970201,0.0058207217694994,-0.0166481687014429
2019-05-27,0.01,0.0141485598787267,-0.0064614215127327,0.0104166666666667,0.0045146726862304
2019-05-28,0.0049504950495049,0.033383158943697,0.0263963274674827,0.0171821305841923,0.0314606741573033
2019-05-29,-0.0028149190710767,0.018804243008679,0.0178904211703316,0.0180180180180178,0.0119825708061001
2019-05-30,0.0098800282286521,0.0156176053005205,0.0120834859025997,0.0121681415929204,-0.0010764262648008
2019-05-31,0.0069881201956674,0.0027958993476233,-0.0014471780028942,0.0065573770491804,-0.0010775862068965
2019-06-03,-0.0076335877862595,0.0037174721189592,0.0050724637681158,-0.006514657980456,0.005393743257821
2019-06-04,-0.0041958041958042,-0.0013888888888889,-0.0025234318673394,0.0010928961748633,-0.0064377682403433
2019-06-05,0.0035112359550562,-0.0115901715345386,-0.0151788941091435,-0.0163755458515284,-0.0064794816414687
2019-06-06,0.0132960111966411,0.0131332082551596,0.0099082568807338,0.0066592674805772,0.0
2019-06-07,-0.0013812154696132,0.0060185185185184,0.0061773255813954,0.0132304299889745,0.0163043478260869
2019-06-10,0.0020746887966804,-0.0092038656235619,-0.0176959191043698,-0.0141458106637648,0.0010695187165774
2019-06-11,0.0041407867494824,0.0027868091035763,0.0106617647058824,-0.0066225165562914,0.0074786324786324
2019-06-12,-0.0027491408934708,0.001852709587772,-0.0036376864314295,-0.0077777777777777,0.0169671261930011
2019-06-13,0.0096485182632668,-0.0106333795654184,-0.0127783862723622,-0.0291153415453526,0.0156412930135558
2019-06-14,-0.0116040955631399,-0.0140186915887848,-0.0070266272189348,0.002306805074971,-0.0041067761806982
2019-06-17,0.0089779005524861,-0.0052132701421802,0.0052141527001861,0.0069044879171462,0.0185567010309279
2019-06-18,0.0143737166324435,0.0114340161981896,0.0144497962208225,0.0205714285714284,0.0172064777327936
2019-06-19,0.0080971659919026,0.0230805463966083,0.0153396639883127,0.0089585666293392,0.0258706467661691
2019-06-21,0.0140562248995983,0.0234806629834254,0.0223021582733813,0.0144284128745839,0.0116391852570318
2019-06-24,-0.0085808580858086,0.0044984255510569,-0.0014074595355384,-0.0065645514223194,0.0076701821668265
2019-06-25,-0.0066577896138482,-0.0174652933273621,-0.0109231853417899,-0.0143171806167401,-0.0190294957183634
2019-06-26,-0.0040214477211796,0.0041020966271649,0.0195938724617028,0.0212290502793297,-0.0009699321047526
2019-06-27,-0.0026917900403767,0.002723558783477,-0.0062893081761006,-0.0547045951859955,0.0097087378640776
2019-06-28,-0.0087719298245614,-0.0013580805794477,0.0038677918424754,-0.0104166666666666,0.0
2019-07-01,-0.0047651463580666,0.0067996373526746,0.0,0.0070175438596489,0.0124999999999999
2019-07-02,0.0177838577291382,-0.0009004952723997,-0.0098073555166374,0.0011614401858304,-0.0009496676163343
2019-07-03,0.040994623655914,0.0184767913474537,0.0134418111071807,-0.019721577726218,0.0066539923954371
2019-07-04,0.0071013557133634,0.0225663716814157,0.0101221640488657,0.0189349112426036,0.0226628895184135
2019-07-05,0.0,0.0077888360017308,0.008293020041465,0.0139372822299652,0.0092336103416434
2019-07-08,-0.003205128205128,0.0064405324173466,0.0020562028786839,0.0011454753722794,0.0054894784995425
2019-07-10,0.0038585209003214,-0.0068259385665528,-0.0092339261285909,0.0045766590389015,0.0518653321201092
2019-07-11,-0.0172966047405509,-0.0111683848797251,-0.0006903693476009,-0.0022779043280182,-0.0043252595155709
2019-07-12,-0.0260756192959582,-0.0199826238053866,-0.0051813471502589,-0.0136986301369862,-0.0217202432667246
2019-07-15,0.0026773761713521,0.0004432624113475,-0.010763888888889,-0.0046296296296297,-0.0293072824156305
2019-07-16,-0.0080106809078772,-0.0088613203367301,0.003861003861004,0.0023255813953488,0.0045745654162854
2019-07-17,-0.0060565275908479,0.003576218149307,-0.0052447552447553,-0.0011600928074245,0.0009107468123861
2019-07-18,0.014218009478673,0.0182628062360801,0.0235500878734622,0.0185830429732869,0.0100090991810737
2019-07-19,-0.0086782376502003,-0.0126859142607174,-0.0195741758241758,-0.0114025085518814,0.0018018018018017
2019-07-22,-0.0053872053872053,0.0106335844040761,0.0140105078809107,0.0126874279123412,-0.0089928057553956
2019-07-23,0.002031144211239,0.0004384042086804,0.0006908462867012,0.0068337129840547,0.0
2019-07-24,-0.0040540540540541,0.01840490797546,0.0034518467380049,0.002262443438914,0.0181488203266788
2019-07-25,0.0854816824966078,-0.0494836488812392,-0.0295837633298933,-0.028216704288939,-0.0089126559714796
2019-07-26,0.015625,-0.0158442734268901,0.0116979794399147,-0.0069686411149824,0.0251798561151079
2019-07-29,0.0356923076923076,0.0,0.0007007708479327,-0.0070175438596491,0.013157894736842
2019-07-30,-0.0077243018419488,-0.0174793008279667,-0.0241596638655461,0.0070671378091873,0.0173160173160171
2019-07-31,-0.0107784431137724,-0.0341760299625468,-0.0154287764621456,-0.0374269005847953,-0.007659574468085
2019-08-01,0.0145278450363197,-0.0082404265632572,0.0036443148688045,-0.0206561360874848,-0.016295025728988
2019-08-02,0.003579952267303,-0.0024437927663734,-0.0010893246187363,-0.0161290322580646,0.013949433304272
2019-08-05,-0.016052318668252,-0.0210681038706516,-0.009814612868048,-0.0163934426229508,-0.0189165950128977
2019-08-06,0.0157099697885194,0.025025025025025,0.0315712187958885,0.0371794871794872,0.0254163014899211
2019-08-07,0.0077334919690661,0.01416015625,0.0391459074733095,0.0296662546353523,0.0170940170940172
2019-08-08,-0.0224321133412044,0.0057775637939336,0.0003424657534247,0.0192076830732292,0.0058823529411764
2019-08-09,-0.004830917874396,-0.0210627094303494,0.0,-0.0035335689045935,-0.0108604845446951
2019-08-12,-0.0297330097087378,-0.0229828850855745,-0.0362889421431017,-0.0200945626477543,-0.0177364864864864
2019-08-13,-0.0050031269543464,0.0120120120120119,0.0095914742451155,-0.016887816646562,0.0223559759243336
2019-08-14,-0.0188560653676933,-0.0267062314540058,-0.017945109078114,0.0049079754601226,-0.048780487804878
2019-08-15,-0.0121716848174247,-0.0050813008130081,-0.0068075958437836,0.004884004884005,-0.0327144120247568
2019-08-16,0.0058365758754863,0.0030643513789583,0.0039682539682539,0.0060753341433776,0.0210237659963437
2019-08-19,0.011605415860735,-0.0168024439918534,-0.0039525691699604,-0.0169082125603863,-0.0116383169203223
2019-08-20,-0.0089228808158061,-0.0103573278094251,-0.0082972582972583,-0.011056511056511,0.0027173913043478
2019-08-21,-0.0077170418006431,0.0245944531658817,0.0134594397962894,0.0149068322981364,0.0198735320686538
2019-08-22,-0.0174983797796499,-0.020429009193054,-0.0139985642498206,-0.0134638922888615,-0.0141718334809564
2019-08-23,-0.0072559366754616,-0.0260688216892596,-0.0087368037859482,-0.009925558312655,-0.022461814914645
2019-08-26,-0.0132890365448505,-0.0042826552462525,-0.0044069041498348,0.0,-0.0303308823529412
2019-08-27,0.0047138047138046,0.0123655913978493,0.0088528218369605,0.0087719298245614,0.0066350710900473
2019-08-28,-0.0013404825737265,-0.0053106744556558,0.0080438756855576,0.0136645962732917,0.0188323917137478
2019-08-29,0.0221476510067113,0.0320341697810997,0.0076169749727965,0.0098039215686274,0.0138632162661738
2019-08-30,0.0091923834537097,0.040351784790481,0.0147588192944565,0.0097087378640776,0.0045578851412944
2019-09-02,-0.018217306441119,-0.0223769269020387,-0.0191557289819085,-0.0060096153846154,0.012704174228675
2019-09-03,0.0072895957587806,-0.0213631739572737,-0.0144665461121157,-0.0145102781136637,-0.0259856630824373
2019-09-04,0.0151315789473684,0.0150727650727651,-0.0003669724770642,0.0122699386503066,0.0193192272309108
2019-09-05,-0.0058327932598832,0.0245775729646697,0.0319383259911894,0.0242424242424241,0.0072202166064982
2019-09-06,0.0019556714471968,0.0384807596201899,0.0295268587691213,0.0213017751479291,0.0017921146953405
2019-09-09,0.0078074170461939,0.0134744947064484,0.0165860400829302,0.011587485515643,-0.0107334525939176
2019-09-10,-0.0025823111684958,-0.0066476733143397,-0.0095173351461591,-0.0114547537227949,0.0153707052441229
2019-09-11,0.0045307443365696,0.0028680688336519,-0.0030885380919698,0.0092699884125144,0.0062333036509349
2019-09-12,0.0244845360824743,-0.0081029551954242,-0.0024096385542168,0.0091848450057403,-0.0008849557522124
2019-09-13,-0.0138364779874213,-0.0115329168668908,0.0089717046238784,0.0045506257110354,0.0292294065544729
2019-09-16,0.0025510204081633,-0.0087506076810889,-0.0222298221614226,-0.0124575311438277,-0.0206540447504302
2019-09-17,0.0146310432569973,0.0117704757233938,0.0104931794333682,0.0126146788990824,0.023725834797891
2019-09-18,-0.0087774294670845,0.0072709646146389,0.0034614053305641,0.0011325028312569,0.0085836909871244
2019-09-19,0.0044275774826059,-0.0134744947064485,-0.0303552949292859,-0.0067873303167421,-0.0127659574468085
2019-09-20,0.0025188916876572,0.0331707317073171,0.0113838491639985,-0.0102505694760819,0.0301724137931034
2019-09-23,0.0006281407035175,-0.0080264400377714,-0.0031656700668307,0.0115074798619101,-0.006694560669456
2019-09-24,-0.0031387319522911,-0.0109471680152308,-0.0102328863796753,-0.0056882821387939,-0.0134793597304126
2019-09-25,0.0132241813602014,0.0096246390760346,0.0049910873440286,0.0011441647597254,0.0153714773697692
2019-09-26,-0.0037290242386575,0.0085795996186843,0.0223483504788932,0.0217142857142855,0.0
2019-09-27,-0.0037429819089207,-0.0009451795841209,-0.0006939625260236,-0.0011185682326622,-0.0042052144659378
2019-09-30,-0.010644959298685,-0.0184484389782403,-0.0135416666666666,-0.0067189249720045,0.004222972972973
2019-10-01,0.0031645569620253,-0.0086746987951806,-0.0158394931362195,-0.0157835400225477,0.0
2019-10-02,-0.0233438485804415,-0.038405444822557,-0.0225321888412017,-0.0309278350515463,-0.016820857863751
2019-10-03,-0.0148578811369509,0.0015166835187057,-0.0058543724844491,0.00354609929078,-0.0059880239520958
2019-10-04,0.0340983606557376,0.0040383644623929,0.0084652189915346,-0.0094228504122496,-0.0034423407917383
2019-10-07,-0.0177552314521242,-0.0155857214680745,-0.025912408759124,-0.0249702734839477,-0.0319516407599308
2019-10-08,-0.0142027114267269,0.0040858018386109,-0.0071187710753091,0.003658536585366,-0.0017841213202498
2019-10-09,0.0039292730844793,0.0396744659206511,0.0147169811320755,0.0097205346294046,0.002680965147453
2019-10-10,-0.0136986301369863,0.0058708414872796,0.0089252510226849,0.0180505415162455,0.0044563279857396
2019-10-11,0.0085978835978837,0.0145914396887159,0.0173239955768522,0.0271867612293141,0.0301685891748002
2019-10-14,0.0078688524590162,0.0148609779482262,0.009782608695652,0.0172612197928654,0.0034453057708871
2019-10-15,0.0091086532205595,0.009447331128956,0.0053821313240043,-0.009049773755656,0.0008583690987125
2019-10-16,0.0,0.0308844174075806,0.0071377587437544,0.0376712328767123,0.0248713550600341
2019-10-17,-0.0064474532559638,-0.0140717203812983,-0.0049610205527994,0.0022002200220021,-0.0050209205020919
2019-10-18,-0.0051914341336793,-0.0096685082872927,-0.0032051282051281,-0.0230515916575191,0.0050462573591252
2019-10-21,0.0169602087410305,0.0158066015806601,0.0139335476956055,0.0123595505617977,0.003347280334728
2019-10-22,-0.0115458627325207,0.0260869565217392,0.0144467935165608,0.0210876803551609,0.0125104253544621
2019-10-23,-0.0051914341336793,0.0107047279214986,0.0149357415769364,0.0032608695652174,0.043657331136738
2019-10-24,0.0273972602739724,-0.0017652250661959,0.0065023956194387,-0.0054171180931744,0.0102604577742699
2019-10-25,-0.0825396825396825,0.0075154730327142,0.0030601836110166,0.0130718954248367,-0.0265624999999999
2019-10-28,-0.0034602076124566,0.0298376480912681,0.0186440677966102,0.0032258064516128,0.007223113964687
2019-10-29,0.0020833333333332,-0.0110779718789943,-0.0149750415973377,-0.0064308681672026,-0.002390438247012
2019-10-30,-0.0013860013860013,0.009909521757863,0.0060810810810809,0.0097087378640776,0.0127795527156548
2019-10-31,-0.0097154753643303,-0.0409556313993174,-0.0124244459368704,-0.0138888888888887,-0.0134069400630915
2019-11-01,-0.0028030833917308,-0.0111209964412811,0.0013600816048962,0.0,0.014388489208633
2019-11-04,0.0133520730850316,0.0053981106612686,0.0044142614601019,0.0108342361863489,0.0102442868400316
2019-11-05,0.0083217753120665,0.0165548098434002,0.0128465179175119,0.0053590568060022,0.0234009360374414
2019-11-06,-0.0110041265474551,-0.013644366197183,0.0,-0.0042643923240939,0.0160060975609757
2019-11-07,0.0020862308762168,0.0089245872378402,0.0050066755674231,0.006423982869379,0.0337584396099024
2019-11-08,-0.0145732130464955,-0.0300751879699248,-0.0166057788110262,-0.0212765957446809,0.0050798258345428
2019-11-11,0.0140845070422535,0.0045599635202919,0.0070921985815604,0.0054347826086957,0.0303249097472924
2019-11-12,-0.0097222222222222,-0.0140717203812983,-0.0211267605633802,-0.0108108108108108,-0.0203223545900489
2019-11-13,0.0,-0.0041436464088397,-0.0041109969167523,-0.0076502732240437,0.0250357653791128
2019-11-14,0.0042075736325386,-0.0064724919093851,0.0030959752321981,0.0088105726872247,0.0013956734124214
2019-11-18,0.0062849162011173,-0.0074453234062354,-0.002400548696845,-0.0010917030567685,0.0013937282229965
2019-11-19,0.0069396252602358,-0.0018752930145334,-0.0165005156411137,-0.0196721311475409,-0.0034794711203895
2019-11-21,0.022053756030324,0.0117426021606388,0.0150297098916463,0.0133779264214046,-0.0104748603351955
2019-11-22,0.0067430883344572,0.0167130919220055,-0.0010330578512396,0.0077007700770077,0.0056457304163726
2019-11-25,0.000669792364367,-0.0141552511415524,-0.0093071354705275,-0.0163755458515284,0.0014035087719297
2019-11-26,-0.0093708165997321,-0.0314960629921259,-0.0149617258176757,-0.027746947835738,-0.0161177295024527
2019-11-27,-0.0040540540540541,0.0138689622190339,0.0070646414694455,0.0171232876712328,0.0149572649572651
2019-11-28,0.0027137042062415,-0.000943396226415,-0.0112241318835496,-0.0011223344556677,0.0133333333333331
2019-11-29,0.0027063599458727,0.0103871576959395,0.0035473572188717,-0.0011235955056179,0.033240997229917
2019-12-02,-0.0047233468286099,0.0098130841121495,0.0120183810533758,0.0157480314960629,-0.0087131367292225
2019-12-03,-0.0054237288135593,-0.0050902360018509,0.0024449877750611,-0.0077519379844959,0.0182555780933064
2019-12-04,0.0238582140422631,0.0227906976744185,0.0278745644599303,0.0200892857142855,0.0365205843293492
2019-12-05,-0.0079893475366178,0.0068212824010915,0.0023728813559322,0.0021881838074397,0.0294682895579756
2019-12-06,0.0167785234899329,-0.0004516711833785,-0.0111599594183294,-0.0109170305676855,-0.000622277535781
2019-12-09,-0.0006600660066006,-0.0085856303660188,0.0102599179206566,0.0187637969094922,-0.0255292652552925
2019-12-10,-0.0039630118890356,-0.0036463081130356,-0.0064319566689233,0.0,0.0019169329073482
2019-12-11,0.0046419098143235,-0.0018298261665141,-0.0068143100511074,-0.0075839653304442,0.034438775510204
2019-12-12,0.0132013201320131,0.0119156736938588,0.0024013722126929,0.0141921397379911,0.0221948212083846
2019-12-13,0.0169381107491857,0.0090579710144929,0.0219028062970567,-0.0021528525296016,0.0072376357056695
2019-12-16,0.0032030749519538,-0.0152603231597845,-0.0174146014735432,-0.0097087378640776,-0.0161676646706586
2019-12-17,-0.0089399744572158,0.0159525979945305,0.0132924335378323,0.014161220043573,0.0139987827145466
2019-12-18,0.0096649484536082,0.0385823239120681,0.0033636057854018,0.0161117078410311,-0.0018007202881152
2019-12-19,0.0044671346522016,0.0151187904967602,0.0030170968823333,-0.0095137420718818,-0.0090198436560432
2019-12-20,0.0120711562897077,-0.0144680851063829,-0.0083556149732619,-0.0010672358591248,0.008495145631068
2019-12-23,0.002510985561833,0.020293609671848,0.0131445904954499,0.0042735042735044,-0.0018050541516245
2019-12-26,0.0137758296806511,0.010579771476936,0.0149700598802395,0.0053191489361701,0.0313441832429173
2019-12-27,-0.003088326127239,-0.0062814070351757,-0.0036053752867912,-0.002116402116402,0.0140268848626534
2019-12-30,-0.0254027261462206,-0.001685630004214,-0.0039473684210525,-0.0031813361611876,-0.0190201729106629
2020-01-02,0.0286077558804831,0.0401013085690165,0.0181638044914134,0.0117021276595743,0.0170387779083431
2020-01-03,-0.0142150803461063,-0.015827922077922,-0.0081089847551086,0.0021030494216613,-0.0132871172732524
2020-01-06,0.0043887147335424,-0.0057731958762886,-0.0104643557880966,-0.0104931794333682,0.0029274004683841
2020-01-07,0.0024968789013732,-0.0170053919535462,-0.0191672174487773,-0.009544008483563,0.0075890251021601
2020-01-08,-0.0049813200498131,-0.0151898734177214,-0.0104447439353099,-0.0128479657387579,-0.0376593279258402
2020-01-09,-0.0075093867334168,-0.009854327335047,-0.0091930541368743,-0.0140997830802603,-0.0150511739915712
2020-01-10,0.0031525851197982,-0.0173085244482906,-0.0120274914089347,-0.0044004400440043,0.0207823960880195
2020-01-13,0.0169704588309238,0.0123293703214442,0.0142608695652173,0.0132596685082873,0.0089820359281438
2020-01-14,-0.0055624227441285,0.0021748586341887,-0.0051440329218106,0.0032715376226826,0.0201780415430266
2020-01-15,-0.0180236171535114,-0.0230034722222221,-0.0141330575663564,-0.0141304347826085,0.0063990692262942
2020-01-16,-0.0031645569620253,0.0164371390493112,0.0017482517482516,-0.0011025358324144,0.0179190751445086
2020-01-17,0.0,0.020979020979021,0.0157068062827225,0.009933774834437,0.0261215218625781
2020-01-20,0.0057142857142857,-0.0154109589041095,-0.0175257731958763,-0.008743169398907,0.0309905921416711
2020-01-21,-0.0031565656565657,-0.0347826086956521,-0.0241343126967471,-0.0187431091510473,-0.0118089103596349
2020-01-22,0.0164661177960736,0.008108108108108,0.0161290322580647,0.0146067415730335,0.0374796306355242
2020-01-23,-0.0211838006230529,0.0272564789991063,0.021516754850088,0.0177187153931339,0.0193717277486908
2020-01-24,0.0184595798854232,-0.0056546324488907,-0.0124309392265192,-0.0087051142546246,0.0451977401129943
2020-01-27,-0.0231249999999999,-0.0262467191601049,-0.0122377622377622,-0.0230515916575191,-0.0113022113022113
2020-01-28,0.0134357005758156,0.0022461814914642,-0.0088495575221239,0.0033707865168539,0.0253479125248508
2020-01-29,-0.0265151515151514,-0.0210667861945315,-0.0085714285714285,-0.0022396416573348,0.0092098885118758
2020-01-30,0.0019455252918287,0.0096153846153845,0.0136887608069165,0.0134680134680134,-0.0336215177713736
2020-01-31,-0.0265372168284789,-0.0108843537414966,-0.0106609808102345,-0.0276854928017719,-0.0382703777335984
2020-02-03,-0.0146276595744679,0.0073360843649701,0.0053879310344826,0.0068337129840547,0.0320413436692506
2020-02-04,0.0033738191632928,0.003641329085116,0.006788138620936,0.001131221719457,-0.0035052578868303
2020-02-05,-0.0228648285137861,0.0181405895691608,0.0014194464158978,0.0011299435028249,0.021105527638191
2020-02-06,-0.0220233998623536,-0.0138084632516702,-0.0046066619418851,-0.0067720090293452,0.0354330708661416
2020-02-07,0.0028149190710766,-0.0031616982836495,0.0028479886080456,-0.003409090909091,-0.0408745247148288
2020-02-10,-0.0112280701754385,0.0054372451291346,0.0092296769613062,0.0114025085518814,0.0104063429137759
2020-02-11,0.0042583392476933,0.0270392068499323,0.0422089342244107,0.0146561443066517,0.0367827366356057
2020-02-12,-0.0084805653710248,-0.0144800351031153,0.005062436719541,0.0077777777777778,0.0350047303689686
2020-02-13,-0.0228082679971488,-0.0231522707034728,-0.0177971793149764,-0.0011025358324144,0.0228519195612431
2020-02-14,0.0080233406272793,-0.0273473108477666,-0.0129914529914529,-0.009933774834437,0.0
2020-02-17,0.0115774240231547,-0.0051546391752577,-0.0051957048839627,-0.0022296544035675,0.0044682752457552
2020-02-18,-0.025035765379113,-0.0056523787093736,-0.0010445682451252,0.0134078212290504,-0.023576512455516
2020-02-19,-0.0029347028613353,0.0056845097110374,0.0097594980829556,0.02425578831312,0.0920273348519362
2020-02-20,0.0022075055187638,-0.0226095148374941,-0.0010355540214013,-0.0150699677072119,-0.0271172298706716
2020-02-21,0.0051395007342143,-0.013012048192771,-0.0065653075328265,-0.0065573770491803,0.048885077186964
2020-02-26,-0.0262965668371073,-0.0732421875,-0.0406956521739131,-0.0385038503850384,-0.0568274734260016
2020-02-27,-0.083270817704426,-0.0210748155953636,-0.0007251631617113,-0.0068649885583524,-0.060684872128305
2020-02-28,0.0024549918166938,0.0242195909580196,0.0156023222060956,0.0149769585253456,-0.0189201661282879
2020-03-02,0.0122448979591835,0.0115606936416183,0.0003572704537335,0.0227014755959136,0.0888993414863592
2020-03-03,0.0016129032258063,-0.016103896103896,-0.0103571428571428,-0.0188679245283018,0.0198704103671707
2020-03-04,0.038647342995169,0.0079197465681097,0.0104655359076144,0.0124434389140271,0.0114358322744598
2020-03-05,-0.0054263565891473,-0.0298585646935568,-0.0167857142857142,-0.0055865921787707,-0.03643216080402
2020-03-06,0.0062353858144972,-0.0313174946004318,-0.0323283690519433,-0.0191011235955056,-0.0573663624511082
2020-03-09,-0.0426026336173509,-0.0981047937569677,-0.0446696696696696,-0.0400916380297823,-0.0968188105117566
2020-03-10,-0.0169902912621358,0.0290482076637823,0.02475442043222,0.0286396181384245,0.054109239407861
2020-03-11,-0.0469135802469136,-0.0792792792792792,-0.0502300613496932,-0.0603248259860788,-0.0648910411622275
2020-03-12,-0.1571675302245251,-0.1278538812785389,-0.100928542591845,-0.0777777777777777,-0.1579492490937336
2020-03-13,0.0963114754098359,0.1637995512341064,0.1104625056129322,0.0294511378848729,0.0461254612546124
2020-03-16,-0.1317757009345794,-0.1433161953727506,-0.099474322684998,-0.0104031209362809,-0.205761316872428
2020-03-17,0.0602798708288483,0.0637659414853712,0.0458015267175573,-0.0078843626806833,0.0458919319022945
2020-03-18,-0.0426395939086294,-0.0811001410437235,-0.0854443967367968,-0.019867549668874,-0.0771408351026186
2020-03-19,0.0455991516436902,-0.0345356868764389,0.02018779342723,-0.0391891891891892,0.0858895705521474
2020-03-20,0.0294117647058824,0.0365659777424483,-0.0492406810860561,-0.0309423347398032,0.1264124293785309
2020-03-23,-0.0443349753694581,-0.0774539877300612,-0.0667957405614714,-0.0667634252539912,0.0884012539184952
2020-03-24,-0.0195876288659793,0.141313383208645,0.0425311203319502,0.0497667185069985,0.0241935483870969
2020-03-25,0.0315457413249211,0.0793882010196649,0.054228855721393,0.0074074074074073,0.0365579302587175
2020-03-26,0.0988786952089704,0.0350877192982455,0.0637092968381309,-0.0014705882352941,0.0157352143244708
2020-03-27,-0.0241187384044526,-0.0580182529335072,-0.0372670807453415,0.0088365243004417,-0.0683760683760682
2020-03-30,0.0047528517110266,0.0221453287197233,0.0299539170506912,0.0248175182481751,-0.0378440366972476
2020-03-31,-0.0501419110690635,-0.0223425863236289,-0.0331096196868009,-0.0185185185185184,-0.0131108462455304
2020-04-01,-0.0189243027888446,-0.0436288088642659,-0.0587690883850069,-0.027576197387518,-0.0344202898550723
2020-04-02,0.0253807106598984,0.0231716147719045,0.0083579154375614,0.016417910447761,0.0519074421513445
2020-04-03,-0.0495049504950495,-0.0396319886765746,-0.0453437347635301,-0.0337738619676944,-0.0356718192627825
2020-04-06,0.0406250000000001,0.1016949152542372,0.0510725229826354,0.0577507598784194,0.0117139334155365
2020-04-07,0.0460460460460458,0.0555183946488293,0.0568513119533529,0.0244252873563217,0.1212675198049968
2020-04-08,-0.0076555023923444,0.017743979721166,0.034022988505747,0.0490883590462833,0.0717391304347825
2020-04-09,-0.0173577627772419,-0.0105853051058529,-0.0088928412627834,-0.0080213903743315,-0.0420892494929004
2020-04-13,0.0,0.0270610446821899,0.0017945266935845,0.0188679245283018,0.0248808893594494
2020-04-14,0.0,0.0238970588235294,0.0013434841021049,0.0013227513227513,-0.0087809917355371
2020-04-15,-0.0157016683022571,-0.0388988629563137,-0.0245974955277281,-0.0105680317040951,-0.0234497133923919
2020-04-16,-0.0378863409770686,-0.0199252801992526,-0.0119211370930765,0.0053404539385848,0.0005336179295625
2020-04-17,0.0124352331606216,0.0133418043202031,0.0060324825986077,-0.0199203187250996,0.0117333333333333
2020-04-20,0.0010235414534287,-0.0238244514106582,-0.0046125461254613,-0.0067750677506774,0.0163415919873486
2020-04-22,0.0010224948875254,0.0,-0.0106580166821129,0.0,0.046680497925311
2020-04-23,-0.0061287027579161,-0.0289017341040462,-0.0252927400468385,-0.0109140518417462,-0.0322101090188304
2020-04-24,-0.038026721479959,-0.1097883597883596,-0.0355598270062469,-0.0593103448275861,-0.0225294418842806
2020-04-27,0.0448717948717949,0.0326894502228825,0.0119581464872944,0.0395894428152492,0.0487166055526453
2020-04-28,0.0081799591002045,0.0985611510791366,0.084194977843427,0.0493653032440057,0.0244755244755245
2020-04-29,-0.0030425963488842,0.0386378519973804,0.010899182561308,0.0336021505376344,-0.0043881033642125
2020-04-30,-0.0284842319430315,-0.0643127364438839,-0.0318957771787961,-0.0416124837451236,-0.0352595494613126
2020-05-04,0.0376963350785339,-0.0384097035040431,-0.0403712296983759,-0.0352781546811397,-0.0025380710659899
2020-05-05,0.0151362260343088,-0.0014015416958653,0.0333655705996132,0.0070323488045007,-0.0208651399491094
2020-05-06,-0.0089463220675943,-0.0231578947368421,-0.0135704258306037,-0.0097765363128492,-0.0046777546777546
2020-05-07,-0.0250752256770311,-0.0323275862068964,-0.0327324478178366,-0.0267983074753173,0.0067885117493473
2020-05-08,0.0432098765432098,0.0445434298440978,0.0259931338891614,0.0231884057971012,-0.0217842323651452
2020-05-11,-0.0078895463510848,-0.0177683013503908,0.0172084130019121,-0.0127478753541075,0.0153764581124071
2020-05-12,-0.0188866799204772,-0.0318379160636758,-0.037124060150376,-0.0387374461979913,-0.0344647519582245
2020-05-13,-0.0385005065856128,-0.0074738415545591,-0.0024402147388968,0.0328358208955223,0.0135208220659817
2020-05-14,0.042149631190727,0.0436746987951808,0.0308219178082191,0.004335260115607,-0.0170757737459976
2020-05-15,-0.0080889787664307,-0.0353535353535353,-0.0393925011865211,-0.0431654676258992,-0.0249728555917481
2020-05-18,0.038735983690112,0.0478683620044877,0.0355731225296442,0.0421052631578946,0.0055679287305121
2020-05-19,-0.0127576054955838,-0.0342612419700214,-0.0357824427480916,-0.0259740259740259,0.0083056478405316
2020-05-20,0.0168986083499005,0.0192165558019217,0.0064324591786244,0.0059259259259258,0.0192202086765511
2020-05-21,-0.0215053763440861,0.0609137055837565,0.0368731563421829,0.039764359351988,-0.0048491379310344
2020-05-22,-0.0119880119880119,-0.0157211209842789,0.0056899004267425,0.028328611898017,-0.0054141851651324
2020-05-25,0.0455005055611728,0.0798611111111111,0.0480905233380479,0.0275482093663912,0.0212302667392487
2020-05-26,0.0212765957446809,-0.0450160771704181,-0.0341880341880342,-0.0281501340482573,0.062366737739872
2020-05-27,0.0672348484848484,0.0154882154882154,0.0381928272007452,0.0082758620689653,0.0040140491721023
2020-05-28,-0.0417036379769297,-0.0086206896551724,-0.0228802153432031,-0.0095759233926128,0.0024987506246874
2020-05-29,-0.0268518518518519,0.0073578595317727,-0.0123966942148759,-0.0027624309392265,0.0284147557328016
2020-06-01,0.0095147478591817,0.0318725099601593,0.0283589028358901,0.0277008310249307,0.0077556955889481
2020-06-02,0.0301602262016964,0.0379665379665379,0.052893309222423,0.0350404312668464,0.0062530062530063
2020-06-03,0.0210430009149131,0.0452572845629262,0.0317732932589094,0.0299479166666667,0.0043021032504779
2020-06-04,0.0098566308243726,0.0041518386714116,0.0287141073657926,0.0088495575221239,0.0280818657782009
2020-06-05,0.0505767524401064,0.0224453632604841,0.0210355987055015,0.0,0.0120370370370368
2020-06-08,0.0388513513513513,0.0479491623339112,0.0225832012678288,0.0238095238095237,0.0333943275388837
2020-06-09,-0.0195121951219512,-0.0099228224917309,-0.0104610616040293,0.0012239902080783,0.0
2020-06-10,-0.0248756218905473,-0.0400890868596883,-0.0356303837118245,-0.0244498777506111,-0.0177069499778662
2020-06-12,-0.0280612244897959,-0.0232018561484917,-0.0255785627283799,-0.0263157894736842,-0.0166741775574583
2020-06-15,-0.0104986876640419,-0.0172209026128266,-0.0270833333333332,-0.0180180180180179,0.0004582951420712
2020-06-16,-0.0123784261715296,0.0326283987915407,0.020985010706638,0.0117955439056356,0.0114521300961978
2020-06-17,0.0384959713518353,0.013458162668227,0.0088087248322148,0.0233160621761658,0.03125
2020-06-18,-0.0068965517241379,-0.0005773672055428,0.0257796257796258,0.0139240506329112,-0.0008783487044355
2020-06-19,0.0121527777777779,-0.021952628538417,0.0494527766518038,-0.0124843945068663,0.0017582417582417
2020-06-22,0.0197255574614065,-0.0177200236266982,-0.040942448821939,0.0,-0.0131636682755594
2020-06-23,-0.0126156433978132,0.0006013229104029,-0.0088602496979459,0.0,0.0115606936416186
2020-06-24,-0.0187393526405451,-0.0222355769230769,-0.0215359609914669,-0.0176991150442478,-0.0017582417582416
2020-06-25,0.0373263888888888,0.0215119852489245,0.0058139534883721,0.0077220077220077,0.0686922060766181
2020-06-26,-0.0167364016736401,-0.0282791817087847,-0.0235342691990091,-0.020434227330779,0.0160692212608157
2020-06-29,0.0221276595744681,0.0253869969040247,0.0257928118393235,0.0091264667535855,-0.0008110300081103
2020-06-30,-0.0083263946711074,-0.0307971014492752,-0.0296784830997527,-0.0180878552971577,0.0137987012987013
2020-07-01,0.015952980688497,0.016822429906542,0.0135938827527613,0.0184210526315791,0.0224179343474779
2020-07-02,-0.0132231404958678,0.009191176470588,0.010896898575021,0.0206718346253229,0.018794048551292
2020-07-03,-0.0025125628140703,0.0,-0.0012437810945273,0.0088607594936707,0.0076863950807071
2020-07-06,0.015952980688497,0.066788099574985,0.033208800332088,0.0163111668757842,-0.0144927536231883
2020-07-07,0.0057851239669421,-0.0409789413773477,-0.0237042989152269,-0.019753086419753,0.013157894736842
2020-07-08,0.0180772391125718,0.0338278931750741,0.0160493827160495,0.0138539042821159,0.0072574484339191
2020-07-09,-0.0048426150121065,-0.0126291618828933,-0.0008100445524503,0.0,0.0030337504740234
2020-07-10,0.0145985401459853,0.0075581395348836,0.005269558167815,-0.0012422360248449,0.0041587901701323
2020-07-13,-0.0575539568345324,-0.0201961915753028,-0.0112903225806452,-0.0074626865671639,0.0045180722891566
2020-07-14,-0.0059372349448684,0.0141342756183744,0.0089722675367047,0.0012531328320801,-0.0172413793103448
2020-07-15,0.0273037542662115,0.0209059233449477,0.0060630557801133,0.0025031289111387,0.0064836003051107
2020-07-16,-0.016611295681063,-0.0164960182025027,-0.0144636400160707,-0.0024968789013731,0.0037893141341416
2020-07-17,0.0076013513513513,0.0190861769809138,0.0040766408479411,0.0112640801001251,0.0649301623254059
2020-07-20,-0.0025146689019278,0.0124858115777524,0.0101502233049126,0.0061881188118813,0.0358029067706486
2020-07-21,0.0394957983193275,0.0168161434977578,0.0096463022508039,0.013530135301353,-0.0047912388774812
2020-07-22,0.0016168148746968,-0.01212789415656,-0.0115445859872612,0.0097087378640776,0.138927097661623
2020-07-23,-0.0209846650524616,-0.0128348214285713,-0.0169150221506241,-0.0132211538461537,-0.0178140096618356
2020-07-24,0.0370981038746907,-0.0073487846240815,-0.0049160180253994,0.0,-0.0039963110974485
2020-07-27,0.0230524642289347,0.0415717539863325,0.0366405928365582,0.0267965895249693,0.0503086419753087
2020-07-28,-0.0124320124320123,-0.007654455986878,-0.0011914217633042,-0.0035587188612098,-0.0393770202762269
2020-07-29,0.0039339103068449,0.0297520661157026,0.0182902584493043,0.0309523809523808,-0.0030590394616089
2020-07-30,-0.0391849529780564,-0.0251471375066881,-0.0128855915657944,-0.0080831408775982,0.0153421294875728
2020-07-31,-0.0448613376835235,-0.035675082327113,-0.0332278481012657,-0.0186263096623982,-0.0096705953460259
2020-08-03,-0.013663535439795,-0.0039840637450199,0.0126841243862518,-0.0035587188612098,-0.0115959719255417
2020-08-04,-0.0225108225108225,-0.0297142857142856,-0.0440404040404039,-0.0333333333333334,0.0033961099104662
2020-08-05,-0.0168290522586359,0.0058892815076558,-0.2202028740490279,0.0123152709359608,0.0209230769230768
2020-08-06,0.0063063063063062,-0.0936768149882902,0.0162601626016261,0.0097323600973235,0.0241109101868595
2020-08-07,0.0035810205908684,-0.0064599483204134,-0.0181333333333333,-0.0072289156626507,-0.0197174808711004
2020-08-10,-0.0053523639607493,0.0084525357607281,0.0114068441064638,0.0133495145631066,0.0078054638246771
2020-08-11,0.0134529147982063,-0.0128949065119277,-0.0075187969924812,-0.0131736526946106,-0.0235329162943104
2020-08-12,0.0053097345132742,-0.0052253429131287,-0.0037878787878787,-0.008495145631068,0.0094569859670532
2020-08-13,-0.0202464788732392,-0.0288903479973736,-0.0271591526344378,-0.0085679314565483,0.0129948624962223
2020-08-14,0.003593890386343,0.0081135902636917,0.0,0.0049382716049384,0.0041766109785201
2020-08-17,-0.0304386750223814,-0.0268276324614352,-0.0201005025125627,-0.011056511056511,-0.0175282234105762
2020-08-18,0.0175438596491228,0.0144727773949,0.0125356125356124,0.0099378881987577,-0.0039310553371636
2020-08-19,-0.0172413793103447,-0.0033967391304348,-0.0033764772087787,-0.022140221402214,-0.0270188221007893
2020-08-20,0.0018467220683286,-0.0068166325835037,-0.0028232636928289,-0.0125786163522013,0.0205928237129486
2020-08-21,0.0073732718894008,0.0048043925875085,0.0016987542468855,-0.0152866242038215,0.0055029043106082
2020-08-24,-0.0091491308325708,0.0150273224043715,0.0135669869983039,0.0051746442432081,-0.0167224080267557
2020-08-25,-0.0083102493074792,0.0,-0.0039040713887339,-0.0128700128700127,0.0275200989486701
2020-08-26,-0.0037243947858474,-0.0228802153432031,-0.0218365061590145,-0.0273794002607561,-0.0273848931688232
2020-08-27,-0.0018691588785045,0.0213498622589531,0.0097309673726388,0.0080428954423592,-0.0021658415841584
2020-08-28,0.00561797752809,0.0188806473364799,0.0102040816326529,0.0106382978723404,0.013643410852713
2020-08-31,-0.0344506517690875,-0.0456651224354731,-0.0286195286195286,-0.0144736842105261,-0.0382379932701131
2020-09-01,0.0279652844744455,0.0312066574202496,0.027151935297516,-0.0053404539385847,0.035941475826972
2020-09-02,0.0084427767354595,0.0,-0.0039370078740157,-0.0067114093959731,-0.0018421860607922
2020-09-03,-0.0130232558139535,0.0383322125084062,0.0129870129870131,0.0121621621621621,-0.0356813288219008
2020-09-04,0.0,-0.0012953367875647,0.0167224080267556,0.0040053404539384,0.000956937799043
2020-09-08,-0.0197926484448632,-0.0194552529182879,-0.0219298245614034,-0.0013297872340425,-0.0232632249840663
2020-09-09,0.0,0.0026455026455027,-0.0056053811659193,0.0106524633821571,0.030668841761827
2020-09-10,-0.0028846153846154,-0.033641160949868,-0.016910935738444,-0.0223978919631093,-0.0386198163975941
2020-09-11,-0.022179363548698,-0.0225255972696245,-0.0137614678899083,-0.0094339622641509,-0.0052683569311821
2020-09-14,0.0443786982248519,0.01536312849162,0.0133720930232559,0.0081632653061225,0.0198609731876862
2020-09-15,0.0254957507082151,-0.0130674002751031,-0.0103270223752151,-0.0053981106612686,0.0120090879584551
2020-09-16,-0.0257826887661141,0.0062717770034843,-0.0069565217391305,-0.005427408412483,-0.0179602309172546
2020-09-17,0.04820415879017,0.0041551246537396,0.0005837711617047,0.0109140518417463,-0.0016329196603527
2020-09-18,-0.0279531109107303,-0.0179310344827585,-0.0140023337222872,-0.029689608636977,-0.0134118416748446
2020-09-21,-0.0055658627087197,-0.0175561797752809,-0.0065088757396449,0.0041724617524339,0.0228779840848807
2020-09-22,0.005597014925373,0.0100071479628305,0.002977963073258,-0.0096952908587256,0.0191247974068071
2020-09-23,-0.0278293135435991,-0.0261854210898797,-0.0190023752969121,-0.020979020979021,-0.0327608142493639
2020-09-24,0.0181297709923664,0.0159883720930233,0.0145278450363197,0.0328571428571429,0.0318974021703386
2020-09-25,0.0140581068416121,-0.0021459227467811,-0.0023866348448688,0.0069156293222683,-0.0038240917782026
2020-09-28,-0.0286506469500924,-0.0093189964157704,-0.0005980861244018,-0.0233516483516483,-0.0204734484964811
2020-09-29,-0.0104662226450998,-0.0180897250361794,-0.0203470975463794,-0.0154711673699016,0.0323318092749835
2020-09-30,0.0153846153846153,0.0073691967575533,0.0024434941967013,0.01,0.011705156596014
2020-10-01,0.0132575757575756,0.0014630577907825,0.0048750761730651,0.0056577086280056,0.0184490306441524
2020-10-02,-0.0130841121495326,0.0051132213294375,0.0024257125530626,0.0098452883263009,0.002149217070924
2020-10-05,0.0217803030303029,0.0218023255813955,0.0024198427102237,-0.0083565459610027,0.046875
2020-10-06,0.0417052826691382,-0.0056899004267425,-0.0030175015087507,0.0,0.018437225636523
2020-10-07,0.0142348754448398,-0.0128755364806866,-0.0036319612590798,0.0,0.0235632183908045
2020-10-08,0.0105263157894737,0.0565217391304346,0.0504252733900363,0.0435393258426966,0.0275126333520494
2020-10-09,-0.0078125,-0.0020576131687242,-0.0034702139965296,-0.0121130551816958,0.022950819672131
2020-10-13,0.0131233595800526,0.0006872852233676,-0.0029019152640743,0.0095367847411445,0.0291132478632478
2020-10-14,0.0043177892918826,0.0020604395604395,-0.0075669383003491,-0.0067476383265856,0.0181676615624188
2020-10-15,-0.0266552020636285,-0.002056202878684,-0.0064516129032258,0.0027173913043476,0.0022941626306398
2020-10-16,-0.0123674911660778,-0.0267857142857143,-0.0165289256198347,-0.018970189701897,0.0157680569684637
2020-10-19,-0.0089445438282647,0.0119971771347917,0.0078031212484992,0.011049723756906,0.0002503755633451
2020-10-20,0.0171480144404332,0.0376569037656904,0.0333531864204885,0.0204918032786884,0.0180225281602002
2020-10-21,-0.0008873114463175,0.0087365591397847,0.0063400576368874,0.0240963855421687,-0.0614703712810424
2020-10-22,0.0150976909413853,0.033977348434377,0.0406643757159221,-0.011764705882353,0.0471574534975109
2020-10-23,0.0236220472440944,-0.0019329896907216,-0.0104567969179967,0.0066137566137567,-0.0052539404553415
2020-10-26,0.0222222222222223,0.0116204002582311,0.0094549499443825,0.014454664914586,0.0130784708249498
2020-10-27,-0.0334448160535116,-0.0261646458200383,-0.0258953168044075,-0.0246113989637305,0.0059582919563059
2020-10-28,-0.0259515570934256,-0.0602883355176933,-0.0395927601809954,-0.0332005312084993,-0.049111549851925
2020-10-29,-0.0355239786856128,-0.007670850767085,0.0182567726737337,0.0013736263736263,0.0111601349597716
2020-10-30,-0.0552486187845303,-0.0302178496134926,-0.0237131289762868,-0.0137174211248284,-0.0523613963039014
2020-11-03,0.0497076023391813,0.0253623188405796,0.0148104265402844,0.0,0.0195016251354278
2020-11-04,0.0027855153203344,0.0,0.039112667834209,0.0166898470097356,0.063230605738576
2020-11-05,0.0398148148148147,0.0197879858657243,0.0219101123595506,0.0519835841313269,0.0429785107446276
2020-11-06,-0.0062333036509349,0.0006930006930006,0.0038482682792744,-0.0052015604681404,-0.0203641590800192
2020-11-09,0.0734767025089606,0.0914127423822714,0.0673603504928803,0.0222222222222221,-0.0222548300317927
2020-11-10,0.0692821368948246,0.0558375634517767,0.0266803488968703,0.0332480818414322,-0.037768884442221
2020-11-11,-0.0202966432474629,0.0018028846153845,-0.0034982508745626,0.0012376237623761,0.0197556537561736
2020-11-12,-0.0183266932270916,-0.035392921415717,-0.0265797392176529,-0.0247218788627936,0.0028039765485599
2020-11-13,0.0332792207792207,0.027363184079602,0.0216383307573415,0.0088719898605831,0.025419420437214
2020-11-16,0.0164964650432049,0.0441888619854722,0.027231467473525,0.0050251256281406,-0.0156172533465543
2020-11-17,0.0061823802163833,0.0052173913043478,-0.0009818360333824,0.0075,0.0015109544195417
2020-11-18,-0.0399385560675883,-0.0230680507497115,-0.0230958230958232,-0.022332506203474,-0.007291928589389
2020-11-19,-0.0071999999999999,0.0,0.0045271629778671,0.0012690355329949,-0.0020263424518742
2020-11-20,-0.0225624496373891,-0.0094451003541912,-0.0110165247871807,-0.0063371356147021,-0.0114213197969541
2020-11-23,0.018136850783182,0.00238379022646,0.0141772151898735,0.0140306122448981,-0.0187419768934532
2020-11-24,0.0064777327935223,0.0368608799048753,0.021967049425861,0.0125786163522012,-0.0198848770277341
2020-11-25,-0.0176991150442477,-0.0166284403669726,-0.010258915486077,-0.0012422360248449,0.004805125467165
2020-11-26,-0.0049140049140049,-0.0169096209912535,-0.0177690029615006,-0.0161691542288555,0.0050478214665248
2020-11-27,-0.0074074074074074,-0.00711743772242,0.0090452261306532,0.0101137800252844,-0.0089875759978851
2020-11-30,-0.0232172470978442,-0.0167264038231779,-0.0139442231075695,-0.0387984981226533,-0.0445452120565484
2020-12-01,0.0500848896434635,0.0528554070473874,0.0398989898989898,0.0611979166666667,0.0002791736460077
2020-12-02,0.0137429264349231,0.0092325447201384,0.0009713453132589,-0.0073619631901841,-0.005023723137036
2020-12-03,-0.0127591706539074,-0.0068610634648369,0.0,0.0222496909765141,0.0095371669004209
2020-12-04,0.0032310177705976,0.005181347150259,0.0053372149442019,-0.0060459492140264,-0.0288969158099471
2020-12-07,0.0152979066022544,0.0034364261168384,0.0028957528957529,0.0,-0.0025751072961374
2020-12-08,0.0055511498810467,-0.0108447488584475,-0.0067372473532242,0.0012165450121655,0.0152036718301777
2020-12-09,0.0141955835962144,-0.0023081361800345,0.0106589147286821,0.0,-0.0234529528115285
2020-12-10,0.0279937791601867,0.0433776749566223,0.0292425695110258,0.0133657351154312,0.0
2020-12-11,-0.0121028744326777,-0.0011086474501108,-0.0060549604098741,0.0047961630695445,0.0
2020-12-14,-0.0114854517611026,0.002219755826859,-0.0159325210871602,0.0,-0.0060763888888889
2020-12-15,0.0154918667699457,0.0055370985603544,0.0071428571428571,0.0095465393794749,0.0311499272197961
2020-12-16,0.0167810831426391,0.0231277533039646,0.0241134751773051,0.0082742316784867,0.007340485601355
2020-12-17,0.0150037509377343,0.0129171151776104,0.0,0.0,0.0339125560538116
2020-12-18,0.0133037694013304,-0.0079702444208288,-0.0018467220683286,0.0011723329425556,-0.0384928164814313
2020-12-21,-0.0277169948942378,-0.0241028387787896,-0.0226641998149862,-0.0011709601873536,-0.0112771356075556
2020-12-22,0.0060015003750937,0.0159165751920966,0.0061523899668718,-0.0117233294255568,0.0114057599087538
2020-12-23,-0.0007457121551081,0.0210696920583466,0.0155221072436499,0.0249110320284697,-0.002819283901889
2020-12-28,0.0179104477611939,0.0084656084656085,0.0152848540991199,0.0023148148148146,0.0395815662991236
2020-12-29,0.0109970674486803,0.0,-0.0041058394160585,0.0127020785219398,-0.0046233342398694
2020-12-30,-0.018854242204496,-0.0194123819517312,-0.0137425561154372,-0.0102622576966933,0.0079234972677595
2021-01-04,-0.0103473762010346,-0.0246120920278224,-0.0167208546214584,-0.0080645161290322,-0.0146381133098399
2021-01-05,0.0209111277072442,-0.0049369171695008,-0.002361832782239,-0.008130081300813,0.0613480055020632
2021-01-06,0.0153621068032188,0.0209481808158764,0.0227272727272727,0.0046838407494145,0.0295489891135303
2021-01-07,0.0,0.0286177105831533,0.0319444444444443,0.0337995337995336,0.0382678751258811
2021-01-08,0.0295389048991352,-0.0078740157480315,0.0031404217137729,-0.0090191657271702,0.0603782735208533
2021-01-11,-0.0258922323303008,-0.0148148148148147,-0.0196779964221823,-0.0318543799772468,-0.0306425794648981
2021-01-12,0.0438218390804596,0.0005370569280342,0.0041058394160584,0.0105757931844887,0.0349138947865061
2021-01-13,-0.0378527185134204,-0.0187869028448737,-0.0154475238527941,-0.0046511627906975,0.002279462046957
2021-01-14,0.0107296137339056,0.0317286652078774,0.0221504383940931,0.0315420560747663,-0.0045485558335227
2021-01-15,-0.0191082802547771,-0.0371155885471897,-0.0288939051918734,-0.0385050962627406,-0.0411240575736806
2021-01-18,0.0165945165945167,0.0044052863436121,-0.00325430032543,0.0,0.0700500357398141
2021-01-19,0.0035486160397446,-0.0186403508771929,-0.0079291044776119,-0.0141342756183746,-0.0282787797817857
2021-01-20,-0.0155586987270156,-0.0201117318435753,-0.0150446638457921,0.0,-0.0100824931255728
2021-01-21,-0.0258620689655172,-0.0176738882554161,-0.0152744630071599,-0.0143369175627239,-0.0118055555555556
2021-01-22,-0.0294985250737462,-0.0168311085316308,-0.0247212796897721,-0.0024242424242423,0.014991801358632
2021-01-26,0.0167173252279635,-0.0212514757969305,-0.0208747514910537,-0.0109356014580801,-0.0002307869836141
2021-01-27,-0.000747384155456,0.008443908323281,0.0035532994923856,0.0036855036855036,-0.007848568790397
2021-01-28,0.0097232610321615,0.0305023923444978,0.0384420839656045,0.0171358629130966,-0.003024662633783
2021-01-29,-0.0274074074074073,-0.0295995356935578,-0.0282513395031661,-0.0144404332129964,-0.0476079346557759
2021-02-01,0.0319878141660319,0.0215311004784688,0.0200501253132832,0.0024420024420026,0.0090664052928204
2021-02-02,0.0007380073800737,-0.0017564402810302,-0.0147420147420147,0.0170523751522531,0.0053423992229237
2021-02-03,0.0044247787610618,0.0058651026392959,-0.0034912718204488,-0.0047904191616765,0.0432367149758454
2021-02-04,-0.0051395007342143,0.0309037900874635,-0.0040040040040041,-0.0060168471720819,-0.0349617967122019
2021-02-05,-0.0051660516605166,-0.0067873303167421,-0.0050251256281406,0.0048426150121065,-0.0124760076775433
2021-02-08,-0.0370919881305638,-0.0176537585421411,-0.0181818181818181,-0.0156626506024096,0.011661807580175
2021-02-09,0.0015408320493066,0.0092753623188406,0.0061728395061726,0.0012239902080783,-0.00552353506244
2021-02-10,0.0030769230769229,-0.009764503159104,-0.006646216768916,-0.0122249388753056,0.0118328906061337
2021-02-11,-0.0038343558282207,0.0029002320185615,0.0005146680391148,0.0024752475247524,0.0112171837708829
2021-02-12,-0.0107775211701308,0.0017351069982649,-0.0010288065843621,-0.0049382716049382,-0.0037762567854613
2021-02-17,0.0326848249027238,-0.0098152424942263,0.0025746652935116,-0.0012406947890818,-0.031272210376688
2021-02-18,-0.0316503391107761,-0.0139941690962098,-0.000513610683102,-0.0037267080745343,-0.0068476400097823
2021-02-19,0.0070038910505836,-0.0035481963335304,-0.0082219938335046,-0.0037406483790523,-0.0017237133710908
2021-02-22,-0.0208655332302936,-0.0569732937685459,-0.055440414507772,-0.0162703379224029,-0.0061667488899852
2021-02-23,0.0071033938437252,0.0459408432976715,0.0581459133296762,0.0127226463104326,0.0114172251178952
2021-02-24,-0.0007836990595611,-0.0066185318892899,-0.0191809227579055,0.0037688442211054,0.0363190184049078
2021-02-25,-0.0345098039215685,-0.0254391278013326,-0.0269556025369979,-0.0250312891113893,-0.0831162680558844
2021-02-26,-0.0105605199025183,-0.0093225605966439,-0.0124932102118414,-0.017971758664955,-0.0180785123966941
2021-03-01,-0.018062397372742,-0.0326223337515683,-0.0280528052805278,-0.0274509803921568,0.0036822724881639
2021-03-02,0.0167224080267558,0.017509727626459,0.0362195812110921,0.032258064516129,-0.012054507337526
2021-03-03,0.0123355263157896,0.0203951561504143,0.0,0.0091145833333334,-0.0007957559681698
2021-03-04,0.043054427294882,0.0331043098063708,0.0191152375750955,0.0180645161290322,-0.0488452349349616
2021-03-05,0.0202492211838005,0.0550181378476422,0.0353697749196142,0.0190114068441062,-0.0025118615685179
2021-03-08,-0.0259541984732823,-0.0389684813753581,-0.0341614906832298,-0.048507462686567,-0.0534415221040851
2021-03-09,0.0321316614420061,0.001788908765653,0.012861736334405,0.0222222222222221,0.0339934968962458
2021-03-10,0.0075930144267273,0.0148809523809523,0.0063492063492063,0.0179028132992327,0.010863350485992
2021-03-11,-0.0120572720422004,0.0199413489736071,0.003154574132492,-0.0188442211055276,-0.0048076923076924
2021-03-12,-0.0038138825324178,-0.0138010350776309,-0.0041928721174003,0.0038412291933418,-0.0107985223074735
2021-03-15,0.0176110260336905,0.0099125364431487,0.0094736842105263,-0.0051020408163264,0.0290146509623669
2021-03-16,-0.0158013544018058,-0.0178983833718243,-0.0130344108446298,-0.0076923076923076,0.0025125628140703
2021-03-17,0.0244648318042812,0.0352733686067017,0.0274696249339672,0.0258397932816538,-0.0027847396268447
2021-03-18,-0.0082089552238806,0.0187393526405452,0.003598971722365,-0.0012594458438287,-0.0189891091873778
2021-03-19,0.0127915726109857,0.0061315496098104,0.0005122950819673,0.0,0.0019925989183033
2021-03-22,0.0029717682020802,-0.0038781163434903,0.0051203277009728,0.0151324085750317,-0.0090909090909091
2021-03-23,-0.0296296296296296,-0.0100111234705227,-0.0173204279164543,-0.0211180124223603,0.0045871559633026
2021-03-24,-0.0183206106870229,-0.0157303370786517,-0.010886469673406,-0.0050761421319797,-0.0154109589041095
2021-03-25,0.0124416796267496,0.0199771689497718,0.0146750524109016,0.0102040816326529,0.0078260869565218
2021-03-26,0.010752688172043,0.0083939563514268,0.015495867768595,0.0012626262626262,0.0235835490365257
2021-03-29,0.0098784194528873,0.0072142064372917,-0.0096642929806715,0.0126103404791928,-0.0084293340826075
2021-03-30,0.0195635816403312,0.0236914600550963,0.0190035952747817,-0.0074719800747197,0.041088126948144
2021-03-31,-0.0199261992619926,-0.0193756727664154,-0.0126008064516128,-0.0138017565872019,-0.0065323897659227
2021-04-01,-0.0188253012048192,-0.0345773874862788,-0.0250127616130677,-0.0089058524173027,0.0065753424657535
2021-04-05,0.0184190330007674,0.0119386014781126,0.0052356020942407,0.011553273427471,0.0247686445291235
2021-04-06,0.0075357950263752,-0.0196629213483147,-0.0109375,-0.0088832487309644,0.0023904382470121
2021-04-07,-0.0112191473448016,-0.0068767908309456,0.0,0.0025608194622279,-0.0121886592474828
2021-04-08,0.0151285930408471,-0.0011540680900172,-0.0100052659294364,-0.0051085568326947,0.0040236051502144
2021-04-09,-0.0052160953800298,-0.0075101097631425,-0.0042553191489362,-0.0038510911424903,-0.0125567726422655
2021-04-12,0.0097378277153559,0.0215366705471478,0.018162393162393,0.0077319587628865,0.0
2021-04-13,0.0074183976261126,-0.0056980056980058,0.0,-0.0063938618925831,-0.0070346320346319
2021-04-14,0.011782032400589,0.0097421203438397,0.0104931794333684,0.0077220077220077,0.0166212534059946
2021-04-15,0.0036390101892285,0.0034052213393869,0.0,0.0025542784163472,0.0273385151433931
2021-04-16,-0.0043509789702682,0.0141402714932126,0.0057113187954309,0.0,-0.0161753195930079
2021-04-19,-0.0043699927166788,-0.0122699386503066,-0.0092927207021166,-0.0050955414012738,-0.0161760806152214
2021-04-20,-0.0073152889539136,-0.015245623941276,-0.0062532569046378,-0.0025608194622278,-0.0253369272237198
2021-04-22,0.0176860722181282,-0.0080275229357797,-0.0005243838489775,0.0012836970474967,-0.013550884955752
2021-04-23,-0.0028964518464881,0.0190751445086703,0.0073452256033579,0.0012820512820512,0.0319596299411271
2021-04-26,-0.0159767610748001,0.0,-0.0046874999999999,0.0051216389244559,-0.0076066286335235
2021-04-27,-0.0199261992619926,-0.0085082246171298,-0.0115122972265828,-0.0063694267515923,-0.0082124281412538
2021-04-28,-0.0045180722891565,0.0480549199084667,0.0381154049761778,0.0166666666666666,-0.0138007176373171
2021-04-29,0.0030257186081694,-0.0338427947598254,-0.0229474757776644,-0.0113493064312736,-0.0277078085642316
2021-04-30,-0.0211161387631975,-0.0039548022598869,-0.0010438413361169,0.0,-0.0135290731145653
2021-05-03,-0.0092449922958398,0.0289279636982418,0.0146290491118077,0.0012755102040815,-0.015757222060111
2021-05-04,-0.0108864696734057,-0.0308710033076076,-0.0370751802265706,-0.014012738853503,-0.0219389267714199
2021-05-05,0.0149371069182389,0.006825938566553,0.0262032085561498,0.0077519379844961,0.0300090936647468
2021-05-06,0.0890782339271882,0.0033898305084747,-0.0130276185513288,0.0012820512820512,-0.0282519128899351
2021-05-07,0.0014224751066855,0.0090090090090089,0.0131995776135163,-0.0038412291933417,-0.0090854027861903
2021-05-10,0.0184659090909091,0.0228794642857141,0.017196456487754,0.0167095115681232,-0.0333129584352078
2021-05-11,0.0223152022315202,-0.0021822149481723,-0.005122950819672,0.0063211125158026,-0.0006323110970597
2021-05-12,0.0,-0.0213231273920175,-0.0144181256436664,-0.0188442211055276,-0.0316355583676052
2021-05-13,0.000682128240109,0.0307262569832402,0.0297805642633228,0.0217669654289374,0.0169879124469127
2021-05-14,0.0177232447171098,0.0065040650406504,0.015728056823947,0.0012531328320801,0.0093157725666559
2021-05-17,0.0127260549229737,0.0010770059235325,0.0049950049950051,0.0400500625782227,0.0022278803309991
2021-05-18,0.0013227513227513,0.0107584722969338,-0.0004970178926442,-0.0132370637785801,0.0073039060019053
2021-05-19,0.0079260237780713,0.0053219797764769,0.0089507707608154,0.003658536585366,-0.0245901639344261
2021-05-20,-0.001310615989515,0.0111169931180519,0.0103499260719566,0.0012150668286754,0.0080801551389786
2021-05-21,0.0039370078740157,0.0031413612565445,-0.0014634146341463,0.0072815533980583,-0.0048092337287592
2021-05-24,0.0013071895424836,0.0031315240083507,0.003419638495359,-0.008433734939759,0.029639175257732
2021-05-25,-0.0013054830287205,-0.0093652445369406,-0.0053554040895812,0.0048602673147022,0.0100125156445556
2021-05-26,-0.007843137254902,0.0236344537815125,0.0107684777288301,0.0120918984280531,-0.005266418835192
2021-05-27,0.0125164690382082,0.0030785017957928,-0.0033898305084746,-0.0155316606929508,0.0003114294612269
2021-05-28,0.0091086532205595,-0.0020460358056265,0.0092322643343052,0.0157766990291261,0.0485678704856786
2021-05-31,0.0058027079303675,0.0,0.0033702455464612,-0.0059737156511349,-0.0074228028503563
2021-06-01,0.0455128205128203,0.0179395181957968,0.0287907869481767,0.0300480769230768,0.0011965300628178
2021-06-02,0.0318822808093193,0.0302114803625377,0.0270522388059699,0.0140023337222869,-0.021511801613385
2021-06-04,0.0005941770647654,0.0053763440860215,0.0177111716621254,0.0241657077100116,0.0229007633587785
2021-06-07,0.0112826603325415,0.013612056392805,0.0209727800089245,0.0157303370786514,-0.0026865671641792
2021-06-08,-0.0005871990604815,-0.0038369304556356,-0.0074300699300698,-0.0165929203539821,-0.003292427416941
2021-06-09,-0.0141010575793183,-0.0139624458353393,0.0145310435931307,-0.0078740157480314,0.0069069069069069
2021-06-10,0.0005959475566148,0.00732421875,0.0013020833333334,0.0,-0.0092454518341784
2021-06-11,-0.0196545562835019,-0.0126030053320406,-0.012570437798006,-0.026077097505669,0.0081276339554485
2021-06-14,0.028554070473876,0.0,-0.0065847234416155,0.0,0.0197073753359211
2021-06-15,-0.0183106910809213,-0.0014727540500737,0.0004418912947414,0.0058207217694994,0.0163982430453881
2021-06-16,-0.0018050541516245,0.0019665683382497,0.0167844522968196,0.0011574074074074,-0.0175741861135119
2021-06-17,-0.0042194092827004,-0.0053974484789008,-0.0091225021720243,-0.0069364161849712,-0.0117302052785923
2021-06-18,-0.0133171912832928,-0.0143068574247656,-0.0227970188513809,-0.0046565774155994,0.0222551928783383
2021-06-21,-0.0018404907975461,-0.0005005005005005,0.0080753701211304,-0.0035087719298246,0.0017416545718431
2021-06-22,-0.0233558696988321,-0.0120180270405607,-0.0053404539385846,0.0,-0.0272384815995363
2021-06-23,-0.0163624921334172,-0.0015205271160669,-0.0085011185682327,-0.0058685446009388,-0.0098302055406612
2021-06-24,-0.0019193857965451,0.0,-0.0027075812274367,-0.0011806375442738,0.0111311672683513
2021-06-25,-0.0557692307692306,-0.0258883248730963,-0.0266968325791855,-0.0189125295508274,-0.0226123177625705
2021-06-28,0.031907671418873,-0.0072954663887441,-0.0106927010692701,-0.0120481927710844,0.0140030441400305
2021-06-29,-0.0118421052631578,-0.0083989501312335,-0.0070488721804512,-0.0036585365853657,0.0204142900030019
2021-06-30,-0.0126498002663115,-0.0116463737427209,-0.0066256507335542,-0.0061199510403917,-0.0291262135922331
2021-07-01,0.0074173971679027,-0.009641135511516,-0.0080990948070508,-0.0098522167487684,0.0166666666666666
2021-07-02,0.0133868808567605,0.0162249864791779,0.005763688760807,0.0136815920398012,0.0295081967213115
2021-07-05,0.0297225891677674,-0.0122405534858968,-0.0085959885386819,-0.0061349693251534,-0.009843659525188
2021-07-06,-0.0218088518280948,-0.0150862068965516,-0.0091522157996146,-0.0061728395061727,-0.0105263157894737
2021-07-07,0.0124590163934426,0.0076586433260394,0.0106951871657754,0.0211180124223602,0.0437352245862883
2021-07-08,-0.0233160621761657,-0.0146579804560261,-0.0096200096200096,-0.0012165450121653,-0.0368063420158549
2021-07-12,0.0172413793103447,0.0214876033057851,0.0150558523555124,0.0060901339829475,0.024397413286302
2021-07-13,0.0084745762711864,0.0032362459546926,0.0019138755980863,0.0096852300242131,-0.0111908177905308
2021-07-14,0.0058177117000646,0.0129032258064514,0.0076408787010506,0.0059952038369306,-0.0049332559489263
2021-07-15,-0.0160668380462725,-0.0047770700636942,-0.0199052132701422,-0.0119189511323005,-0.0023330417031204
2021-07-16,-0.0111038536903984,-0.0175999999999999,-0.0125725338491294,-0.0024125452352231,-0.0181233557439344
2021-07-19,-0.023778071334214,-0.01357220412595,-0.0097943192948091,-0.0217654171704957,-0.0032747841619531
2021-07-20,0.0013531799729364,0.0104567969179965,0.0173095944609298,0.0037082818294189,0.0107526881720432
2021-07-21,0.0094594594594594,0.0049019607843137,0.0019445794846864,0.0098522167487684,-0.0026595744680851
2021-07-22,-0.0093708165997321,-0.0097560975609756,-0.009704027171276,-0.0024390243902439,0.0186666666666668
2021-07-23,-0.0168918918918918,-0.0098522167487684,-0.0024497795198432,-0.0061124694376526,-0.0084351367073879
2021-07-26,0.0206185567010308,0.0071862907683801,0.0166994106090372,0.009840098400984,-0.0044001173364625
2021-07-27,-0.0101010101010101,0.0027442371020856,0.0096618357487923,0.0,-0.0073659398939304
2021-07-28,0.0244897959183674,0.0191570881226055,0.0339712918660286,0.0121802679658951,0.0816265954289106
2021-07-29,-0.0119521912350597,-0.0053705692803437,0.007866728366497,0.0,-0.0288144895718989
2021-07-30,-0.0282258064516128,-0.0248380129589633,-0.0096418732782369,-0.0228640192539111,-0.0115851935575022
2021-08-02,0.0131396957123097,0.0083056478405316,0.0092721372276309,0.0221674876847293,0.0308747855917668
2021-08-03,0.0122866894197952,0.0065897858319603,0.0082682590721174,0.0012048192771083,-0.0063782584581254
2021-08-04,-0.0256237356709373,-0.0354609929078013,-0.0291571753986332,-0.0168471720818291,-0.0094892548144012
2021-08-05,-0.0006920415224913,-0.0169683257918552,0.0093852651337402,0.0,-0.0059171597633136
2021-08-06,0.0290858725761773,0.0212888377445339,0.0209205020920502,0.018359853121175,0.0107709750566891
2021-08-09,0.003364737550471,-0.0011267605633802,0.0072859744990891,0.0120192307692306,-0.0022434099831744
2021-08-10,-0.0261569416498994,-0.0174844895657078,-0.013110307414105,-0.014251781472684,-0.0019673974142776
2021-08-11,-0.0082644628099173,0.0068886337543052,0.0105359596885021,0.0204819277108434,0.0016896648831314
2021-08-12,0.0006944444444443,-0.0102622576966933,-0.0167724388032637,-0.0318772136953956,-0.0177115546809109
2021-08-13,0.0041637751561416,0.0069124423963133,0.0115260488704471,0.0085365853658536,0.0074413279908416
2021-08-16,-0.0152038700760194,-0.0102974828375286,-0.013217866909754,-0.0108827085852478,-0.0380681818181819
2021-08-17,-0.0049122807017544,-0.000578034682081,0.0013856812933026,-0.0171149144254278,0.0079740106320143
2021-08-18,0.0091678420310297,-0.0133024869866975,0.0041512915129151,0.0161691542288557,-0.0319367125695869
2021-08-19,0.0440251572327043,0.0064478311840563,-0.0101056499770325,-0.0061199510403917,0.047820823244552
2021-08-20,0.0200803212851405,-0.0040768782760629,0.0051044083526681,-0.001231527093596,0.0225303292894281
2021-08-23,-0.010498687664042,0.001754385964912,0.0101569713758078,0.0012330456226881,-0.0062146892655366
2021-08-24,0.0132625994694959,0.0291885580852306,0.0205667276051189,0.0172413793103449,-0.0025582717453097
2021-08-25,-0.0006544502617801,-0.0028360748723766,0.0080609046126289,0.0012106537530265,0.0202336848104871
2021-08-26,-0.0261951538965291,-0.0199089874857791,-0.0164371390493114,-0.0120918984280531,0.0106145251396649
2021-08-27,-0.0040349697377268,0.0127684271619268,0.0126467931345981,0.0134638922888616,0.0035931453841901
2021-08-30,0.0081026333558404,-0.0085959885386818,-0.0017841213202498,-0.0108695652173912,-0.0060589369319746
2021-08-31,-0.0046885465505693,0.0086705202312138,0.0089365504915102,0.0122100122100121,-0.0304793571626489
2021-09-01,0.009421265141319,0.0011461318051575,0.0177147918511959,0.0156815440289506,0.0205773078022291
2021-09-02,-0.0433333333333333,-0.0377790497996565,-0.0391644908616188,-0.0285035629453681,-0.015121814617754
2021-09-03,0.002787456445993,0.0,-0.0181159420289854,-0.0085574572127139,0.0142166619277792
2021-09-06,0.0382209867963863,0.010113027959548,0.0221402214022139,0.0221948212083846,0.0036445192038125
2021-09-08,-0.0575635876840695,-0.0636042402826855,-0.0532490974729241,-0.0494571773220746,0.0027932960893854
2021-09-09,0.0063920454545454,0.0075471698113207,0.0147759771210675,0.0101522842639594,0.0646239554317549
2021-09-10,-0.0127028934368383,-0.0106117353308364,-0.0065758572099577,-0.0012562814070351,-0.0047095761381475
2021-09-13,0.0157255182273052,0.0170347003154573,0.0127659574468086,0.0062893081761006,0.0060462670872767
2021-09-14,0.0049261083743841,-0.0074441687344913,-0.007936507936508,0.01875,0.0125424614580611
2021-09-15,-0.0252100840336133,-0.0074999999999999,-0.0136470588235293,-0.0196319018404907,0.0116129032258065
2021-09-16,0.0064655172413792,-0.0188916876574307,0.0004770992366411,0.0025031289111387,0.0015306122448979
2021-09-17,-0.0235546038543896,-0.0282413350449293,-0.0267048164043871,-0.0187265917602995,-0.0178298522669382
2021-09-20,-0.0087719298245613,-0.0343461030383092,-0.0186183243508083,-0.0305343511450382,-0.0077800829875519
2021-09-21,0.0036873156342183,0.0129958960328318,-0.00099850224663,0.0170603674540681,0.0222164140094094
2021-09-22,0.0036737692872887,0.0222822417285617,0.0239880059970012,0.0154838709677418,0.0207108156481719
2021-09-23,0.0102489019033675,0.0343461030383089,0.0341630063445583,0.0190597204574332,0.0147795591182364
2021-09-24,-0.0028985507246377,-0.0134099616858237,-0.0136857008022653,-0.0124688279301745,0.0041964946926684
2021-09-27,-0.0007267441860464,0.0213592233009709,0.0263157894736842,0.0138888888888888,-0.0113077679449361
2021-09-28,-0.024,-0.0228136882129277,-0.0247086247086245,-0.0124533001245329,-0.0044753853804077
2021-09-29,0.0029806259314457,0.0149156939040207,0.0152963671128105,0.0163934426229508,-0.0197302697302697
2021-09-30,-0.0126300148588411,-0.0006389776357826,0.0028248587570622,0.0024813895781636,-0.0061146496815287
2021-10-01,-0.00150489089541,0.0217391304347827,0.032394366197183,0.0160891089108912,0.0135862599333504
2021-10-04,-0.0150715900527504,-0.0362953692115144,-0.0236471123237834,-0.0207064555420221,-0.0343955488113303
2021-10-05,0.0091813312930373,0.0227272727272727,0.0060549604098742,0.0087064676616914,-0.0322158198009427
2021-10-06,-0.0053070507960576,0.0044444444444444,0.0064814814814813,0.0049321824907522,-0.0005412719891746
2021-10-07,-0.0015243902439023,-0.0214917825537294,-0.0156393744250229,-0.0134969325153375,0.001083130246412
2021-10-08,0.0190839694656488,0.0155038759689922,0.005607476635514,0.0099502487562188,0.0292128753043008
2021-10-11,-0.0082397003745318,-0.0190839694656489,-0.0199814126394052,-0.0123152709359605,-0.0007884362680681
2021-10-13,0.0181268882175227,0.0051880674448767,-0.0009483167377903,0.0,0.0507627564439767
2021-10-14,-0.0014836795252225,-0.0096774193548386,-0.007593735168486,-0.0124688279301745,0.0005006257822277
2021-10-15,0.0022288261515601,0.0442996742671011,0.0191296030607364,0.0151515151515151,-0.0120090067550662
2021-10-18,0.0059303187546331,0.0106051154086086,0.011731581417175,0.0087064676616914,0.0060774879716383
2021-10-19,-0.0309506263817244,-0.0327160493827159,-0.0259740259740258,-0.0369913686806411,-0.0249181978353887
2021-10-20,0.0144486692015208,0.0325462667517548,0.0261904761904763,0.0256081946222792,0.0193598347960763
2021-10-21,-0.0142428785607195,-0.0247218788627936,-0.0129930394431555,-0.0436953807740324,-0.0189921499113699
2021-10-22,-0.0091254752851711,-0.0329531051964512,-0.0371415138692994,-0.0182767624020888,-0.0118740320082602
2021-10-25,0.0184190330007674,0.0163826998689384,0.02294921875,0.0199468085106382,0.016980146290491
2021-10-26,-0.0075357950263752,-0.0232108317214699,-0.0095465393794749,-0.0104302477183833,0.0028255843822244
2021-10-27,0.0037965072133636,0.0165016501650165,0.0033734939759035,0.0092226613965744,-0.0115266393442622
2021-10-28,0.0975794251134642,-0.0090909090909091,-0.0062439961575407,-0.0169712793733681,-0.034983156258098
2021-10-29,0.0172294968986905,-0.0235910878112712,-0.0198163363943933,-0.0185922974767597,-0.0220193340494092
2021-11-01,0.0216802168021681,0.0328859060402684,0.0359960552268245,0.0189445196211097,-0.00109829763866
2021-11-03,0.0271883289124668,-0.0025990903183886,0.0109471680152306,0.0146082337317396,0.019516217702034
2021-11-04,0.0032278889606196,-0.054071661237785,-0.0494350282485874,-0.0274869109947644,0.0010784578053384
2021-11-05,0.0006435006435008,0.0399449035812671,-0.0123823675086676,-0.0053835800807536,-0.0010772959870724
2021-11-08,-0.0090032154340836,-0.0192052980132449,-0.0025075225677031,-0.0108254397834912,-0.0153680237260717
2021-11-09,0.0084360804672289,-0.0081026333558407,-0.0105580693815988,-0.0095759233926128,-0.0082146768893758
2021-11-10,-0.0077220077220077,0.0469707283866576,0.0248983739837398,0.0193370165745856,-0.0140806184428492
2021-11-11,-0.0077821011673151,0.0097529258777633,0.0004957858205254,0.0,0.0061607392887146
2021-11-12,-0.0058823529411764,0.0038634900193175,-0.0014866204162538,0.0,-0.0233787920957415
2021-11-16,0.0,-0.0025657472738934,-0.0109181141439205,-0.0203252032520324,-0.0074095183813053
2021-11-17,0.0019723865877712,0.0032154340836012,-0.0015052684395384,0.0055325034578146,0.0109101349411426
2021-11-18,0.003280839895013,-0.0121794871794871,-0.0170854271356784,-0.0123796423658871,0.0042601533655211
2021-11-19,-0.0117724002616088,0.0019467878001298,-0.0015337423312882,0.0083565459610028,-0.0036764705882353
2021-11-22,-0.0039708802117801,-0.0129533678756476,-0.0015360983102918,-0.0151933701657458,-0.0312233891569683
2021-11-23,-0.0073089700996678,0.0242782152230971,0.0087179487179487,0.0140252454417952,-0.0146498681511866
2021-11-24,-0.0053547523427041,0.0179372197309417,0.0269445856634467,0.0152143845089902,-0.0184359203092477
2021-11-25,0.0074024226110365,0.0037759597230961,0.0084158415841584,0.0013623978201635,0.0078764010905787
2021-11-26,-0.0313961255845023,-0.0351097178683385,-0.0225822287677958,-0.020408163265306,-0.0327622482717163
2021-11-29,-0.0206896551724138,-0.0051981806367771,-0.0040180813661477,0.0041666666666666,-0.0083903045369795
2021-11-30,-0.0176056338028168,-0.0241672109732201,-0.0085728693898132,-0.0235131396957124,-0.0056408649326229
2021-12-01,-0.0121863799283153,-0.0053547523427041,-0.0035605289928789,0.0056657223796034,0.0078789788843365
2021-12-02,0.009433962264151,0.0497981157469717,0.0321592649310873,0.0309859154929579,0.007191994996873
2021-12-03,-0.0007189072609633,0.0032051282051281,0.0019782393669636,-0.012295081967213,0.001862775535548
2021-12-06,0.0050359712230216,0.0115015974440895,0.0088845014807501,0.0069156293222683,0.0071273628757357
2021-12-07,0.0014316392269146,-0.0132659507264687,-0.0136986301369863,0.0,0.0467692307692308
2021-12-08,-0.0014295925661186,-0.0025608194622278,-0.0089285714285713,-0.0027472527472528,0.0429159318048204
2021-12-09,-0.0164638511095204,-0.0301668806161746,-0.0225225225225225,-0.0137741046831955,0.0126832018038332
2021-12-10,0.0087336244541484,0.0,0.0005120327700971,0.0027932960893854,-0.0192040077929306
2021-12-13,0.0036075036075036,-0.0165453342157511,-0.0220061412487205,-0.0139275766016712,-0.0053916004540296
2021-12-14,0.0100647016534867,0.0141318977119784,0.0041862899005757,0.0240112994350283,-0.0088445078459342
2021-12-15,-0.0056939501779359,-0.0006635700066356,-0.0020844189682127,-0.0055172413793103,0.0092112838226827
2021-12-16,0.0014316392269146,0.0106241699867197,0.0099216710182767,0.001386962552011,-0.0002852253280092
2021-12-17,-0.0021443888491778,-0.028252299605782,-0.0227507755946225,0.0,-0.0211126961483593
2021-12-20,-0.002865329512894,-0.0189317106152805,-0.0116402116402115,-0.0152354570637118,-0.0233168172544449
2021-12-21,-0.0014367816091953,-0.0041350792556857,-0.0037473233404711,0.0056258790436005,-0.0026857654431511
2021-12-22,-0.0007194244604316,0.002076124567474,0.0091348737238043,-0.0125874125874126,-0.007181328545781
2021-12-23,0.0107991360691144,-0.0013812154696132,0.0042598509052182,0.0028328611898018,-0.0060277275467149
2021-12-27,-0.0014245014245013,0.0110650069156292,0.0095440084835631,0.002824858757062,-0.0090964220739842
2021-12-28,-0.0007132667617688,-0.0006839945280437,-0.0036764705882352,0.0112676056338028,0.0036719706242349
2021-12-29,-0.0042826552462527,-0.0075290896646131,-0.0031628887717447,0.0027855153203342,-0.0164634146341463
2021-12-30,-0.0021505376344085,-0.0062068965517241,-0.0116340560549973,-0.0097222222222222,0.0074395536267823
2022-01-03,-0.0057471264367816,0.0222068008327549,0.0160513643659709,-0.0112201963534361,-0.0292307692307691
2022-01-04,-0.0014450867052022,0.0047522063815343,0.0221169036334913,0.0056737588652482,-0.0050713153724247
2022-01-05,-0.0195369030390737,-0.0067567567567567,-0.0200927357032457,-0.001410437235543,-0.0525645109907614
2022-01-06,-0.0162361623616236,0.0108843537414966,0.0178759200841218,-0.0042372881355932,-0.0003362474781438
2022-01-07,-0.0157539384846212,0.0047106325706594,0.015495867768595,0.0241134751773048,-0.0252270433905146
2022-01-10,0.0083841463414635,0.0127260549229737,0.0055951169888097,-0.0055401662049862,-0.0289855072463768
2022-01-11,0.00151171579743,0.0099206349206348,0.0146686899342438,0.0083565459610028,0.0167022032693673
2022-01-12,0.0135849056603774,-0.0085134250163718,0.0004985044865404,0.0082872928176795,0.0408947920307585
2022-01-13,0.0074460163812359,0.011228533685601,0.0124564025909317,0.0246575342465753,-0.0419744795164539
2022-01-14,0.0073909830007392,0.0150228608752449,0.0004921259842518,0.0053475935828875,0.0602874167542937
2022-01-17,-0.0198092443140133,0.0057915057915058,-0.0029513034923757,-0.0093085106382977,-0.0115702479338843
2022-01-18,-0.0149700598802394,0.0057581573896352,0.0064134188455846,0.0174496644295301,0.0063545150501673
2022-01-19,-0.0022796352583586,-0.0012722646310433,-0.0078431372549019,0.0013192612137202,-0.0013293452974409
2022-01-20,-0.0038080731150038,-0.0044585987261145,-0.0083992094861659,0.0039525691699604,0.0079866888519133
2022-01-21,0.0137614678899082,-0.0051183621241203,0.0,-0.0170603674540682,-0.0042918454935622
2022-01-24,0.0007541478129713,0.0102893890675241,0.0,0.0,-0.0232095490716179
2022-01-25,0.0248681235870384,0.034373010821133,0.0313901345291478,0.0267022696929239,0.010183299389002
2022-01-26,-0.0044117647058823,0.0006153846153846,0.0096618357487923,0.0104031209362807,0.0178091397849462
2022-01-27,0.0265878877400296,0.0067650676506765,0.0071770334928231,0.005148005148005,0.0538131396500496
2022-01-28,-0.0302158273381294,0.0122174709835063,0.0123515439429928,0.0076824583866839,-0.0238095238095238
2022-01-31,0.0022255192878337,0.0108630054315026,0.015485687470671,0.0177890724269376,0.0170089858793325
2022-02-01,-0.00740192450037,0.0,0.0115526802218115,-0.0137328339575529,-0.0031555695803092
2022-02-02,-0.0223713646532438,-0.0167164179104478,-0.013248058474189,-0.0075949367088608,-0.0091801202912313
2022-02-03,-0.0045766590389014,0.0145719489981785,0.0083333333333333,0.0025510204081633,-0.0255591054313099
2022-02-04,-0.0030651340996169,0.001795332136445,0.005509641873278,0.020356234096692,-0.0032786885245902
2022-02-07,-0.0084550345887778,0.0017921146953405,-0.004566210045662,-0.0062344139650872,0.0049342105263159
2022-02-08,-0.0093023255813954,0.0035778175313059,0.0064220183486238,0.0025094102885823,-0.0252045826513911
2022-02-09,0.0273865414710485,-0.0879382055852643,-0.0396536007292617,-0.0112640801001251,0.0023505708529214
2022-02-10,0.0144706778370145,0.0078175895765473,0.0132890365448505,0.0126582278481011,-0.0184254606365159
2022-02-11,0.0075075075075075,0.0103425985778926,0.0496487119437938,0.0249999999999999,-0.0068259385665528
2022-02-14,0.0134128166915052,0.0076775431861804,-0.0075858991521643,0.0085365853658536,0.0305841924398624
2022-02-15,0.0205882352941177,0.0114285714285713,0.0112410071942445,0.0024183796856105,0.0803601200400132
2022-02-16,-0.0194524495677234,0.0081607030759571,-0.0040017785682525,0.0048250904704463,-0.0481481481481481
2022-02-17,-0.0146950771491549,-0.0099626400996263,-0.0183035714285714,-0.0168067226890756,-0.0207522697795071
2022-02-18,-0.005965697240865,0.0044025157232705,0.0050022737608004,0.0036630036630038,-0.0274834437086092
2022-02-21,-0.0217554388597149,-0.0162805259862242,-0.0199095022624434,-0.0291970802919708,-0.0027238678924073
2022-02-22,0.0184049079754602,0.0,0.0064635272391504,0.0,0.0003414134516901
2022-02-23,0.0067771084337349,-0.0120942075111394,-0.0114678899082568,-0.0137844611528822,-0.0313993174061434
2022-02-24,0.0022438294689604,-0.0225515463917526,-0.0208816705336426,-0.062261753494282,0.0250176180408738
2022-02-25,0.0238805970149253,0.0032959789057349,0.0151658767772511,0.0203252032520324,-0.0257820556892403
2022-03-02,-0.0444606413994169,-0.0085413929040736,-0.0172735760971055,-0.00265604249668,0.0289343683839096
2022-03-03,-0.0236460717009915,0.0125911199469848,0.0,0.0,0.0332647462277091
2022-03-04,-0.0171875,-0.0189790575916229,-0.1363420427553444,-0.0093209054593873,0.0082973780285429
2022-03-07,-0.0365659777424484,-0.1394262841894596,-0.0220022002200219,-0.0282258064516128,-0.0138248847926266
2022-03-08,0.0008250825082509,0.0085271317829456,-0.0028121484814398,-0.0110650069156292,0.0160213618157543
2022-03-09,0.0370981038746907,0.0576479631053035,0.0434292160180485,0.0489510489510489,0.0348226018396846
2022-03-10,-0.039745627980922,-0.0094476744186046,-0.0054054054054054,-0.012,-0.0292063492063492
2022-03-11,-0.0149006622516556,-0.0088041085840059,0.0,-0.0040485829959514,-0.0104643557880966
2022-03-14,0.0100840336134453,0.0103626943005181,0.0081521739130436,0.0040650406504065,-0.011566424322538
2022-03-15,0.0116472545757071,-0.0051282051282051,0.0053908355795146,-0.0040485829959514,-0.0267469073888332
2022-03-16,0.0230263157894736,0.0169366715758467,0.0246648793565684,0.0135501355013549,0.0590862246650634
2022-03-17,0.0112540192926045,0.00724112961622,0.0209314495028782,0.0227272727272727,0.0350308141420694
2022-03-18,0.0222575516693164,-0.0021567217828899,0.0087134802665298,0.0143790849673202,0.0056408649326231
2022-03-21,-0.004665629860031,0.0187319884726224,0.01880081300813,0.0219072164948452,-0.022125272670614
2022-03-22,0.0140624999999998,0.0127298444130126,0.0164588528678304,0.0176544766708701,0.0137029955385596
2022-03-23,-0.0130970724191062,-0.0055865921787709,-0.0058881256133462,0.003717472118959,-0.0075447972335742
2022-03-24,0.0007806401249024,0.0112359550561798,-0.0004935834155973,0.0037037037037037,0.0117199873297435
2022-03-25,0.0085803432137285,0.0131944444444445,0.0009876543209876,0.009840098400984,-0.0075140889167188
2022-03-28,0.0293890177880897,-0.004112405757368,-0.0004933399111987,-0.0133982947624848,0.0230283911671924
2022-03-29,0.0345604808414725,0.0123881624225741,0.0207305034550837,0.0160493827160495,0.0104841196423066
2022-03-30,-0.0058097312999273,-0.0040788579197824,0.0004835589941973,-0.0121506682867557,0.0057979859627708
2022-03-31,0.0153396639883127,-0.0109215017064846,-0.013533107781537,0.0024600246002459,0.0209344660194175
2022-04-01,-0.0007194244604316,-0.0069013112491372,0.0024497795198432,-0.0024539877300613,0.0148588410104011
2022-04-04,-0.0129589632829373,-0.0034746351633079,-0.0058651026392961,-0.0061500615006151,-0.0102489019033675
2022-04-05,-0.0080233406272794,-0.0264993026499301,-0.0255653883972467,-0.0148514851485148,-0.0112426035502957
2022-04-06,-0.0073529411764705,-0.0078796561604584,-0.003531786074672,-0.0037688442211055,-0.0086774386594853
2022-04-07,0.0074074074074073,0.0036101083032491,0.0,-0.0138713745271121,-0.0060368246302445
2022-04-08,-0.0088235294117646,0.0050359712230216,0.0030379746835442,0.0063938618925831,0.0006073489219557
2022-04-11,0.0178041543026705,0.0021474588403722,-0.0050479555779907,-0.0101651842439643,-0.0464339908952959
2022-04-12,-0.0094752186588922,-0.0071428571428571,-0.0167427701674277,-0.0012836970474967,-0.0057288351368556
2022-04-13,-0.0147167034584252,0.0100719424460431,0.0020639834881321,-0.012853470437018,0.0060819462227912
2022-04-14,-0.0089619118745333,0.0021367521367521,0.007209062821833,0.0013020833333334,-0.0085905186127903
2022-04-18,0.0007535795026374,0.0191897654584221,0.0030674846625768,0.0039011703511051,-0.0115532734274711
2022-04-19,-0.0037650602409637,-0.0174337517433751,-0.0127420998980631,-0.005181347150259,-0.0168831168831168
2022-04-20,0.0052910052910053,-0.0035486160397445,0.0010325245224573,-0.0013020833333332,0.0013210039630118
2022-04-22,0.0015037593984961,-0.0149572649572649,-0.0190820010314595,-0.0182529335071707,-0.0032981530343008
2022-04-25,0.0247747747747748,-0.005061460592914,0.003154574132492,0.0092961487383798,-0.0033090668431501
2022-04-26,-0.0241758241758242,-0.0377906976744185,-0.0303983228511529,-0.0355263157894736,-0.0395086321381142
2022-04-27,-0.0052552552552552,0.0,-0.0145945945945945,-0.0040927694406548,0.0553059108192188
2022-04-28,0.0022641509433962,-0.0090634441087613,-0.0087767416346681,0.0054794520547944,-0.016049787094661
2022-04-29,-0.0128012048192771,-0.0076219512195121,-0.0381848367459879,-0.0163487738419618,-0.0329560585885485
2022-05-02,-0.0038138825324178,-0.0084485407066051,0.0120828538550057,-0.0083102493074791,-0.0385542168674699
2022-05-03,-0.0153139356814702,0.0046475600309838,0.0056850483229107,-0.0181564245810055,-0.0182599355531685
2022-05-04,0.0069984447900466,0.0115651503469544,-0.001695873374788,0.0298719772403983,0.0185995623632384
2022-05-05,-0.0432432432432431,-0.0297256097560975,-0.0203850509626273,-0.031767955801105,-0.0268528464017185
2022-05-06,-0.0145278450363195,0.0196386488609583,0.0115606936416183,0.0042796005706133,-0.036055923473142
2022-05-09,0.0122850122850122,0.0146379044684128,-0.0062857142857142,-0.0213068181818182,-0.0179389312977098
2022-05-10,0.0024271844660195,0.0030372057706911,-0.0028752156411731,0.0014513788098695,-0.0202098717450446
2022-05-11,0.016142050040355,0.0166540499621496,0.0242214532871973,0.0,-0.0007933359777865
2022-05-12,0.0381254964257347,0.0052122114668653,0.0202702702702701,0.0173913043478259,0.0119094878920205
2022-05-13,0.0045906656465188,0.0140740740740741,0.0104856512141278,0.0071225071225071,0.0035307963907413
2022-05-16,0.0099009900990099,0.0219138056975896,0.0043691971600219,0.0212164073550211,-0.0113369820172009
2022-05-17,0.0030165912518853,0.0192994996426019,0.014138118542686,0.002770083102493,0.0268880980624752
2022-05-18,-0.0345864661654136,-0.0182328190743338,-0.0134048257372654,-0.0096685082872928,-0.0177127454755485
2022-05-19,-0.0054517133956386,-0.0021428571428571,-0.0005434782608694,-0.0041841004184101,-0.0341042728341827
2022-05-20,-0.0086139389193421,0.0193271295633499,0.0092441544317563,0.0168067226890755,0.0178571428571427
2022-05-23,0.0039494470774092,-0.0245786516853931,0.0253232758620691,0.0096418732782368,0.0223285486443383
2022-05-24,0.0039339103068449,0.019438444924406,0.0168155543878087,-0.0013642564802182,-0.0183307332293291
2022-05-25,-0.0070532915360501,-0.0098870056497175,-0.019638242894057,-0.0081967213114755,-0.0294000794596742
2022-05-26,0.0126282557221784,0.0042796005706133,0.0094886663152344,-0.002754820936639,0.0155546459271387
2022-05-27,0.0,0.0071022727272727,0.0083550913838119,-0.0082872928176795,0.0201531640467553
2022-05-30,-0.0085736554949337,-0.0077574047954865,-0.0051786639047124,-0.0055710306406685,-0.0260766495456341
2022-05-31,0.0070754716981131,0.0127931769722813,0.0088495575221239,0.0014005602240896,-0.0064908722109533
2022-06-01,-0.0046838407494145,-0.016140350877193,-0.0128998968008255,0.0027972027972027,0.0330747243772968
2022-06-02,0.0,0.0007132667617688,0.0,0.0083682008368202,0.0043478260869564
2022-06-03,-0.0031372549019607,-0.0057020669992872,-0.0151594354417144,-0.0262793914246196,-0.016922471467926
2022-06-06,-0.002360346184107,-0.0064516129032258,0.0,0.0127840909090908,0.0024019215372297
2022-06-07,-0.0228706624605677,-0.0086580086580085,0.0026539278131634,-0.005610098176718,-0.0011980830670925
2022-06-08,0.0024213075060532,-0.0109170305676856,-0.0179989412387506,-0.004231311706629,-0.0595761695321872
2022-06-09,-0.0104669887278583,0.0007358351729211,-0.0204851752021563,-0.01699716713881,0.0046768707482993
2022-06-10,-0.001627339300244,-0.0124999999999999,-0.0236653824986242,-0.0014409221902018,-0.0211595429538722
2022-06-13,-0.0195599022004889,-0.0163812360387192,-0.0163472378804959,-0.01010101010101,-0.0073497622135754
2022-06-14,-0.0133000831255195,-0.0075700227100682,-0.0034383954154727,-0.0087463556851312,0.0178571428571427
2022-06-15,-0.0067396798652064,0.0076277650648362,-0.0023001725129384,-0.0014705882352941,-0.0102695763799743
2022-06-17,-0.0025445292620864,-0.015897047691143,-0.0121037463976946,0.0147275405007363,-0.0488543017725896
2022-06-20,0.0017006802721089,0.02,0.0425904317386232,-0.0072568940493468,0.0559090909090909
2022-06-21,0.0093378607809848,-0.0075414781297133,-0.0044767767207611,-0.0014619883040934,0.0495049504950495
2022-06-22,0.0100925147182504,-0.0053191489361702,-0.010680157391793,0.0,0.0192780968006562
2022-06-23,0.0016652789342215,-0.0236822001527884,-0.0232954545454545,-0.0043923865300147,0.0048289738430582
2022-06-24,0.0257689110556942,-0.0015649452269169,-0.0023269342641072,-0.0161764705882352,0.0212254705646777
2022-06-27,0.0040518638573745,0.0086206896551723,0.0110787172011661,0.0044843049327354,-0.0184313725490196
2022-06-28,-0.0145278450363195,-0.0093240093240092,-0.0063437139561706,-0.0029761904761904,0.0083899320815021
2022-06-29,0.0065520065520063,-0.0149019607843137,-0.0092861288450377,-0.0104477611940299,-0.0043581616481774
2022-06-30,-0.0154597233523189,-0.0230891719745223,-0.018746338605741,-0.009049773755656,0.0159172304019101
2022-07-01,0.0264462809917356,0.0024449877750611,0.0029850746268658,-0.0136986301369862,0.0019584802193497
2022-07-04,-0.0056360708534621,-0.0105691056910569,-0.006547619047619,0.0061728395061726,-0.0003909304143862
2022-07-05,0.0299595141700406,0.0032867707477404,0.005991611743559,-0.0061349693251532,0.0199452483378959
2022-07-06,0.0102201257861633,-0.0032760032760033,-0.0065515187611673,-0.0030864197530865,0.0030674846625766
2022-07-07,0.0,0.0123253903040263,0.0179856115107914,0.0154798761609906,0.0187308868501527
2022-07-08,0.0054474708171206,0.0040584415584414,0.0017667844522968,0.0045731707317073,-0.0123827392120073
2022-07-11,-0.0147058823529411,-0.01535974130962,-0.0123456790123457,-0.015174506828528,-0.0288753799392097
2022-07-12,-0.0219952867242734,-0.0032840722495893,-0.0005952380952382,-0.0107858243451464,0.0003912363067293
2022-07-13,0.0562248995983936,-0.0189456342668863,-0.0023823704586062,-0.0124610591900311,0.0050840829096596
2022-07-14,0.0190114068441065,-0.0218303946263643,-0.0143283582089551,0.0063091482649841,-0.0120622568093384
2022-07-15,-0.0171641791044776,0.0085836909871244,0.0193821926105388,0.0219435736677116,0.005513981882631
2022-07-18,-0.0068337129840546,0.0076595744680851,0.0083184789067143,0.0015337423312884,-0.0160595377986682
2022-07-19,-0.0007645259938837,0.0346283783783782,0.0271066588096642,0.0183767228177642,0.0322452229299361
2022-07-20,-0.0122417750573833,-0.0163265306122448,-0.0166379804934021,-0.0030075187969925,-0.0362514462013112
2022-07-21,0.0178156467854377,0.0124481327800829,0.0093348891481914,0.009049773755656,-0.0252100840336133
2022-07-22,-0.0030441400304415,-0.0081967213114754,-0.0086705202312139,-0.0089686098654708,0.0201149425287356
2022-07-25,0.0114503816793893,0.0107438016528926,0.0134110787172012,0.0015082956259426,0.0301810865191147
2022-07-26,0.009811320754717,-0.0024529844644318,-0.0046029919447639,0.0,-0.0109375
2022-07-27,0.0104633781763825,0.0057377049180327,-0.0011560693641617,0.0105421686746989,0.0256714060031595
2022-07-28,0.0081360946745563,0.0040749796251018,0.0057870370370369,0.0074515648286139,0.0396611474778592
2022-07-29,-0.0110051357300073,0.0040584415584414,0.0017261219792865,0.0147928994082842,0.0037037037037037
2022-08-01,-0.0200296735905044,-0.0024252223120452,-0.0051694428489373,-0.0335276967930029,-0.0055350553505535
2022-08-02,0.0052990158970476,0.0153970826580227,0.0109699769053117,0.0165912518853694,0.0178107606679034
2022-08-03,-0.0052710843373492,0.0119712689545092,0.0074243289548827,0.0014836795252224,-0.009114108640175
2022-08-04,0.0030280090840271,0.0244479495268139,0.0198412698412697,0.0029629629629628,0.0246504782928624
2022-08-05,-0.0052830188679245,0.0092378752886834,0.0155642023346305,0.0132939438700148,0.000718132854578
2022-08-08,0.0136570561456752,0.0,0.0109469074986316,0.0043731778425655,0.0312163616792249
2022-08-09,-0.0037425149700598,0.0152555301296721,0.0276123443421765,0.0174165457184325,-0.0052192066805845
2022-08-10,0.0285499624342597,0.0157776108189331,0.0168598524762908,0.0,0.037075900664568
2022-08-11,-0.0021913805697588,0.0051775147928994,0.004663212435233,0.0,-0.01787521079258
2022-08-12,0.0051244509516836,0.0183958793230316,0.0087674058793192,0.0114122681883024,0.0257554945054945
2022-08-15,0.0138383102694827,-0.0122832369942196,0.00920245398773,-0.004231311706629,-0.0180783394710413
2022-08-16,0.0050287356321838,0.0175566934893929,0.0111448834853091,0.0070821529745044,0.0081827480395499
2022-08-17,0.0035739814152966,0.0035945363048166,0.003006012024048,-0.0028129395218003,-0.0054108894149476
2022-08-18,0.0284900284900284,0.0042979942693408,-0.0019980019980019,0.0,0.0136008160489629
2022-08-19,-0.0207756232686979,-0.0135520684736091,-0.012012012012012,0.002820874471086,-0.0322039584032203
2022-08-22,-0.0155586987270156,-0.0108459869848156,-0.0111448834853089,-0.0056258790436005,-0.030155979202773
2022-08-23,0.0014367816091953,0.0051169590643274,0.0,-0.0028288543140029,-0.0050035739814152
2022-08-24,0.0229555236728837,-0.0036363636363636,0.0066598360655736,-0.0042553191489361,-0.0003591954022988
2022-08-25,0.0014025245441795,0.0072992700729928,0.0091603053435114,0.0085470085470085,0.0053898670499461
2022-08-26,-0.0091036414565826,-0.0050724637681159,-0.0030257186081693,-0.0112994350282485,-0.0046461758398855
2022-08-29,-0.0042402826855123,0.0029133284777858,-0.0045523520485584,0.0,-0.015439856373429
2022-08-30,-0.0141944641589779,-0.0007262164124909,-0.002540650406504,0.0014285714285713,0.00072939460248
2022-08-31,-0.0071994240460764,-0.0174418604651163,-0.0193581253183902,-0.0057061340941512,-0.0036443148688046
2022-09-01,0.0101522842639594,0.0,0.0072727272727273,-0.0114777618364418,0.0032918800292611
2022-09-02,0.0028715003589376,0.0066568047337278,0.0144404332129963,0.0159651669085632,0.063069631790011
2022-09-05,0.0050107372942016,0.0080822924320353,0.0106761565836297,0.0128571428571429,0.0229766803840876
2022-09-06,0.0007122507122507,-0.0094752186588922,-0.0030181086519114,-0.007052186177715,-0.0197787462286288
2022-09-08,-0.0042704626334519,-0.0036791758646064,-0.003531786074672,0.0,-0.002735978112175
2022-09-09,0.0142959256611865,0.0096011816838996,0.0060759493670885,0.0,0.008230452674897
2022-09-12,-0.0007047216349541,0.0131675201170446,0.0075490689481629,0.0213068181818181,0.0414965986394557
2022-09-13,-0.0077574047954865,-0.0129963898916967,-0.0074925074925074,-0.0166898470097357,-0.0349444807315479
2022-09-14,-0.013503909026297,-0.0058522311631309,-0.0065425264217414,0.0,0.0003384094754652
2022-09-15,-0.005043227665706,-0.0044150110375276,0.0005065856129686,-0.0014144271570014,-0.0199594046008119
2022-09-16,-0.0014482259232441,-0.0103473762010346,-0.0020253164556961,-0.0070821529745042,0.0155333103210217
2022-09-19,0.013052936910805,0.0246452576549665,0.028411973617453,0.0299572039942939,0.0040788579197823
2022-09-20,0.0186113099498925,0.0364431486880465,0.0281203749383325,0.023545706371191,0.0172647257955316
2022-09-21,-0.0133520730850317,-0.0063291139240506,-0.00383877159309,-0.0040595399188091,0.0016638935108153
2022-09-22,0.0078347578347579,0.0198159943382871,0.0154142581888245,0.0285326086956521,-0.0053156146179401
2022-09-23,-0.0190812720848055,-0.0208188757807078,-0.0142314990512332,-0.0250990752972259,-0.0143620574482298
2022-09-26,-0.0064841498559079,-0.021970233876683,-0.0206929740134744,-0.0230352303523034,0.0
2022-09-27,0.0108774474256707,-0.0079710144927537,-0.0068796068796068,-0.0110957004160887,-0.0155879362927821
2022-09-28,0.0179340028694403,0.0036523009495983,-0.0054428500742206,0.0098176718092566,0.0089500860585196
2022-09-29,-0.0070472163495418,0.0109170305676855,0.0149253731343281,0.0069444444444444,-0.0058000682360968
2022-09-30,-0.0042583392476934,0.0028797696184303,0.0034313725490195,0.0165517241379311,0.0662319835277969
2022-10-03,0.0484675694939416,0.0660445082555636,0.0527601367855399,0.0597014925373133,0.0447376890891535
2022-10-04,-0.0033990482664854,-0.0047138047138047,0.0060324825986077,-0.0089628681177976,-0.0098582871226124
2022-10-05,-0.0075034106412005,0.0155615696887685,0.0,0.003875968992248,0.0127566894835096
2022-10-06,-0.0054982817869415,-0.0119920053297801,-0.0119926199261991,-0.0025740025740025,0.0018433179723502
2022-10-07,-0.0380096751900483,-0.0242751180040458,-0.0032679738562091,-0.0116129032258064,-0.0113462128181538
2022-10-10,-0.0143678160919539,-0.009675190048376,-0.0121779859484778,0.0,0.027605459057072
2022-10-11,-0.0138483965014578,-0.0097697138869504,-0.002370791844476,-0.0078328981723237,-0.01086628433444
2022-10-13,0.001478196600148,-0.0126849894291755,-0.0071292775665398,-0.0039473684210525,-0.0125114433933476
2022-10-14,-0.0118081180811808,-0.0042826552462527,0.0009573958831976,-0.0079260237780713,-0.0182323856613102
2022-10-17,0.0059746079163554,0.007168458781362,0.005738880918221,0.0199733688415446,0.0226628895184137
2022-10-18,-0.0014847809948033,0.0092526690391459,0.0204469805040419,0.0156657963446475,0.0283164050477067
2022-10-19,-0.0007434944237918,0.007052186177715,0.0027958993476233,0.0089974293059125,0.0026938042502246
2022-10-20,0.0104166666666667,0.0133053221288517,0.0162639405204461,-0.0025477707006369,0.0002985074626864
2022-10-21,0.0176730486008835,0.0262612301313061,0.0288065843621398,0.0421455938697317,0.0155177558937631
2022-10-24,-0.0086830680173661,-0.0464646464646464,-0.0324444444444445,-0.034313725490196,-0.0079341757272994
2022-10-25,-0.0175182481751823,-0.0070621468926553,-0.0041341295360587,-0.0050761421319797,0.0038507109004739
2022-10-26,0.0126300148588409,-0.0391180654338549,-0.0184501845018449,-0.0153061224489795,0.0835054588374151
2022-10-27,0.0308143800440205,0.0192450037009621,0.0112781954887217,0.0142487046632124,0.0223311546840958
2022-10-28,0.0135231316725978,0.0079883805374001,0.0037174721189592,0.0038314176245211,-0.0093233883857218
2022-10-31,0.0140449438202245,0.0252161383285303,0.0249999999999999,0.0279898218829515,0.0470556601236891
2022-11-01,-0.013157894736842,0.004216444132115,-0.005420054200542,0.0012376237623761,-0.0215716486902927
2022-11-03,0.0147368421052631,-0.020293911826452,0.0036330608537693,0.0049443757725589,0.0199475065616796
2022-11-04,0.0269709543568463,-0.0021428571428571,0.0027149321266968,-0.0036900369003691,0.0149253731343284
2022-11-07,-0.0053872053872053,-0.0264853256979241,-0.0189530685920578,-0.0037037037037036,0.0025354969574036
2022-11-08,0.0230196343940418,-0.0058823529411764,-0.0009199632014719,-0.0086741016109046,-0.0025290844714214
2022-11-09,-0.0152217074784909,-0.1597633136094675,-0.0511049723756905,-0.03125,-0.0048174442190668
2022-11-10,-0.0295698924731183,-0.0316901408450703,-0.0116448326055311,-0.0270967741935483,-0.0336305732484076
2022-11-11,0.0062326869806093,0.0118181818181819,-0.0201276386843397,0.0172413793103447,0.0192459794358026
2022-11-14,-0.0089470061940811,0.0071877807726863,0.0,-0.0208604954367666,0.0168132436627006
2022-11-16,-0.0319444444444445,-0.0062444246208742,-0.0130260521042084,-0.0066577896138482,-0.0480793691172729
2022-11-17,-0.0028694404591104,0.014362657091562,0.001015228426396,-0.0026809651474529,0.0219134152859432
2022-11-18,0.014388489208633,0.0044247787610618,0.0086206896551725,0.0,-0.0070606694560669
2022-11-21,0.00354609929078,-0.0079295154185021,-0.0055304172951231,0.0094086021505375,0.0055306821174612
2022-11-22,-0.0007067137809186,0.0008880994671403,-0.0075834175935288,0.0013315579227695,-0.0149292823467783
2022-11-23,0.0035360678925033,-0.0035492457852706,-0.009679062659195,-0.0146276595744679,0.0010635469290081
2022-11-24,0.0204369274136717,0.0178094390026712,0.023662551440329,0.0242914979757085,0.0209827357237715
2022-11-25,-0.0165745856353591,-0.0131233595800525,-0.0206030150753768,0.005270092226614,-0.0166493236212279
2022-11-28,0.0084269662921347,-0.00354609929078,-0.0118009235505386,-0.0157273918741809,-0.0410052910052909
2022-11-29,-0.0090529247910863,0.0160142348754448,0.0046728971962617,-0.0013315579227696,0.0057931034482758
2022-11-30,0.0098383696416022,0.0315236427320488,0.014470284237726,0.0333333333333334,0.034009873834339
2022-12-01,0.010438413361169,-0.0246179966044142,-0.0005094243504838,-0.032258064516129,-0.0175066312997348
2022-12-02,0.0151515151515151,-0.0026109660574411,0.0035677879714577,0.0053333333333334,0.0091792656587474
2022-12-05,-0.0189959294436905,-0.0261780104712042,-0.0182833925850687,-0.0145888594164457,-0.0275548421615837
2022-12-06,0.0020746887966804,0.0143369175627239,0.0087946197620281,-0.0026917900403767,0.0030261348005502
2022-12-07,-0.0034506556245686,-0.0053003533568904,0.0015384615384614,0.0067476383265856,-0.0120680197476685
2022-12-08,-0.0186980609418282,-0.0177619893428063,-0.0327700972862263,-0.0067024128686327,-0.0016657412548585
2022-12-09,-0.0119971771347917,-0.0072332730560579,-0.0074113287453679,-0.00944669365722,-0.0025027808676307
2022-12-12,-0.0171428571428571,-0.0191256830601094,-0.0138666666666668,-0.0054495912806539,-0.0278784499581823
2022-12-13,0.0021802325581394,-0.0287836583101206,-0.0308274743104378,-0.0164383561643836,-0.007743045597935
2022-12-14,-0.0094271211022479,0.0229445506692158,0.0106026785714283,0.0362116991643455,0.0355491329479766
2022-12-15,-0.0087847730600293,-0.0121495327102802,0.007730535615682,-0.0134408602150538,0.0005581914596708
2022-12-16,-0.0096011816838994,0.0056764427625355,0.0038356164383561,-0.0054495912806539,0.010041841004184
2022-12-19,0.0253542132736763,0.0197554092191909,0.0152838427947599,0.0205479452054795,0.0193316763325046
2022-12-20,0.0036363636363636,0.0322878228782288,0.0225806451612902,0.0080536912751676,0.0081278786236793
2022-12-21,-0.0115942028985507,0.0062555853440571,0.0089379600420611,0.0026631158455392,-0.0008062348830959
2022-12-22,0.0043988269794721,0.0035523978685614,0.0026055237102655,-0.00132802124834,0.0139860139860141
2022-12-23,0.0138686131386862,0.0132743362831857,0.0135135135135135,0.0066489361702128,-0.0114058355437666
2022-12-26,-0.0064794816414687,-0.0235807860262008,-0.0128205128205127,0.011889035667107,-0.0080493694660586
2022-12-27,0.0,0.0062611806797854,-0.0088311688311689,-0.0234986945169712,-0.0045983229645658
2022-12-28,0.0021739130434781,0.031111111111111,0.0256813417190777,0.0120320855614972,0.0182065217391305
2022-12-29,-0.002169197396963,-0.0051724137931035,-0.00204394481349,-0.0052840158520475,-0.0050707232452628
2023-01-02,-0.022463768115942,-0.0207972270363949,-0.0194572452636969,-0.0079681274900399,-0.0104613733905579
2023-01-03,-0.0014825796886582,-0.0469026548672567,-0.018798955613577,-0.0120481927710842,-0.024939007861209
2023-01-04,0.0051967334818112,0.0083565459610028,0.0010643959552953,-0.0027100271002709,0.0066722268557131
2023-01-05,0.0029542097488921,0.0331491712707183,0.0292397660818712,0.0217391304347824,0.0022093344380005
2023-01-06,0.0022091310751104,0.0267379679144383,0.0129132231404958,0.0013297872340425,0.0146045742628824
2023-01-09,0.0051432770022041,0.0017361111111111,0.0025497195308517,0.0079681274900398,-0.002987506789788
2023-01-10,0.010233918128655,0.0207972270363951,0.0162767039674465,0.010540184453228,-0.0095341868700626
2023-01-11,-0.0173661360347322,0.0110356536502547,0.025025025025025,0.0,0.0277777777777776
2023-01-12,-0.0132547864506626,-0.0201511335012594,-0.001953125,-0.0026075619295957,-0.0024083489430023
2023-01-13,-0.0156716417910448,0.0034275921165383,-0.011252446183953,-0.0026143790849674,0.0120708154506437
2023-01-16,-0.0492797573919636,-0.022203245089667,-0.0197921820880753,-0.018348623853211,-0.0328650940895837
2023-01-17,0.0502392344497608,0.0069868995633188,0.0206966178697627,0.014686248331108,0.016442861057824
2023-01-18,-0.0053151100987092,0.0112749349522984,0.0049455984174084,0.0078947368421053,-0.0083580479913724
2023-01-19,-0.0106870229007632,0.0042881646655232,-0.0049212598425197,0.0052219321148825,-0.0021750951604132
2023-01-20,-0.0077160493827161,-0.0187873612297182,-0.0133531157270029,-0.0129870129870131,-0.0152588555858311
2023-01-23,-0.0085536547433903,-0.0322019147084422,-0.0235588972431076,-0.006578947368421,0.0011068068622024
2023-01-24,0.0141176470588235,0.0116906474820144,-0.0015400410677618,-0.0013245033112582,-0.0041459369817578
2023-01-25,0.0077339520494972,0.0017777777777776,0.0061696658097687,-0.0079575596816975,0.0405217873993895
2023-01-26,0.002302379125096,-0.0026619343389528,-0.0040878896269801,0.0,-0.0133368898372899
2023-01-27,-0.0068912710566615,-0.0204626334519573,-0.0251410979989737,-0.0053475935828877,-0.0078399567450662
2023-01-30,-0.0084811102544334,0.0018165304268846,0.0010526315789474,0.004032258064516,-0.0147138964577658
2023-01-31,0.0093312597200623,0.0226654578422484,0.0115667718191376,-0.0053547523427041,0.023783185840708
2023-02-01,-0.0346687211093991,-0.0132978723404254,-0.0077962577962576,-0.0215343203230148,0.0040518638573743
2023-02-02,-0.0055865921787707,0.0062893081761004,0.002095337873232,0.001375515818432,-0.0091471616895346
2023-02-03,-0.0096308186195827,-0.0214285714285712,-0.0020909566126502,-0.0013736263736264,-0.0035297311973933
2023-02-06,0.0024311183144245,0.001824817518248,0.0083813514929282,-0.0041265474552956,-0.0089918256130792
2023-02-07,-0.004042037186742,-0.0063752276867031,-0.0145454545454546,-0.0179558011049724,0.0027495188342041
2023-02-08,0.0170454545454543,0.0357470210815766,0.0653663679493938,0.0675105485232065,-0.0002741979709349
2023-02-09,-0.0127693535514764,-0.0230088495575222,-0.0227610094012865,-0.0144927536231883,0.0085024684585848
2023-02-10,-0.0121261115602262,-0.0606884057971014,-0.0060759493670886,-0.0200534759358289,0.0163176502583626
2023-02-13,0.0212765957446807,0.0289296046287368,0.0336220071319408,0.0218281036834924,-0.0005351886540003
2023-02-14,-0.0104166666666667,-0.0018744142455482,-0.0118284869393788,0.0093457943925232,-0.0056224899598393
2023-02-15,0.0178137651821863,0.0187793427230045,0.0104738154613466,-0.0026455026455025,0.0134625740441571
2023-02-16,-0.0111376292760541,0.0073732718894008,0.0069101678183611,0.0053050397877985,-0.0023910733262487
2023-02-17,0.0088495575221239,-0.000914913083257,0.0034313725490195,-0.0118733509234828,0.0215712383488682
2023-02-22,0.0007974481658692,-0.0155677655677655,-0.0210063507572056,-0.0080106809078772,-0.0252867570385818
2023-02-23,0.0031872509960158,0.001860465116279,0.0039920159680639,0.0067294751009421,0.0219309975929393
2023-02-24,0.005559968228753,-0.0204271123491178,-0.0273359840954274,-0.0334224598930481,-0.0096833289714733
2023-02-27,0.0055292259083727,-0.0009478672985783,-0.0112416964741951,-0.0221300138312586,-0.001585623678647
2023-02-28,-0.0007855459544383,-0.0123339658444021,0.0031007751937983,0.0084865629420083,0.0092641609317098
2023-03-01,0.0062893081761006,-0.0009606147934677,-0.011334363730036,-0.0098176718092567,0.0057697351167058
2023-03-02,-0.025,-0.0163461538461537,-0.023970818134445,-0.0226628895184134,-0.0057366362451107
2023-03-03,-0.001602564102564,-0.0029325513196482,0.0,0.0144927536231882,-0.008130081300813
2023-03-06,0.0296950240770463,0.0294117647058824,0.00747463961559,0.01,0.0150713907985193
2023-03-07,-0.0054559625876851,0.0142857142857142,0.0105988341282459,0.0028288543140027,0.0041677520187548
2023-03-08,0.0141065830721003,0.0262910798122064,0.0131095962244363,0.0112834978843441,0.0145265888456551
2023-03-09,-0.0015455950540957,-0.0045745654162853,-0.0129399585921324,-0.0041841004184101,-0.0076706724622858
2023-03-10,-0.0061919504643962,-0.0266544117647059,-0.0230728893550079,-0.0098039215686274,-0.0079876320535945
2023-03-13,0.0070093457943924,-0.0084985835694051,-0.0128824476650563,-0.0183875530410183,0.0064935064935065
2023-03-14,0.025522041763341,-0.0066666666666667,-0.0027188689505166,0.0028818443804032,0.0116129032258065
2023-03-15,0.004524886877828,0.0191754554170662,0.0010905125408942,-0.0014367816091953,-0.0045918367346938
2023-03-16,0.0172672672672673,0.0150517403574785,0.002723311546841,0.0100719424460431,0.0056381342901075
2023-03-17,-0.0029520295202952,-0.031510658016682,-0.0222705051602389,-0.0128205128205127,-0.010703363914373
2023-03-20,-0.006661732050333,-0.0038277511961721,-0.0005555555555556,-0.0115440115440115,-0.002833590932509
2023-03-21,-0.0119225037257824,-0.0028818443804033,0.0133407448582547,0.0058394160583941,0.0064582795143373
2023-03-22,0.0,-0.0077071290944122,-0.0032912781130004,0.0043541364296082,-0.0110369609856262
2023-03-23,-0.0120663650075414,-0.0223300970873786,-0.0242157402311503,-0.0115606936416184,0.0093433688035295
2023-03-24,0.0076335877862594,0.0139026812313804,0.015228426395939,0.0175438596491228,0.0156852661352533
2023-03-27,0.0030303030303031,0.0137120470127325,0.0127777777777777,0.0043103448275862,0.0167088607594936
2023-03-28,0.047583081570997,-0.004830917874396,0.0065825562260011,0.0028612303290413,0.0044820717131475
2023-03-29,0.0144196106705118,0.0106796116504854,0.0054495912806538,0.0,0.0086762518591967
2023-03-30,0.0007107320540156,0.0268972142170988,0.0292682926829268,0.0085592011412269,0.0031948881789138
2023-03-31,-0.0326704545454545,-0.0065481758652946,0.0052659294365455,0.0084865629420083,-0.0313571778539931
2023-04-03,0.0,-0.022598870056497,-0.0303823991618648,-0.0112201963534361,-0.0237733940313605
2023-04-04,0.0066079295154186,0.0154142581888245,0.0216099405726633,0.0085106382978723,0.0010362694300518
2023-04-05,-0.0021881838074399,0.0009487666034158,-0.0021152829190903,-0.0042194092827004,-0.0222567287784678
2023-04-06,0.0021929824561404,-0.009478672985782,-0.0026497085320614,-0.0056497175141243,-0.0034409740603494
2023-04-10,0.0021881838074397,0.0057416267942584,0.0085015940488841,0.0028409090909089,-0.0058432934926958
2023-04-11,0.0225618631732169,0.0409134157944814,0.0321390937829293,0.0339943342776203,0.0181672455249799
2023-04-12,-0.001423487544484,0.006398537477148,0.0102092904543134,0.0178082191780821,0.0167934925216479
2023-04-13,-0.0114041339985745,0.0099909173478656,-0.0055583628094997,0.0040376850605652,-0.0092903225806451
2023-04-14,0.0036049026676279,0.0008992805755396,0.0142276422764229,0.0067024128686326,-0.0156290700703308
2023-04-17,0.007183908045977,-0.0017969451931717,-0.0030060120240481,-0.0026631158455392,0.0185234188938874
2023-04-18,-0.0085592011412267,-0.0045004500450044,0.0,-0.0040053404539386,-0.0051961548454144
2023-04-19,-0.0028776978417266,-0.0198915009041591,-0.0165829145728642,-0.0040214477211796,-0.00417863671977
2023-04-20,0.0007215007215006,0.0119926199261992,0.0015329586101175,-0.0067294751009421,0.0293731969577759
2023-04-24,-0.0173035328046141,-0.0082041932543299,-0.0081632653061224,0.0094850948509486,0.0022929936305733
2023-04-25,-0.0036683785766691,0.015625,0.0087448559670781,-0.0013422818791946,0.0048296898830706
2023-04-26,-0.0058910162002945,-0.0180995475113122,-0.0076491585925547,-0.0067204301075269,-0.0106248418922337
2023-04-27,-0.0029629629629629,0.0138248847926267,0.0174717368961974,0.013531799729364,0.0058808488877526
2023-04-28,0.0,0.0136363636363636,0.0121212121212119,0.006675567423231,0.0190645653279104
2023-05-02,0.0066864784546805,-0.0260089686098655,-0.0354291417165668,-0.0291777188328912,-0.0072337241207285
2023-05-03,0.0228782287822877,0.003683241252302,-0.0082772891877908,-0.0013661202185792,-0.022613065326633
2023-05-04,0.0028860028860029,0.0229357798165137,0.0041731872717787,0.0136798905608754,-0.0149100257069407
2023-05-05,-0.0093525179856115,0.0367713004484304,0.03012987012987,0.0202429149797569,-0.0020876826722338
2023-05-06,0.0559186637618009,0.1089965397923875,0.1094301563287949,0.1679894179894181,0.0274581589958158
2023-05-08,-0.0515818431911967,-0.0795631825273011,-0.0809090909090909,-0.1381653454133634,-0.027233392720794
2023-05-09,-0.0007251631617113,0.0101694915254235,0.0098911968348172,0.0078843626806832,0.0170068027210883
2023-05-10,-0.0072568940493468,0.0025167785234898,0.0166503428011752,0.0104302477183833,-0.0128633907898122
2023-05-11,0.0073099415204678,0.0066945606694561,0.008188824662813,0.0090322580645161,-0.0007818608287722
2023-05-12,-0.0036284470246733,-0.0016625103906898,-0.0043000477783086,-0.0115089514066496,-0.0104329681794471
2023-05-15,0.0116533139111434,0.0124895920066612,0.0028790786948176,0.003880983182406,0.0187137585661572
2023-05-16,-0.0014398848092153,-0.0098684210526316,-0.0057416267942582,-0.0077319587628865,0.0015523932729626
2023-05-17,-0.0021629416005767,0.009966777408638,0.0067372473532243,0.0155844155844155,-0.0059416171531905
2023-05-18,-0.0007225433526011,0.0024671052631577,-0.0014340344168261,-0.0038363171355498,-0.004158004158004
2023-05-19,0.002169197396963,0.0114848236259228,-0.0119674485399712,-0.0025673940949936,0.0211377870563675
2023-05-22,0.0021645021645022,-0.0040551500405515,-0.010658914728682,-0.0025740025740025,0.0056222846920521
2023-05-23,-0.0014398848092153,0.006514657980456,0.0024485798237021,0.001290322580645,-0.0033036848792884
2023-05-24,0.0043258832011536,-0.0210355987055016,-0.0058622374206154,-0.0103092783505154,-0.0099439061703212
2023-05-25,0.0057430007178751,0.0165289256198348,0.0285012285012284,0.015625,-0.0195724954931753
2023-05-26,0.0014275517487507,-0.0016260162601626,-0.0047778308647874,-0.0051282051282051,0.0118203309692672
2023-05-29,0.0,0.0,-0.0086413826212193,-0.0012886597938144,-0.0158359293873314
2023-05-30,-0.0192444761225943,-0.0187296416938109,-0.0048426150121064,-0.001290322580645,-0.0139804800844103
2023-05-31,-0.0050872093023256,-0.0099585062240664,-0.0116788321167884,-0.0142118863049095,-0.0189941144997325
2023-06-01,-0.0116873630387144,0.0075440067057837,0.0103397341211226,0.0091743119266054,-0.011180801745296
2023-06-02,0.0155210643015522,0.0274542429284525,0.0136452241715401,0.0259740259740259,0.0129619415333701
2023-06-05,-0.0036390101892286,0.0121457489878542,0.0100961538461539,0.0025316455696202,-0.001089028042472
2023-06-06,0.0284879474068664,0.0207999999999999,0.0028557829604949,0.0,0.0152630144453529
2023-06-07,0.0021306818181818,0.0031347962382446,0.0004746084480302,0.0012626262626262,-0.0013422818791946
2023-06-09,0.0198440822111978,0.0218749999999998,0.0203984819734346,0.0163934426229508,-0.0091397849462366
2023-06-12,0.0013898540653232,-0.0091743119266054,-0.0046490004649001,-0.0049627791563277,-0.0013564839934887
2023-06-13,0.0069396252602358,0.0015432098765431,0.0028024287716019,0.0112219451371571,-0.0105949470252648
2023-06-14,0.0041350792556857,0.0030816640986131,0.0186306474149977,0.0135635018495685,0.013728720483251
2023-06-15,-0.0089224433768017,0.0046082949308756,0.0160036579789664,0.0182481751824816,-0.0005417118093175
2023-06-16,-0.0083102493074791,0.0,-0.0036003600360035,-0.009557945041816,0.000271002710027
2023-06-19,0.0027932960893854,0.0206422018348624,0.0225835591689249,0.0241254523522316,-0.0048767271742075
2023-06-20,0.0020891364902506,0.0014981273408238,-0.0030918727915194,0.0058892815076558,-0.0190579907432615
2023-06-21,0.0090340514246003,0.0074794315632014,0.0079751883030572,0.0058548009367682,-0.0135997779628088
2023-06-22,0.0179063360881541,-0.0178173719376392,-0.0013186813186814,-0.0151338766006984,-0.0014068655036577
2023-06-23,-0.0040595399188091,-0.0030234315948601,-0.0013204225352111,0.00354609929078,0.0056353902507746
2023-06-26,-0.0095108695652174,0.0,-0.002644336712208,-0.0035335689045935,-0.0039226674138413
2023-06-27,0.0027434842249656,0.0015163002274451,-0.0070702607158639,-0.0059101654846336,0.0028129395218003
2023-06-28,-0.0109439124487003,-0.0128690386071159,-0.0071206052514464,-0.0107015457788347,0.0019635343618513
2023-06-29,0.0,0.0122699386503066,0.0076199013895115,0.0204326923076922,0.0072788353863382
2023-06-30,0.0124481327800829,0.0106060606060607,0.001779359430605,-0.0035335689045935,0.0247359644246802
2023-07-03,0.0,0.012743628185907,0.0146536412078153,0.0153664302600471,-0.0016273393002439
2023-07-04,-0.0170765027322404,-0.009622501850481,-0.0013129102844638,-0.0093131548311991,-0.0133116001086661
2023-07-05,0.0041695621959694,0.0014947683109118,0.0065731814198071,0.0117508813160986,0.0082599118942729
2023-07-06,-0.0249134948096885,-0.0231343283582089,-0.0004353504571178,-0.0104529616724738,-0.0161114145275804
2023-07-07,0.0014194464158978,0.009931245225363,0.0126306620209057,0.0070422535211267,0.0027754648903692
2023-07-10,0.0106307583274274,0.0007564296520423,-0.0098924731182795,0.006993006993007,-0.0190977027401053
2023-07-11,-0.0252454417952313,-0.0090702947845805,-0.0121633362293658,-0.0243055555555556,-0.0093115124153498
2023-07-12,0.0043165467625898,-0.0061022120518687,-0.0070360598065083,-0.0035587188612098,0.003133010538308
2023-07-13,0.0050143266475644,0.0207214121258634,0.0075287865367583,0.0190476190476189,0.0
2023-07-14,-0.0014255167498218,-0.0045112781954887,-0.0101098901098901,-0.0105140186915887,-0.0017035775127769
2023-07-17,0.004996431120628,0.0120845921450152,0.0137655417406747,0.0106257378984651,-0.0196245733788394
2023-07-18,-0.0099431818181818,-0.0044776119402984,-0.005694261936049,0.0023364485981307,0.0182767624020887
2023-07-19,-0.0028694404591104,-0.0022488755622188,-0.0079295154185021,-0.0058275058275059,0.0547008547008547
2023-07-20,0.0201438848920862,0.0060105184072125,0.0150976909413853,0.0070339976553341,0.0067531064289572
2023-07-21,0.0253878702397742,0.0283793876026885,0.0096237970253718,0.0093131548311991,0.0190501744030049
2023-07-24,-0.0116918844566712,-0.0174291938997821,-0.0082322357019063,-0.0057670126874279,0.0721432332806741
2023-07-25,-0.0062630480167014,-0.0051736881005172,0.0004368719965048,0.0185614849187936,-0.0250491159135558
2023-07-26,-0.0028011204481792,0.0081723625557206,0.0008733624454149,-0.0056947608200453,-0.0005037783375315
2023-07-27,-0.0189606741573032,-0.0221075902726602,-0.0126527050610821,-0.0114547537227949,-0.0032762096774193
2023-07-28,0.0178954903364352,0.0135644310474754,0.0048608042421565,0.0092699884125144,-0.0007585335018961
2023-07-31,-0.0070323488045007,0.0066914498141263,0.0004397537379068,-0.0068886337543054,-0.0098684210526316
2023-08-01,0.0077903682719546,-0.0029542097488921,-0.0004395604395605,0.0,-0.0015333503705596
2023-08-02,0.0049191848208012,0.0022222222222221,0.0017590149516271,0.0080924855491328,0.0043511645764013
2023-08-03,-0.027972027972028,-0.0103473762010346,-0.0087796312554874,-0.0057339449541284,0.0099388379204892
2023-08-04,0.0057553956834532,-0.0470500373412995,-0.007971656333038,-0.0092272202998846,0.0103456977037597
2023-08-07,-0.0021459227467811,-0.0070532915360501,-0.0017857142857142,0.0069848661233993,0.0019980019980019
2023-08-08,-0.0121863799283153,-0.0031570639305444,-0.009391771019678,-0.0127167630057805,-0.0064805583250249
2023-08-09,-0.0079825834542814,-0.0071258907363421,-0.0090293453724604,-0.0093676814988288,0.0027596588058202
2023-08-10,-0.0007315288953912,0.0103668261562999,-0.0004555808656035,-0.0070921985815602,-0.0130097573179883
2023-08-11,-0.000732064421669,-0.0047355958958169,-0.0054694621695533,0.0047619047619047,-0.0111533586818759
2023-08-14,-0.0021978021978023,-0.0007930214115781,-0.0091659028414298,0.0,-0.0123045372981286
2023-08-15,-0.0095447870778266,-0.0055555555555555,-0.0013876040703053,-0.0035545023696681,0.001038152089281
2023-08-16,-0.000741289844329,-0.0151636073423782,-0.0050949513663732,0.0011890606420927,-0.0440757065076484
2023-08-17,0.0022255192878337,-0.0178282009724474,-0.0032588454376164,-0.013064133016627,-0.018714401952807
2023-08-18,0.0103626943005181,0.0082508250825084,0.0060719290051376,-0.0036101083032492,-0.0176893311221669
2023-08-21,-0.0036630036630037,-0.0057283142389525,-0.0125348189415042,-0.006038647342995,-0.0059088351153629
2023-08-22,0.0073529411764705,0.0065843621399177,0.0173953925716972,0.0097205346294046,0.0118879139541465
2023-08-23,0.0021897810218978,0.0114472608340145,0.0083179297597042,0.0156438026474126,-0.0005594405594406
2023-08-24,-0.0174799708667152,-0.019401778496362,-0.0137488542621448,-0.0059241706161136,-0.0128743352924711
2023-08-25,-0.0140845070422535,-0.0057708161582852,-0.0088289962825279,-0.0083432657926102,0.0104905018429259
2023-08-28,0.0150375939849622,0.0199004975124377,0.0229723394280356,0.0132211538461537,0.0072951739618405
2023-08-29,0.0037037037037037,0.0081300813008129,0.0100824931255727,0.00355871886121,-0.0036211699164344
2023-08-30,-0.0051660516605166,-0.0137096774193548,-0.0154264972776769,-0.0141843971631206,-0.0053117137265866
2023-08-31,-0.024480712166172,-0.0114472608340148,-0.0119815668202764,-0.0107913669064747,-0.0115233277121977
2023-09-01,0.0022813688212928,-0.0024813895781636,0.0041977611940298,0.0109090909090909,0.0019903326698891
2023-09-02,0.0523520485584219,0.0986733001658375,0.0854621458430098,0.1318944844124701,0.0198637911464243
2023-09-04,-0.0504686373467916,-0.0935849056603773,-0.0791613179289688,-0.125,-0.0144685587089592
2023-09-05,0.0106302201974184,-0.0116569525395504,-0.0185873605947954,-0.0108958837772397,-0.0062111801242236
2023-09-06,-0.0015026296018032,-0.0143218197135636,-0.0061553030303032,-0.0159118727050184,-0.0099431818181818
2023-09-08,-0.020316027088036,0.0,0.001905669366365,-0.0049751243781093,-0.0043041606886656
2023-09-09,0.0529953917050691,0.0940170940170941,0.0865430337612933,0.1387499999999999,0.0216138328530259
2023-09-11,-0.038657913931437,-0.07265625,-0.0660831509846827,-0.1031833150384192,-0.0245416078984486
2023-09-12,-0.011380880121396,0.0101095197978096,0.0070290534208059,0.0073439412484701,0.0106998264893003
2023-09-13,-0.005372217958557,0.0025020850708923,0.0088413215449045,0.0060753341433776,0.0357653791130185
2023-09-14,-0.0077160493827161,0.0041597337770382,0.0,0.001207729468599,-0.0229281767955802
2023-09-15,-0.0085536547433903,-0.0057995028997515,0.0027675276752767,-0.0012062726176115,0.0005654509471304
2023-09-18,-0.0023529411764705,0.0016666666666667,0.000919963201472,0.001207729468599,-0.0087595365922578
2023-09-19,0.0031446540880502,-0.0083194675540765,0.0027573529411764,-0.0024125452352231,0.0054161915621437
2023-09-20,0.0031347962382446,0.0016778523489933,0.0091659028414299,0.007255139056832,-0.0053870144598811
2023-09-21,-0.0171875,-0.042713567839196,-0.0236148955495004,-0.0144057623049218,-0.0225199543899657
2023-09-22,-0.0087440381558028,0.0008748906386701,-0.0093023255813953,-0.0133982947624848,-0.0110819480898222
2023-09-25,0.0072173215717723,-0.005244755244755,0.004225352112676,0.0074074074074075,0.0462990268357417
2023-09-26,-0.0135350318471337,-0.0140597539543058,-0.0126227208976157,-0.0147058823529413,-0.0014092446448702
2023-09-27,-0.0048426150121065,0.0,-0.0004734848484849,0.0012437810945276,-0.0016934801016088
2023-09-28,0.0008110300081103,0.0213903743315508,0.0151586925627664,0.003726708074534,0.0101781170483461
2023-09-29,0.0097244732576986,0.0095986038394415,0.0018665422305179,0.0086633663366337,-0.0033585222502098
2023-10-02,-0.0016051364365972,-0.0155574762316335,-0.0093153237074987,-0.0134969325153375,-0.0030890199382196
2023-10-03,-0.0032154340836012,-0.0149253731343284,-0.008462623413258,-0.0074626865671639,-0.0273239436619717
2023-10-04,0.0120967741935484,0.0285204991087342,0.0175438596491228,0.0062656641604008,-0.0002896032435563
2023-10-05,-0.0239043824701196,0.0017331022530331,0.0144454799627213,0.0062266500622665,-0.0049246813441483
2023-10-06,0.0228571428571429,0.0008650519031141,0.0101056499770326,0.0049504950495049,-0.005240174672489
2023-10-09,-0.0007980845969672,0.0,-0.0072760345611642,-0.0135467980295566,0.0014632718759144
2023-10-10,0.005591054313099,0.0077787381158167,0.0036646816307834,0.0162297128589263,0.0128579777907655
2023-10-11,0.0031771247021445,0.0094339622641508,0.0082154267457781,0.0085995085995085,-0.0037507212925561
2023-10-13,-0.0229612034837688,-0.0144435004248087,-0.0031688546853779,-0.0109622411693058,-0.0179554011004924
2023-10-16,0.0016207455429497,0.0112068965517242,-0.0036330608537692,-0.001231527093596,0.003243880861103
2023-10-17,-0.0161812297734627,-0.0110826939471441,-0.0104831358249771,-0.0221948212083846,-0.0105820105820108
2023-10-18,-0.0205592105263158,-0.011206896551724,-0.0133578995854444,0.0163934426229508,0.0002970885323827
2023-10-19,-0.0008396305625524,0.0061028770706188,0.0074696545284778,-0.0074441687344913,-0.0100980100980101
2023-10-20,-0.0025210084033614,-0.0121317157712304,-0.0013901760889711,-0.0124999999999999,-0.0039003900390037
2023-10-23,-0.0008424599831508,0.000877192982456,-0.0037122969837587,0.0063291139240506,0.0027108433734939
2023-10-24,0.003372681281619,0.0017528483786151,-0.0018630647414997,0.0037735849056603,0.0327425653349355
2023-10-25,-0.0067226890756302,-0.0061242344706912,-0.0023331777881474,-0.0050125313283208,-0.1012216404886563
2023-10-26,0.015228426395939,0.0237676056338029,0.0243217960710944,0.0176322418136019,0.037864077669903
2023-10-27,-0.0266666666666667,-0.0171969045571798,-0.0118721461187213,-0.0198019801980198,-0.0314936077330839
2023-10-30,0.0059931506849315,-0.0078740157480314,-0.0064695009242143,-0.01010101010101,0.0209272376046363
2023-10-31,0.04,-0.0079365079365079,-0.0153488372093022,0.0025510204081633,0.0220750551876378
2023-11-01,0.0098199672667758,0.0142222222222221,0.0193670288143597,0.0114503816793893,0.0021598272138227
2023-11-03,0.0235008103727716,0.0482033304119193,0.0227062094531975,0.0289308176100628,0.0135467980295567
2023-11-06,0.0166270783847979,0.0025083612040133,0.010421386497508,0.0061124694376528,-0.0094167679222357
2023-11-07,0.0046728971962617,0.0208507089241034,0.0264573991031389,0.0170109356014578,-0.0153327200245323
2023-11-08,-0.0023255813953488,0.0065359477124182,0.0069899519440803,0.007168458781362,-0.0077857365306758
2023-11-09,-0.01010101010101,0.0032467532467532,0.0039045553145335,0.0011862396204032,-0.0012554927809165
2023-11-10,-0.0039246467817897,-0.0129449838187701,0.0086430423509074,0.0082938388625593,0.0235700817096164
2023-11-13,0.0055161544523247,-0.0147540983606556,0.0008568980291345,0.0047003525264395,-0.0135093644458089
2023-11-14,0.0203761755485893,0.0232945091514145,0.0059931506849315,0.0116959064327484,0.022408963585434
2023-11-16,-0.0023041474654377,0.0276422764227641,0.0144680851063829,0.0335260115606934,0.000608828006088
2023-11-17,-0.0053887605850654,-0.0031645569620254,0.0054530201342282,-0.0022371364653243,-0.0063888043808945
2023-11-20,0.0,-0.0007936507936507,0.0037546933667083,0.0044843049327354,0.0064298836497245
2023-11-21,-0.011609907120743,-0.0031771247021444,-0.0016625103906898,0.0033482142857141,0.0054761180407667
2023-11-22,0.01018010963195,0.0183266932270915,0.0091590341382181,-0.0100111234705227,0.0130105900151284
2023-11-23,-0.0015503875968991,0.0187793427230047,0.0078382838283828,0.0067415730337079,-0.0011947431302269
2023-11-24,-0.0124223602484472,0.0061443932411673,-0.0012279983626688,-0.0089285714285713,-0.0098684210526315
2023-11-27,0.0149371069182389,-0.0091603053435114,-0.0004098360655736,0.0067567567567565,0.0123829658713381
2023-11-28,0.0046475600309838,0.0053929121725733,0.0032800328003279,0.0078299776286354,0.0068615751789975
2023-11-29,-0.0254433307632999,-0.0061302681992336,0.0093992644053944,-0.0022197558268589,-0.0071111111111111
2023-11-30,0.0292721518987342,0.0092521202775635,0.0101214574898784,0.028921023359288,0.0017905102954343
2023-12-01,0.0284396617986164,0.0061115355233001,0.0088176352705411,-0.0021621621621621,0.0172773309502531
2023-12-04,-0.0014947683109118,0.0030372057706911,0.0039729837107667,0.0054171180931743,-0.0005856515373351
2023-12-05,0.0127245508982036,0.0075700227100681,0.007123070834982,0.0161637931034484,0.0155288602402576
2023-12-06,-0.0169992609016997,-0.0127723516153268,-0.0157170923379174,-0.0265111346765641,0.0025966532025389
2023-12-07,0.0060150375939849,0.0030441400304412,0.0131736526946106,0.0076252723311547,-0.0008633093525179
2023-12-08,0.0164424514200298,0.0106221547799696,0.0098502758077225,0.0064864864864866,-0.0201612903225805
2023-12-11,0.000735294117647,-0.0060060060060059,-0.0046820132657041,-0.0053705692803437,0.006466784244562
2023-12-12,-0.0066127847171197,0.0022658610271901,0.0007840062720501,-0.0053995680345571,0.0046728971962615
2023-12-13,0.0332840236686391,0.0346646571213262,0.0262436349392869,0.0238870792616718,0.0293604651162791
2023-12-14,-0.0136005726556908,0.0233066278222868,0.0106870229007633,0.0201484623541887,0.0064953402993506
2023-12-15,-0.002177068214804,0.0128113879003557,-0.0052870090634441,-0.007276507276507,-0.0072951739618405
2023-12-18,0.0058181818181817,0.004216444132115,0.0075930144267273,0.0052356020942407,0.0022611644997172
2023-12-19,0.010122921185828,0.0076976906927923,-0.0007535795026375,-0.0010416666666666,0.0104342921601803
2023-12-20,-0.0164638511095204,-0.0138888888888889,-0.006787330316742,-0.0041710114702814,-0.0069773932458833
2023-12-21,-0.0029112081513829,-0.0007042253521126,0.0041761579347001,0.007329842931937,0.0061832490163011
2023-12-22,0.0007299270072993,0.0147991543340382,0.0079395085066162,0.0103950103950105,0.0033519553072627
2023-12-26,0.0043763676148795,0.003472222222222,0.0116279069767442,0.0144032921810697,0.0058463251670379
2023-12-27,0.0050835148874364,0.0076124567474049,0.0055617352614016,0.0111561866125762,0.0033213396069746
2023-12-28,-0.0079479768786127,0.0041208791208791,0.0014749262536872,-0.0150451354062186,0.0016551724137932
2024-01-02,-0.0014566642388929,-0.0116279069767442,-0.0114138438880706,-0.0122199592668025,-0.0090884053979621
2024-01-03,-0.0080233406272794,0.0006920415224913,-0.0022346368715084,0.0010309278350517,0.0075041689827684
2024-01-04,0.0036764705882352,-0.0131396957123098,-0.0175438596491227,-0.0144181256436664,-0.0132413793103447
2024-01-05,-0.0036630036630037,0.0168185003503853,0.0201367781155015,0.0156739811912225,-0.0106234274531731
2024-01-08,0.0080882352941178,-0.003445899379738,-0.0052141527001862,-0.0041152263374486,0.0025430912687198
2024-01-09,-0.0065645514223195,-0.0262793914246196,-0.0052414825907899,-0.0010330578512396,-0.0248027057497179
2024-01-10,0.0102790014684288,-0.0170454545454545,0.0037636432066241,-0.0031023784901756,0.0043352601156068
2024-01-11,-0.0145348837209301,-0.0014450867052022,-0.0014998125234346,-0.0031120331950208,-0.0141007194244604
2024-01-12,0.002212389380531,-0.0086830680173661,0.0018775816748028,0.0031217481789802,-0.0043782837127845
2024-01-15,0.0,0.0029197080291971,0.0052473763118441,0.0051867219917012,-0.0099677513925533
2024-01-16,-0.0176600441501103,-0.0160116448326055,-0.0137956748695003,-0.0103199174406604,-0.0207284572105419
2024-01-17,0.0059925093632959,0.0014792899408284,-0.0034026465028355,-0.0020855057351407,-0.0063501663138796
2024-01-18,-0.0067014147431124,-0.0110782865583455,-0.0056904400606979,-0.0052246603970742,-0.0079123554473523
2024-01-19,0.0007496251874061,-0.0097087378640777,0.0064860740175505,-0.005252100840336,0.0104294478527606
2024-01-22,0.0007490636704119,-0.004524886877828,-0.0102350265352539,-0.0021119324181627,-0.0030358227079536
2024-01-23,0.0007485029940119,0.0015151515151516,0.0034469551895826,0.0042328042328043,0.0115712545676003
2024-01-24,-0.0127150336574419,-0.0052950075642965,-0.0003816793893128,-0.0094836670179135,-0.0087296809151113
2024-01-25,0.0,-0.0022813688212928,-0.0034364261168384,-0.002127659574468,-0.0066808381415122
2024-01-26,0.0,0.0038109756097561,0.011494252873563,0.0053304904051172,-0.0024457352491592
2024-01-29,0.0037878787878788,-0.0037965072133637,-0.0022727272727272,0.0063626723223755,0.0024517315353969
2024-01-30,-0.0158490566037736,-0.0045731707317072,-0.0083523158694001,-0.0094836670179135,-0.0076429226536227
2024-01-31,0.0030674846625766,0.003062787136294,0.006125574272588,0.0085106382978723,-0.0197165742452248
2024-02-01,-0.0007645259938837,0.0045801526717557,0.0060882800608828,0.00210970464135,0.0087994971715901
2024-02-02,0.0,-0.0060790273556231,-0.0034039334341906,0.0063157894736842,-0.001246105919003
2024-02-05,0.0015302218821728,0.0198776758409786,0.0125237191650853,0.0041841004184099,0.0205864004990641
2024-02-06,0.0106951871657754,0.0434782608695651,0.0446026986506746,0.0385416666666666,-0.0006112469437651
2024-02-07,-0.0173847316704459,-0.1300287356321839,-0.0096878363832076,-0.0050150451354062,0.0119266055045872
2024-02-08,-0.0038461538461539,-0.0082576383154417,-0.0094202898550724,-0.0131048387096774,0.0048352976730128
2024-02-09,0.0,-0.0099916736053288,0.0120702267739576,0.0122574055158326,-0.0126315789473684
2024-02-14,-0.0023166023166022,-0.0126156433978132,-0.0036140224069389,-0.0050454086781029,0.0048735912275359
2024-02-15,-0.0054179566563468,-0.0017035775127768,0.0105186797243379,0.0030425963488844,-0.0096999090633524
2024-02-16,-0.0070038910505836,0.0051194539249146,0.0061019382627423,0.0020222446916076,0.0058157330884602
2024-02-19,0.0039184952978057,0.00169779286927,0.0074919728861932,0.0050454086781031,0.0027388922702373
2024-02-20,0.0031225604996096,0.0228813559322034,0.0297450424929177,0.0401606425702809,0.023368740515933
2024-02-21,0.0038910505836575,-0.0066280033140017,-0.0020632737276478,-0.0164092664092664,0.0688018979833926
2024-02-22,0.0046511627906977,-0.0025020850708923,0.0003445899379739,0.0098135426889107,-0.0316315205327414
2024-02-23,-0.0054012345679012,-0.0016722408026756,-0.0003444712366518,-0.0213799805636539,0.0143266475644698
2024-02-26,0.0116369278510473,-0.0033500837520937,-0.0010337698139214,0.0019860973187686,0.024858757062147
2024-02-27,0.0207055214723927,0.0092436974789915,0.0127630217316316,0.0208126858275521,0.0107497243660419
2024-02-28,0.010518407212622,-0.0041631973355535,0.005108991825613,0.0019417475728153,-0.001363512407963
2024-02-29,-0.0646840148698884,-0.0133779264214046,-0.0277871907827854,-0.0281007751937985,-0.00600764609503
2024-03-01,-0.0111287758346582,0.0076271186440677,0.0066225165562912,0.0109670987038885,0.0162087912087913
2024-03-04,0.0032154340836012,-0.0151387720773759,-0.0069252077562326,-0.004930966469428,-0.0037848067045147
2024-03-05,0.0216346153846154,0.0102476515798461,-0.0013947001394699,0.0,0.0075983717774763
2024-03-06,-0.0047058823529412,-0.0059171597633136,0.0125698324022345,0.0079286422200197,-0.0078103959062751
2024-03-07,-0.0031520882584711,-0.0051020408163265,-0.0089655172413793,-0.0009832841691248,-0.0062432138979371
2024-03-08,0.0150197628458497,0.0025641025641025,0.0069589422407794,0.0068897637795275,0.0005462988254576
2024-03-11,-0.0031152647975076,0.0076726342710997,-0.0020732550103663,-0.0019550342130987,0.0065520065520063
2024-03-12,0.0031249999999998,0.0135363790186124,0.0017313019390581,0.007835455435847,0.0119338215351234
2024-03-13,-0.0070093457943924,0.0100166944908179,0.0076045627376426,0.0155490767735666,0.0109890109890109
2024-03-14,0.0039215686274509,0.0,0.0024013722126929,0.0047846889952154,-0.0060975609756096
2024-03-15,-0.01328125,-0.0057851239669421,-0.0065023956194386,0.000952380952381,0.0056014937316617
2024-03-18,0.0,0.0124688279301745,0.002411298656562,-0.0009514747859181,0.0
2024-03-19,-0.0071258907363421,-0.0041050903119868,0.0,-0.0047619047619048,0.0198938992042441
2024-03-20,0.0,0.019785655399835,0.0048109965635738,0.0019138755980863,0.0018205461638491
2024-03-21,0.0055821371610844,-0.009700889248181,-0.0061559507523939,-0.0124164278892073,0.0155763239875388
2024-03-22,-0.0158604282315621,-0.0187755102040816,-0.0116999311768754,-0.0087040618955512,0.0076687116564417
2024-03-23,0.0,0.0415973377703826,0.0132311977715877,0.0107317073170731,0.0073566717402333
2024-03-25,-0.0145044319097501,-0.0439297124600638,-0.013745704467354,-0.025096525096525,-0.0231679677663058
2024-03-26,0.0147179067865903,0.0133667502088554,0.0184668989547038,0.0069306930693069,-0.0067027584428975
2024-03-27,0.0032232070910556,0.0140148392415497,0.0075265138556277,0.0108161258603736,-0.0059693745133663
2024-03-28,0.0032128514056226,-0.0056910569105691,0.0037351443123938,0.0029182879377434,-0.0091383812010442
2024-04-01,-0.0128102481985588,-0.0130825838103025,-0.0314614343707713,-0.0164888457807953,-0.0055335968379446
2024-04-02,-0.0048661800486617,0.0066280033140015,-0.0017464198393294,-0.0039447731755425,0.0047694753577105
2024-04-03,0.0146699266503667,0.0222222222222221,-0.0045486354093771,-0.0029702970297028,-0.0073839662447258
2024-04-04,0.0016064257028114,0.002415458937198,-0.0105448154657293,-0.0099304865938431,0.0055791710945802
2024-04-05,-0.0192461908580593,-0.004016064257028,0.0010657193605683,-0.0110330992978937,-0.0029062087186261
2024-04-08,-0.0049059689288635,0.0048387096774193,0.0095812633073102,0.0101419878296147,0.005564387917329
2024-04-09,0.0156121610517665,0.0112359550561795,0.0084358523725835,0.007028112449799,0.0158102766798418
2024-04-10,-0.0210355987055016,-0.0222222222222221,-0.0202161031718369,-0.0149551345962112,-0.0103761348897535
2024-04-11,0.0082644628099173,-0.0056818181818182,-0.0035574528637495,-0.0030364372469636,-0.0041939711664481
2024-04-12,-0.0065573770491803,-0.0146938775510203,-0.0053552302749019,-0.0040609137055837,-0.0068439062911294
2024-04-15,-0.004125412541254,-0.0099420049710026,-0.0154343144292893,-0.0265035677879714,-0.0087463556851311
2024-04-16,-0.0107705053852527,-0.010041841004184,-0.010207801676996,-0.0052356020942408,0.0299465240641712
2024-04-17,-0.0025125628140703,-0.0033812341504649,0.0007366482504604,-0.0063157894736842,-0.0142782969885775
2024-04-18,0.0041981528127623,-0.008481764206955,0.0014722119985277,-0.0010593220338982,0.0100079009744535
2024-04-19,-0.0008361204013379,-0.0068434559452523,-0.0040426313855199,0.0031813361611878,-0.0013037809647979
2024-04-22,0.0,-0.003445305770887,-0.000369003690037,-0.0073995771670191,-0.0073107049608353
2024-04-23,-0.007531380753138,0.0025929127052721,0.0132890365448505,0.0085197018104365,-0.0073645449763283
2024-04-24,0.0151770657672849,-0.0025862068965516,-0.0018214936247723,0.0031678986272438,0.0063593004769473
2024-04-25,-0.0016611295681062,-0.0017286084701814,-0.0051094890510947,-0.0105263157894736,0.0115850447604002
2024-04-26,-0.0008319467554076,0.0155844155844155,0.0168745414526778,0.0138297872340424,0.0143154606975532
2024-04-29,0.0074937552039966,0.0153452685421995,-0.0093795093795092,0.0010493179433368,0.0033358994098025
2024-04-30,0.0041322314049587,-0.0016792611251049,-0.017115804806992,-0.0083857442348006,0.0048593350383632
2024-05-02,0.0148148148148148,0.001682085786375,0.0151908114116339,0.0105708245243127,-0.0175617205395774
2024-05-03,0.0032441200324411,0.0100755667506295,0.0098540145985401,0.0135983263598324,-0.0020725388601036
2024-05-06,0.0064672594987873,-0.0141313383208645,0.0025298156848572,0.0051599587203303,-0.0036344755970924
2024-05-07,0.0120481927710842,0.003372681281619,0.0198269646719539,0.0071868583162217,0.0070349140177174
2024-05-08,-0.0341269841269841,-0.0067226890756302,0.0063626723223753,0.0112130479102956,0.004915912031048
2024-05-09,-0.0098603122432209,-0.0253807106598985,-0.0316122233930452,-0.0120967741935482,-0.0048918640576726
2024-05-10,-0.0008298755186723,-0.0008680555555555,0.0116068190061662,0.0112244897959183,0.0018111254851229
2024-05-13,0.0016611295681063,-0.0026064291920069,0.0071710290426676,0.0040363269424823,0.0028409090909091
2024-05-14,0.0082918739635158,0.0060975609756097,0.0156639373442506,0.0160804020100502,0.013391707442699
2024-05-15,0.0123355263157896,-0.0051948051948051,-0.0052576235541536,0.0,0.0002541296060991
2024-05-16,0.0056864337936637,0.0,-0.0028188865398167,0.0069238377843718,-0.0005081300813006
2024-05-17,0.0,0.0069625761531766,0.002120141342756,-0.0039292730844793,0.0010167768174884
2024-05-20,-0.0226171243941842,-0.0017286084701814,-0.0052891396332862,-0.0029585798816569,0.005332656170645
2024-05-21,-0.0066115702479339,0.0,-0.0053172633817796,-0.0009891196834816,-0.0022733013387219
2024-05-22,-0.0041597337770381,-0.0207792207792207,-0.0153243050605844,-0.0099009900990099,-0.0118987341772152
2024-05-23,-0.0008354218880534,-0.0088417329796639,-0.009771986970684,-0.0029999999999998,-0.0064053292339226
2024-05-24,-0.0075250836120402,0.0008920606601248,-0.008406432748538,-0.0130391173520562,-0.0177926766374418
2024-05-25,-0.0025273799494524,0.0383244206773618,0.009214891264283,0.0233739837398374,0.0001312680493565
2024-05-27,-0.0025337837837837,-0.0369098712446351,-0.0098612125639152,-0.0208540218470706,0.0001312508203177
2024-05-28,-0.0186282811176968,-0.0026737967914439,-0.0025820730357801,-0.0030425963488842,-0.0031496062992126
2024-05-29,-0.0060396893874029,-0.0107238605898122,-0.0051775147928994,-0.0040691759918617,-0.0129015271195365
2024-05-31,0.0034722222222223,-0.003613369467028,-0.0096654275092935,-0.0122574055158324,-0.0048012803414243
2024-06-03,-0.0008650519031141,0.0009066183136898,0.0097597597597596,-0.0020682523267838,-0.0056285178236398
2024-06-04,0.0121212121212119,0.0027173913043478,0.0066914498141263,0.0093264248704663,0.0121293800539081
2024-06-05,-0.0102651839178784,-0.007226738934056,-0.0048005908419497,0.0,-0.0066577896138482
2024-06-06,0.0216076058772687,0.0154686078252956,0.0159554730983302,0.0071868583162217,0.006970509383378
2024-06-07,-0.0219966159052453,-0.0080645161290322,-0.0135135135135133,-0.018348623853211,0.0010649627263046
2024-06-10,-0.0086505190311418,0.000903342366757,-0.0059237319511291,-0.0124610591900312,-0.001063829787234
2024-06-11,-0.0052356020942408,0.0045126353790614,0.0100558659217877,0.0168243953732913,-0.0002662406815763
2024-06-12,-0.0114035087719298,-0.0197663971248877,-0.0029498525073746,-0.0082730093071354,0.007190412782956
2024-06-13,-0.0159716060337178,-0.0027497708524288,-0.0066568047337277,-0.0041710114702814,0.0092543627710206
2024-06-14,0.0135256988277727,0.0082720588235294,-0.0003723008190616,-0.0041884816753927,0.0091695048467383
2024-06-17,0.0,0.0036463081130355,0.0219739292364991,0.004206098843323,0.0
2024-06-18,0.0008896797153024,-0.0072661217075385,-0.0018221574344023,0.0062827225130888,0.0023364485981307
2024-06-19,-0.0044444444444444,0.0054894784995425,0.0043811610076671,0.0031217481789802,0.0243460243460242
2024-06-20,0.0071428571428571,0.0027297543221109,-0.0007270083605962,0.0041493775933609,0.0245259165613149
2024-06-21,0.0,0.0063520871143376,0.0203710440160058,0.0,0.0071569595261598
2024-06-24,0.0035460992907803,0.0081154192966637,0.0053475935828877,0.0165289256198346,-0.0051457975986277
2024-06-25,0.0053003533568904,-0.0053667262969588,-0.0024822695035461,0.0030487804878047,0.0172413793103447
2024-06-26,0.0061511423550086,-0.0017985611510791,-0.0078208318521151,-0.0050658561296857,0.0092009685230025
2024-06-27,0.0008733624454149,0.0018018018018017,0.0046578287352203,-0.0010183299389001,-0.0059980806142034
2024-06-28,-0.0043630017452007,0.0017985611510793,0.0,0.001019367991845,0.0118271783731596
2024-07-01,0.0035056967572304,-0.007181328545781,-0.0071326676176889,-0.0091649694501018,-0.0038167938931298
2024-07-02,0.0008733624454149,0.0036166365280287,0.0057471264367816,0.0092497430626927,0.0014367816091953
2024-07-03,-0.0069808027923211,0.0072072072072071,0.0103571428571427,0.0091649694501019,0.0019129603060736
2024-07-04,0.0061511423550086,0.0026833631484795,0.0063626723223753,0.0070635721493441,-0.0052505966587111
2024-07-05,-0.0113537117903929,0.0071364852809989,-0.0077274323849665,-0.0060120240480961,0.0071976967370441
2024-07-08,-0.0061837455830389,0.0017714791851197,0.0028318584070796,-0.0090725806451612,0.0540733682706051
2024-07-09,0.0,0.0008841732979663,0.0067066713731027,0.0081383519837232,0.0018079096045198
2024-07-10,0.0133333333333334,0.0176678445229681,0.0014025245441795,0.0151362260343088,-0.011279043537108
2024-07-11,0.0114035087719297,0.0034722222222223,0.0080532212885153,0.0059642147117295,0.0205338809034907
2024-07-12,0.0095403295750218,-0.0025951557093426,-0.0048627995831885,0.0049407114624506,0.020567851553767
2024-07-15,0.0,-0.0052038161318298,0.0017452006980802,0.0019665683382497,0.0138006571741511
2024-07-16,0.0051546391752577,0.0069747166521361,0.0055749128919859,0.0,0.0036732929991356
2024-07-17,0.0102564102564104,0.0121212121212119,0.0142065142065141,0.011776251226693,0.0077502691065662
2024-07-18,-0.0126903553299492,-0.0188195038494438,-0.0068329347454731,-0.0077594568380213,0.0074770348216191
2024-07-19,0.0051413881748072,-0.003487358326068,0.0089439284485723,0.0087976539589442,-0.0023324851569126
2024-07-22,0.0068201193520887,0.0069991251093612,-0.0006818956699624,0.0058139534883721,-0.0025504782146651
2024-07-23,-0.0025402201524132,-0.0130321459600347,-0.0034118048447627,-0.008670520231214,-0.0025569997869165
2024-07-24,0.0008488964346349,-0.0017605633802816,0.0020540910647037,-0.0077745383867831,-0.0083315530869472
2024-07-25,0.0050890585241729,-0.0123456790123457,-0.0058079945336521,-0.0039177277179236,-0.015079707022835
2024-07-26,0.0025316455696202,0.0089285714285716,0.0068728522336769,0.0049164208456244,0.0209973753280841
2024-07-29,-0.005050505050505,0.0,0.0071672354948806,0.0058708414872796,-0.0092116538131962
2024-07-30,-0.015228426395939,-0.0079646017699115,-0.002710945442223,0.001945525291829,-0.0134054054054053
2024-07-31,-0.0051546391752578,-0.000892060660125,-0.0115528372409106,-0.0135922330097087,0.1047556432171814
2024-08-01,0.0138169257340241,0.0107142857142858,-0.0171880371261602,-0.0265748031496062,0.0430470144812538
2024-08-02,0.0110732538330493,0.0,-0.0076949982511367,-0.0050556117290192,-0.0572461011791555
2024-08-05,-0.0016849199663016,0.082155477031802,-0.0049347902714135,-0.0020325203252031,-0.0155335888642325
2024-08-06,0.0135021097046412,0.0342857142857142,0.0230251505490612,0.0152749490835031,0.0022540983606558
2024-08-07,0.041631973355537,-0.0023677979479084,0.0051939058171746,0.0070210631895686,-0.0132897158045389
2024-08-08,-0.0119904076738609,0.0094936708860757,0.0013778849466068,0.0039840637450199,0.028387898881061
2024-08-09,0.0072815533980581,0.0195924764890282,0.0189198486412109,0.0208333333333332,0.0002014910336489
2024-08-12,-0.0048192771084336,0.0099923136049193,0.0060769750168805,0.011661807580175,0.0177276390008058
2024-08-13,0.0145278450363195,0.0114155251141552,0.0255033557046979,0.0192122958693563,0.0108867775138559
2024-08-14,-0.0007955449482895,0.0060195635816402,0.0238874345549737,0.0179076343072575,0.0080281965929116
2024-08-15,0.0374203821656049,0.0127150336574419,0.0159795461808884,0.0129629629629628,0.0223387723387724
2024-08-16,-0.0015349194167305,-0.0162481536189068,-0.0050330292544825,-0.0018281535648994,0.0104503135094051
2024-08-19,0.0,0.0563063063063062,0.0101169775529561,0.0128205128205127,-0.0272658894321173
2024-08-20,-0.0053804765564949,-0.0021321961620469,0.0100156494522691,0.0,0.0253237966363812
2024-08-21,0.0,-0.0014245014245013,-0.0049581654787729,-0.0054249547920434,0.0060331825037707
2024-08-22,0.0046367851622874,-0.0007132667617688,-0.010900031142946,-0.009090909090909,0.0144302848575712
2024-08-23,0.0061538461538461,0.0121341898643825,-0.005352644836272,0.003669724770642,-0.0072048771476076
2024-08-26,0.0,-0.0049365303244005,-0.0006331117442228,0.0018281535648996,0.0050241905470784
2024-08-27,-0.003822629969419,-0.0099220411055988,-0.0022172949002217,-0.0036496350364964,-0.0014812071838548
2024-08-28,-0.0061396776669224,0.0128847530422333,0.0234920634920634,0.0201465201465202,0.0
