Date,Price_abev3,Price_bbdc3,Price_itub3,Price_itsa3,Price_wege3,Return_abev3,Return_bbdc3,Return_itub3,Return_itsa3,Return_wege3,abev3_y,bbdc3_y,itsa3_y,itub3_y,wege3_y,Return_abev3_lag_1,Return_abev3_lag_2,Return_abev3_lag_3,Return_abev3_lag_4,Return_bbdc3_lag_1,Return_bbdc3_lag_2,Return_bbdc3_lag_3,Return_bbdc3_lag_4,Return_itub3_lag_1,Return_itub3_lag_2,Return_itub3_lag_3,Return_itub3_lag_4,Return_itsa3_lag_1,Return_itsa3_lag_2,Return_itsa3_lag_3,Return_itsa3_lag_4,Return_wege3_lag_1,Return_wege3_lag_2,Return_wege3_lag_3,Return_wege3_lag_4
2018-10-11,13.67,15.0,23.51,6.83,8.88,-0.01156905278380338,0.006036217303822866,-0.01176965111391326,-0.005822416302765698,0.0011273957158963732,False,True,False,True,False,,,,,,,,,,,,,,,,,,,,
2018-10-15,13.62,15.15,23.52,6.82,8.82,-0.003657644476956934,0.010000000000000009,0.00042535091450446316,-0.0014641288433381305,-0.006756756756756799,True,True,True,True,True,-0.01156905278380338,,,,0.006036217303822866,,,,-0.01176965111391326,,,,-0.005822416302765698,,,,0.0011273957158963732,,,
2018-10-16,14.0,15.79,24.32,7.01,9.04,0.027900146842878115,0.042244224422442134,0.03401360544217691,0.027859237536656867,0.02494331065759625,False,True,False,True,False,-0.003657644476956934,-0.01156905278380338,,,0.010000000000000009,0.006036217303822866,,,0.00042535091450446316,-0.01176965111391326,,,-0.0014641288433381305,-0.005822416302765698,,,-0.006756756756756799,0.0011273957158963732,,
2018-10-17,13.71,15.8,24.49,6.98,8.99,-0.020714285714285685,0.0006333122229260635,0.006990131578947345,-0.004279600570613273,-0.005530973451327359,False,False,False,False,False,0.027900146842878115,-0.003657644476956934,-0.01156905278380338,,0.042244224422442134,0.010000000000000009,0.006036217303822866,,0.03401360544217691,0.00042535091450446316,-0.01176965111391326,,0.027859237536656867,-0.0014641288433381305,-0.005822416302765698,,0.02494331065759625,-0.006756756756756799,0.0011273957158963732,
2018-10-18,13.39,15.31,24.09,6.9,8.87,-0.02334062727935815,-0.031012658227848156,-0.016333197223356466,-0.011461318051575908,-0.013348164627363879,True,True,False,False,True,-0.020714285714285685,0.027900146842878115,-0.003657644476956934,-0.01156905278380338,0.0006333122229260635,0.042244224422442134,0.010000000000000009,0.006036217303822866,0.006990131578947345,0.03401360544217691,0.00042535091450446316,-0.01176965111391326,-0.004279600570613273,0.027859237536656867,-0.0014641288433381305,-0.005822416302765698,-0.005530973451327359,0.02494331065759625,-0.006756756756756799,0.0011273957158963732
2018-10-19,13.56,15.34,23.87,6.87,8.97,0.012696041822255477,0.0019595035924231397,-0.0091324200913242,-0.004347826086956608,0.011273957158963066,False,True,True,True,True,-0.02334062727935815,-0.020714285714285685,0.027900146842878115,-0.003657644476956934,-0.031012658227848156,0.0006333122229260635,0.042244224422442134,0.010000000000000009,-0.016333197223356466,0.006990131578947345,0.03401360544217691,0.00042535091450446316,-0.011461318051575908,-0.004279600570613273,0.027859237536656867,-0.0014641288433381305,-0.013348164627363879,-0.005530973451327359,0.02494331065759625,-0.006756756756756799
2018-10-22,13.53,15.52,24.09,6.98,8.99,-0.0022123893805310324,0.011734028683181297,0.009216589861751112,0.01601164483260553,0.0022296544035673715,False,True,False,False,True,0.012696041822255477,-0.02334062727935815,-0.020714285714285685,0.027900146842878115,0.0019595035924231397,-0.031012658227848156,0.0006333122229260635,0.042244224422442134,-0.0091324200913242,-0.016333197223356466,0.006990131578947345,0.03401360544217691,-0.004347826086956608,-0.011461318051575908,-0.004279600570613273,0.027859237536656867,0.011273957158963066,-0.013348164627363879,-0.005530973451327359,0.02494331065759625
2018-10-23,13.38,15.56,24.08,6.98,9.26,-0.011086474501108556,0.002577319587628857,-0.0004151100041511757,0.0,0.030033370411568283,False,False,False,False,True,-0.0022123893805310324,0.012696041822255477,-0.02334062727935815,-0.020714285714285685,0.011734028683181297,0.0019595035924231397,-0.031012658227848156,0.0006333122229260635,0.009216589861751112,-0.0091324200913242,-0.016333197223356466,0.006990131578947345,0.01601164483260553,-0.004347826086956608,-0.011461318051575908,-0.004279600570613273,0.0022296544035673715,0.011273957158963066,-0.013348164627363879,-0.005530973451327359
2018-10-24,12.78,15.12,23.45,6.96,9.33,-0.04484304932735439,-0.028277634961439646,-0.026162790697674354,-0.002865329512894088,0.0075593952483801186,False,True,True,True,False,-0.011086474501108556,-0.0022123893805310324,0.012696041822255477,-0.02334062727935815,0.002577319587628857,0.011734028683181297,0.0019595035924231397,-0.031012658227848156,-0.0004151100041511757,0.009216589861751112,-0.0091324200913242,-0.016333197223356466,0.0,0.01601164483260553,-0.004347826086956608,-0.011461318051575908,0.030033370411568283,0.0022296544035673715,0.011273957158963066,-0.013348164627363879
2018-10-25,12.07,15.77,24.02,6.97,9.16,-0.05555555555555547,0.04298941798941791,0.024307036247334768,0.001436781609195359,-0.018220793140407254,True,True,True,True,False,-0.04484304932735439,-0.011086474501108556,-0.0022123893805310324,0.012696041822255477,-0.028277634961439646,0.002577319587628857,0.011734028683181297,0.0019595035924231397,-0.026162790697674354,-0.0004151100041511757,0.009216589861751112,-0.0091324200913242,-0.002865329512894088,0.0,0.01601164483260553,-0.004347826086956608,0.0075593952483801186,0.030033370411568283,0.0022296544035673715,0.011273957158963066
2018-10-26,12.22,15.95,24.08,7.08,8.72,0.012427506213753103,0.011414077362079889,0.0024979184013320666,0.015781922525107683,-0.048034934497816484,True,False,False,False,False,-0.05555555555555547,-0.04484304932735439,-0.011086474501108556,-0.0022123893805310324,0.04298941798941791,-0.028277634961439646,0.002577319587628857,0.011734028683181297,0.024307036247334768,-0.026162790697674354,-0.0004151100041511757,0.009216589861751112,0.001436781609195359,-0.002865329512894088,0.0,0.01601164483260553,-0.018220793140407254,0.0075593952483801186,0.030033370411568283,0.0022296544035673715
2018-10-29,12.41,15.62,23.88,6.95,8.44,0.015548281505728179,-0.020689655172413834,-0.00830564784053156,-0.01836158192090398,-0.03211009174311941,True,True,True,True,True,0.012427506213753103,-0.05555555555555547,-0.04484304932735439,-0.011086474501108556,0.011414077362079889,0.04298941798941791,-0.028277634961439646,0.002577319587628857,0.0024979184013320666,0.024307036247334768,-0.026162790697674354,-0.0004151100041511757,0.015781922525107683,0.001436781609195359,-0.002865329512894088,0.0,-0.048034934497816484,-0.018220793140407254,0.0075593952483801186,0.030033370411568283
2018-10-30,12.91,16.31,24.64,7.21,8.82,0.04029008863819494,0.04417413572343154,0.0318257956448913,0.037410071942445944,0.04502369668246464,True,False,True,False,False,0.015548281505728179,0.012427506213753103,-0.05555555555555547,-0.04484304932735439,-0.020689655172413834,0.011414077362079889,0.04298941798941791,-0.028277634961439646,-0.00830564784053156,0.0024979184013320666,0.024307036247334768,-0.026162790697674354,-0.01836158192090398,0.015781922525107683,0.001436781609195359,-0.002865329512894088,-0.03211009174311941,-0.048034934497816484,-0.018220793140407254,0.0075593952483801186
2018-10-31,13.14,16.23,24.42,7.25,8.68,0.01781564678543779,-0.004904966278356682,-0.008928571428571397,0.00554785020804438,-0.015873015873015928,True,True,True,True,True,0.04029008863819494,0.015548281505728179,0.012427506213753103,-0.05555555555555547,0.04417413572343154,-0.020689655172413834,0.011414077362079889,0.04298941798941791,0.0318257956448913,-0.00830564784053156,0.0024979184013320666,0.024307036247334768,0.037410071942445944,-0.01836158192090398,0.015781922525107683,0.001436781609195359,0.04502369668246464,-0.03211009174311941,-0.048034934497816484,-0.018220793140407254
2018-11-01,13.17,17.08,25.11,7.33,8.77,0.0022831050228309113,0.05237215033887854,0.02825552825552813,0.011034482758620623,0.010368663594469973,True,True,True,True,True,0.01781564678543779,0.04029008863819494,0.015548281505728179,0.012427506213753103,-0.004904966278356682,0.04417413572343154,-0.020689655172413834,0.011414077362079889,-0.008928571428571397,0.0318257956448913,-0.00830564784053156,0.0024979184013320666,0.00554785020804438,0.037410071942445944,-0.01836158192090398,0.015781922525107683,-0.015873015873015928,0.04502369668246464,-0.03211009174311941,-0.048034934497816484
2018-11-05,13.24,17.71,25.72,7.45,9.02,0.005315110098709219,0.03688524590163955,0.024293110314615562,0.016371077762619368,0.02850627137970352,True,False,True,False,False,0.0022831050228309113,0.01781564678543779,0.04029008863819494,0.015548281505728179,0.05237215033887854,-0.004904966278356682,0.04417413572343154,-0.020689655172413834,0.02825552825552813,-0.008928571428571397,0.0318257956448913,-0.00830564784053156,0.011034482758620623,0.00554785020804438,0.037410071942445944,-0.01836158192090398,0.010368663594469973,-0.015873015873015928,0.04502369668246464,-0.03211009174311941
2018-11-06,13.38,17.41,25.45,7.48,9.01,0.010574018126888296,-0.016939582156973554,-0.010497667185069948,0.00402684563758382,-0.0011086474501108556,False,False,True,True,True,0.005315110098709219,0.0022831050228309113,0.01781564678543779,0.04029008863819494,0.03688524590163955,0.05237215033887854,-0.004904966278356682,0.04417413572343154,0.024293110314615562,0.02825552825552813,-0.008928571428571397,0.0318257956448913,0.016371077762619368,0.011034482758620623,0.00554785020804438,0.037410071942445944,0.02850627137970352,0.010368663594469973,-0.015873015873015928,0.04502369668246464
2018-11-07,13.15,17.34,25.81,7.54,9.09,-0.017189835575485812,-0.004020677771395809,0.014145383104125608,0.008021390374331583,0.008879023307436285,False,False,False,False,False,0.010574018126888296,0.005315110098709219,0.0022831050228309113,0.01781564678543779,-0.016939582156973554,0.03688524590163955,0.05237215033887854,-0.004904966278356682,-0.010497667185069948,0.024293110314615562,0.02825552825552813,-0.008928571428571397,0.00402684563758382,0.016371077762619368,0.011034482758620623,0.00554785020804438,-0.0011086474501108556,0.02850627137970352,0.010368663594469973,-0.015873015873015928
2018-11-08,12.64,16.7,25.14,7.33,8.97,-0.03878326996197712,-0.03690888119953872,-0.025958930647035916,-0.02785145888594165,-0.013201320132013139,True,True,True,True,False,-0.017189835575485812,0.010574018126888296,0.005315110098709219,0.0022831050228309113,-0.004020677771395809,-0.016939582156973554,0.03688524590163955,0.05237215033887854,0.014145383104125608,-0.010497667185069948,0.024293110314615562,0.02825552825552813,0.008021390374331583,0.00402684563758382,0.016371077762619368,0.011034482758620623,0.008879023307436285,-0.0011086474501108556,0.02850627137970352,0.010368663594469973
2018-11-09,12.93,17.07,25.66,7.45,8.97,0.022943037974683556,0.02215568862275452,0.020684168655529023,0.016371077762619368,0.0,False,True,False,True,False,-0.03878326996197712,-0.017189835575485812,0.010574018126888296,0.005315110098709219,-0.03690888119953872,-0.004020677771395809,-0.016939582156973554,0.03688524590163955,-0.025958930647035916,0.014145383104125608,-0.010497667185069948,0.024293110314615562,-0.02785145888594165,0.008021390374331583,0.00402684563758382,0.016371077762619368,-0.013201320132013139,0.008879023307436285,-0.0011086474501108556,0.02850627137970352
2018-11-12,12.83,17.1,25.7,7.43,8.89,-0.007733952049497228,0.0017574692442883233,0.001558846453624252,-0.0026845637583893245,-0.00891861761426982,False,False,False,False,False,0.022943037974683556,-0.03878326996197712,-0.017189835575485812,0.010574018126888296,0.02215568862275452,-0.03690888119953872,-0.004020677771395809,-0.016939582156973554,0.020684168655529023,-0.025958930647035916,0.014145383104125608,-0.010497667185069948,0.016371077762619368,-0.02785145888594165,0.008021390374331583,0.00402684563758382,0.0,-0.013201320132013139,0.008879023307436285,-0.0011086474501108556
2018-11-13,12.68,16.74,25.21,7.4,8.74,-0.011691348402182444,-0.021052631578947545,-0.01906614785992211,-0.004037685060565233,-0.01687289088863897,True,True,True,False,True,-0.007733952049497228,0.022943037974683556,-0.03878326996197712,-0.017189835575485812,0.0017574692442883233,0.02215568862275452,-0.03690888119953872,-0.004020677771395809,0.001558846453624252,0.020684168655529023,-0.025958930647035916,0.014145383104125608,-0.0026845637583893245,0.016371077762619368,-0.02785145888594165,0.008021390374331583,-0.00891861761426982,0.0,-0.013201320132013139,0.008879023307436285
2018-11-14,12.89,16.91,25.19,7.46,8.88,0.016561514195583715,0.010155316606929699,-0.0007933359777865245,0.008108108108108025,0.016018306636155666,True,True,True,True,True,-0.011691348402182444,-0.007733952049497228,0.022943037974683556,-0.03878326996197712,-0.021052631578947545,0.0017574692442883233,0.02215568862275452,-0.03690888119953872,-0.01906614785992211,0.001558846453624252,0.020684168655529023,-0.025958930647035916,-0.004037685060565233,-0.0026845637583893245,0.016371077762619368,-0.02785145888594165,-0.01687289088863897,-0.00891861761426982,0.0,-0.013201320132013139
2018-11-16,13.27,17.85,25.93,7.7,8.94,0.02948021722265315,0.0555884092253105,0.029376736800317493,0.03217158176943702,0.006756756756756577,False,False,True,True,False,0.016561514195583715,-0.011691348402182444,-0.007733952049497228,0.022943037974683556,0.010155316606929699,-0.021052631578947545,0.0017574692442883233,0.02215568862275452,-0.0007933359777865245,-0.01906614785992211,0.001558846453624252,0.020684168655529023,0.008108108108108025,-0.004037685060565233,-0.0026845637583893245,0.016371077762619368,0.016018306636155666,-0.01687289088863897,-0.00891861761426982,0.0
2018-11-19,13.24,17.64,26.11,7.72,8.77,-0.0022607385079125297,-0.01176470588235301,0.006941766293868001,0.0025974025974024872,-0.019015659955257225,False,False,False,False,False,0.02948021722265315,0.016561514195583715,-0.011691348402182444,-0.007733952049497228,0.0555884092253105,0.010155316606929699,-0.021052631578947545,0.0017574692442883233,0.029376736800317493,-0.0007933359777865245,-0.01906614785992211,0.001558846453624252,0.03217158176943702,0.008108108108108025,-0.004037685060565233,-0.0026845637583893245,0.006756756756756577,0.016018306636155666,-0.01687289088863897,-0.00891861761426982
2018-11-21,13.18,17.48,25.95,7.67,8.66,-0.004531722054380682,-0.009070294784580546,-0.006127920337035575,-0.006476683937823857,-0.012542759407069504,True,True,True,True,False,-0.0022607385079125297,0.02948021722265315,0.016561514195583715,-0.011691348402182444,-0.01176470588235301,0.0555884092253105,0.010155316606929699,-0.021052631578947545,0.006941766293868001,0.029376736800317493,-0.0007933359777865245,-0.01906614785992211,0.0025974025974024872,0.03217158176943702,0.008108108108108025,-0.004037685060565233,-0.019015659955257225,0.006756756756756577,0.016018306636155666,-0.01687289088863897
2018-11-22,13.27,17.51,26.19,7.69,8.49,0.006828528072837514,0.0017162471395881784,0.009248554913294793,0.0026075619295959918,-0.019630484988452657,False,True,False,False,True,-0.004531722054380682,-0.0022607385079125297,0.02948021722265315,0.016561514195583715,-0.009070294784580546,-0.01176470588235301,0.0555884092253105,0.010155316606929699,-0.006127920337035575,0.006941766293868001,0.029376736800317493,-0.0007933359777865245,-0.006476683937823857,0.0025974025974024872,0.03217158176943702,0.008108108108108025,-0.012542759407069504,-0.019015659955257225,0.006756756756756577,0.016018306636155666
2018-11-23,13.03,17.55,25.86,7.62,8.52,-0.018085908063300682,0.0022844089091946795,-0.012600229095074522,-0.009102730819245841,0.0035335689045936647,False,False,False,False,True,0.006828528072837514,-0.004531722054380682,-0.0022607385079125297,0.02948021722265315,0.0017162471395881784,-0.009070294784580546,-0.01176470588235301,0.0555884092253105,0.009248554913294793,-0.006127920337035575,0.006941766293868001,0.029376736800317493,0.0026075619295959918,-0.006476683937823857,0.0025974025974024872,0.03217158176943702,-0.019630484988452657,-0.012542759407069504,-0.019015659955257225,0.006756756756756577
2018-11-26,12.99,17.18,25.49,7.56,8.55,-0.003069838833461125,-0.021082621082621156,-0.014307811291569994,-0.007874015748031593,0.0035211267605634866,True,True,True,True,True,-0.018085908063300682,0.006828528072837514,-0.004531722054380682,-0.0022607385079125297,0.0022844089091946795,0.0017162471395881784,-0.009070294784580546,-0.01176470588235301,-0.012600229095074522,0.009248554913294793,-0.006127920337035575,0.006941766293868001,-0.009102730819245841,0.0026075619295959918,-0.006476683937823857,0.0025974025974024872,0.0035335689045936647,-0.019630484988452657,-0.012542759407069504,-0.019015659955257225
2018-11-27,13.3,17.87,26.12,7.78,8.7,0.02386451116243271,0.040162980209546006,0.02471557473519037,0.029100529100529293,0.01754385964912264,True,True,True,True,True,-0.003069838833461125,-0.018085908063300682,0.006828528072837514,-0.004531722054380682,-0.021082621082621156,0.0022844089091946795,0.0017162471395881784,-0.009070294784580546,-0.014307811291569994,-0.012600229095074522,0.009248554913294793,-0.006127920337035575,-0.007874015748031593,-0.009102730819245841,0.0026075619295959918,-0.006476683937823857,0.0035211267605634866,0.0035335689045936647,-0.019630484988452657,-0.012542759407069504
2018-11-28,13.42,18.45,26.62,7.94,8.74,0.009022556390977376,0.03245663122551745,0.019142419601837712,0.020565552699228773,0.0045977011494253706,False,True,True,True,True,0.02386451116243271,-0.003069838833461125,-0.018085908063300682,0.006828528072837514,0.040162980209546006,-0.021082621082621156,0.0022844089091946795,0.0017162471395881784,0.02471557473519037,-0.014307811291569994,-0.012600229095074522,0.009248554913294793,0.029100529100529293,-0.007874015748031593,-0.009102730819245841,0.0026075619295959918,0.01754385964912264,0.0035211267605634866,0.0035335689045936647,-0.019630484988452657
2018-11-29,13.38,18.58,26.71,8.04,8.78,-0.0029806259314455463,0.00704607046070449,0.003380916604057038,0.012594458438287104,0.004576659038901587,True,False,False,False,False,0.009022556390977376,0.02386451116243271,-0.003069838833461125,-0.018085908063300682,0.03245663122551745,0.040162980209546006,-0.021082621082621156,0.0022844089091946795,0.019142419601837712,0.02471557473519037,-0.014307811291569994,-0.012600229095074522,0.020565552699228773,0.029100529100529293,-0.007874015748031593,-0.009102730819245841,0.0045977011494253706,0.01754385964912264,0.0035211267605634866,0.0035335689045936647
2018-11-30,13.61,18.03,26.68,7.89,8.59,0.01718983557548559,-0.029601722282023513,-0.001123174840883645,-0.018656716417910335,-0.021640091116173044,False,False,False,False,True,-0.0029806259314455463,0.009022556390977376,0.02386451116243271,-0.003069838833461125,0.00704607046070449,0.03245663122551745,0.040162980209546006,-0.021082621082621156,0.003380916604057038,0.019142419601837712,0.02471557473519037,-0.014307811291569994,0.012594458438287104,0.020565552699228773,0.029100529100529293,-0.007874015748031593,0.004576659038901587,0.0045977011494253706,0.01754385964912264,0.0035211267605634866
2018-12-03,13.46,17.97,26.45,7.87,8.66,-0.01102130786186617,-0.0033277870216307237,-0.008620689655172376,-0.0025348542458808465,0.008149010477299212,False,True,True,False,True,0.01718983557548559,-0.0029806259314455463,0.009022556390977376,0.02386451116243271,-0.029601722282023513,0.00704607046070449,0.03245663122551745,0.040162980209546006,-0.001123174840883645,0.003380916604057038,0.019142419601837712,0.02471557473519037,-0.018656716417910335,0.012594458438287104,0.020565552699228773,0.029100529100529293,-0.021640091116173044,0.004576659038901587,0.0045977011494253706,0.01754385964912264
2018-12-04,13.39,17.99,26.3,7.88,8.7,-0.005200594353640398,0.0011129660545352582,-0.005671077504725841,0.0012706480304955914,0.004618937644341736,False,True,False,False,False,-0.01102130786186617,0.01718983557548559,-0.0029806259314455463,0.009022556390977376,-0.0033277870216307237,-0.029601722282023513,0.00704607046070449,0.03245663122551745,-0.008620689655172376,-0.001123174840883645,0.003380916604057038,0.019142419601837712,-0.0025348542458808465,-0.018656716417910335,0.012594458438287104,0.020565552699228773,0.008149010477299212,-0.021640091116173044,0.004576659038901587,0.0045977011494253706
2018-12-05,13.3,18.05,26.22,7.63,8.6,-0.006721433905899965,0.0033351862145638567,-0.003041825095057127,-0.03172588832487311,-0.011494252873563204,False,True,True,True,False,-0.005200594353640398,-0.01102130786186617,0.01718983557548559,-0.0029806259314455463,0.0011129660545352582,-0.0033277870216307237,-0.029601722282023513,0.00704607046070449,-0.005671077504725841,-0.008620689655172376,-0.001123174840883645,0.003380916604057038,0.0012706480304955914,-0.0025348542458808465,-0.018656716417910335,0.012594458438287104,0.004618937644341736,0.008149010477299212,-0.021640091116173044,0.004576659038901587
2018-12-06,13.18,18.31,26.35,7.91,8.6,-0.009022556390977488,0.01440443213296394,0.0049580472921435526,0.03669724770642202,0.0,False,False,False,False,False,-0.006721433905899965,-0.005200594353640398,-0.01102130786186617,0.01718983557548559,0.0033351862145638567,0.0011129660545352582,-0.0033277870216307237,-0.029601722282023513,-0.003041825095057127,-0.005671077504725841,-0.008620689655172376,-0.001123174840883645,-0.03172588832487311,0.0012706480304955914,-0.0025348542458808465,-0.018656716417910335,-0.011494252873563204,0.004618937644341736,0.008149010477299212,-0.021640091116173044
2018-12-07,12.96,18.07,26.22,7.83,8.53,-0.01669195751138075,-0.013107591480065461,-0.004933586337760976,-0.010113780025284513,-0.008139534883720989,False,False,False,False,False,-0.009022556390977488,-0.006721433905899965,-0.005200594353640398,-0.01102130786186617,0.01440443213296394,0.0033351862145638567,0.0011129660545352582,-0.0033277870216307237,0.0049580472921435526,-0.003041825095057127,-0.005671077504725841,-0.008620689655172376,0.03669724770642202,-0.03172588832487311,0.0012706480304955914,-0.0025348542458808465,0.0,-0.011494252873563204,0.004618937644341736,0.008149010477299212
2018-12-10,12.78,17.66,25.6,7.65,8.3,-0.01388888888888895,-0.022689540675152164,-0.023646071700991533,-0.02298850574712641,-0.026963657678780617,True,True,True,True,True,-0.01669195751138075,-0.009022556390977488,-0.006721433905899965,-0.005200594353640398,-0.013107591480065461,0.01440443213296394,0.0033351862145638567,0.0011129660545352582,-0.004933586337760976,0.0049580472921435526,-0.003041825095057127,-0.005671077504725841,-0.010113780025284513,0.03669724770642202,-0.03172588832487311,0.0012706480304955914,-0.008139534883720989,0.0,-0.011494252873563204,0.004618937644341736
2018-12-11,12.83,17.73,25.79,7.69,8.39,0.00391236306729259,0.003963759909399789,0.007421874999999911,0.005228758169934622,0.010843373493975905,False,True,True,True,False,-0.01388888888888895,-0.01669195751138075,-0.009022556390977488,-0.006721433905899965,-0.022689540675152164,-0.013107591480065461,0.01440443213296394,0.0033351862145638567,-0.023646071700991533,-0.004933586337760976,0.0049580472921435526,-0.003041825095057127,-0.02298850574712641,-0.010113780025284513,0.03669724770642202,-0.03172588832487311,-0.026963657678780617,-0.008139534883720989,0.0,-0.011494252873563204
2018-12-12,12.83,17.88,25.91,7.86,8.34,0.0,0.008460236886632666,0.004652966265994651,0.022106631989596837,-0.005959475566150285,True,True,True,True,True,0.00391236306729259,-0.01388888888888895,-0.01669195751138075,-0.009022556390977488,0.003963759909399789,-0.022689540675152164,-0.013107591480065461,0.01440443213296394,0.007421874999999911,-0.023646071700991533,-0.004933586337760976,0.0049580472921435526,0.005228758169934622,-0.02298850574712641,-0.010113780025284513,0.03669724770642202,0.010843373493975905,-0.026963657678780617,-0.008139534883720989,0.0
2018-12-13,13.13,18.4,26.43,7.96,8.37,0.02338269680436489,0.029082774049216997,0.02006947124662295,0.012722646310432628,0.003597122302158251,False,False,True,False,False,0.0,0.00391236306729259,-0.01388888888888895,-0.01669195751138075,0.008460236886632666,0.003963759909399789,-0.022689540675152164,-0.013107591480065461,0.004652966265994651,0.007421874999999911,-0.023646071700991533,-0.004933586337760976,0.022106631989596837,0.005228758169934622,-0.02298850574712641,-0.010113780025284513,-0.005959475566150285,0.010843373493975905,-0.026963657678780617,-0.008139534883720989
2018-12-14,12.92,18.17,26.33,7.98,8.36,-0.015993907083016068,-0.012499999999999845,-0.003783579265985715,0.002512562814070307,-0.0011947431302269385,True,False,False,False,False,0.02338269680436489,0.0,0.00391236306729259,-0.01388888888888895,0.029082774049216997,0.008460236886632666,0.003963759909399789,-0.022689540675152164,0.02006947124662295,0.004652966265994651,0.007421874999999911,-0.023646071700991533,0.012722646310432628,0.022106631989596837,0.005228758169934622,-0.02298850574712641,0.003597122302158251,-0.005959475566150285,0.010843373493975905,-0.026963657678780617
2018-12-17,12.95,17.8,25.83,7.73,8.16,0.0023219814241486336,-0.020363236103467353,-0.01898974553740984,-0.03132832080200498,-0.023923444976076458,False,True,True,True,False,-0.015993907083016068,0.02338269680436489,0.0,0.00391236306729259,-0.012499999999999845,0.029082774049216997,0.008460236886632666,0.003963759909399789,-0.003783579265985715,0.02006947124662295,0.004652966265994651,0.007421874999999911,0.002512562814070307,0.012722646310432628,0.022106631989596837,0.005228758169934622,-0.0011947431302269385,0.003597122302158251,-0.005959475566150285,0.010843373493975905
2018-12-18,12.77,18.09,25.88,7.99,8.11,-0.013899613899613916,0.016292134831460636,0.0019357336430507743,0.03363518758085382,-0.006127450980392246,False,False,False,False,True,0.0023219814241486336,-0.015993907083016068,0.02338269680436489,0.0,-0.020363236103467353,-0.012499999999999845,0.029082774049216997,0.008460236886632666,-0.01898974553740984,-0.003783579265985715,0.02006947124662295,0.004652966265994651,-0.03132832080200498,0.002512562814070307,0.012722646310432628,0.022106631989596837,-0.023923444976076458,-0.0011947431302269385,0.003597122302158251,-0.005959475566150285
2018-12-19,12.64,17.8,25.68,7.92,8.24,-0.010180109631949819,-0.01603095632946372,-0.007727975270479082,-0.008760951188986232,0.01602959309494456,False,True,True,True,True,-0.013899613899613916,0.0023219814241486336,-0.015993907083016068,0.02338269680436489,0.016292134831460636,-0.020363236103467353,-0.012499999999999845,0.029082774049216997,0.0019357336430507743,-0.01898974553740984,-0.003783579265985715,0.02006947124662295,0.03363518758085382,-0.03132832080200498,0.002512562814070307,0.012722646310432628,-0.006127450980392246,-0.023923444976076458,-0.0011947431302269385,0.003597122302158251
2018-12-20,12.49,17.99,25.78,7.97,8.32,-0.011867088607595,0.010674157303370624,0.003894080996884819,0.0063131313131312705,0.009708737864077666,False,False,False,False,True,-0.010180109631949819,-0.013899613899613916,0.0023219814241486336,-0.015993907083016068,-0.01603095632946372,0.016292134831460636,-0.020363236103467353,-0.012499999999999845,-0.007727975270479082,0.0019357336430507743,-0.01898974553740984,-0.003783579265985715,-0.008760951188986232,0.03363518758085382,-0.03132832080200498,0.002512562814070307,0.01602959309494456,-0.006127450980392246,-0.023923444976076458,-0.0011947431302269385
2018-12-21,12.45,17.86,25.35,7.88,8.36,-0.0032025620496397567,-0.007226236798221208,-0.0166795965865012,-0.01129234629861986,0.004807692307692291,False,False,True,False,False,-0.011867088607595,-0.010180109631949819,-0.013899613899613916,0.0023219814241486336,0.010674157303370624,-0.01603095632946372,0.016292134831460636,-0.020363236103467353,0.003894080996884819,-0.007727975270479082,0.0019357336430507743,-0.01898974553740984,0.0063131313131312705,-0.008760951188986232,0.03363518758085382,-0.03132832080200498,0.009708737864077666,0.01602959309494456,-0.006127450980392246,-0.023923444976076458
2018-12-26,12.43,17.8,25.09,8.02,8.22,-0.0016064257028112205,-0.0033594624860021627,-0.010256410256410331,0.017766497461928932,-0.0167464114832534,False,True,False,True,True,-0.0032025620496397567,-0.011867088607595,-0.010180109631949819,-0.013899613899613916,-0.007226236798221208,0.010674157303370624,-0.01603095632946372,0.016292134831460636,-0.0166795965865012,0.003894080996884819,-0.007727975270479082,0.0019357336430507743,-0.01129234629861986,0.0063131313131312705,-0.008760951188986232,0.03363518758085382,0.004807692307692291,0.009708737864077666,0.01602959309494456,-0.006127450980392246
2018-12-27,12.4,18.25,25.52,7.97,8.28,-0.002413515687851975,0.02528089887640439,0.01713830211239542,-0.006234413965087282,0.007299270072992581,True,True,True,True,True,-0.0016064257028112205,-0.0032025620496397567,-0.011867088607595,-0.010180109631949819,-0.0033594624860021627,-0.007226236798221208,0.010674157303370624,-0.01603095632946372,-0.010256410256410331,-0.0166795965865012,0.003894080996884819,-0.007727975270479082,0.017766497461928932,-0.01129234629861986,0.0063131313131312705,-0.008760951188986232,-0.0167464114832534,0.004807692307692291,0.009708737864077666,0.01602959309494456
2018-12-28,12.63,18.55,26.0,8.22,8.48,0.0185483870967742,0.016438356164383494,0.018808777429467183,0.03136762860727749,0.024154589371980784,True,True,True,True,True,-0.002413515687851975,-0.0016064257028112205,-0.0032025620496397567,-0.011867088607595,0.02528089887640439,-0.0033594624860021627,-0.007226236798221208,0.010674157303370624,0.01713830211239542,-0.010256410256410331,-0.0166795965865012,0.003894080996884819,-0.006234413965087282,0.017766497461928932,-0.01129234629861986,0.0063131313131312705,0.007299270072992581,-0.0167464114832534,0.004807692307692291,0.009708737864077666
2019-01-02,13.26,19.6,27.67,8.47,8.69,0.04988123515439424,0.05660377358490565,0.06423076923076931,0.03041362530413627,0.024764150943396013,True,True,True,True,True,0.0185483870967742,-0.002413515687851975,-0.0016064257028112205,-0.0032025620496397567,0.016438356164383494,0.02528089887640439,-0.0033594624860021627,-0.007226236798221208,0.018808777429467183,0.01713830211239542,-0.010256410256410331,-0.0166795965865012,0.03136762860727749,-0.006234413965087282,0.017766497461928932,-0.01129234629861986,0.024154589371980784,0.007299270072992581,-0.0167464114832534,0.004807692307692291
2019-01-03,13.41,20.01,27.92,8.65,8.89,0.011312217194570096,0.02091836734693886,0.009035056017347332,0.021251475796930208,0.023014959723820505,True,False,True,False,True,0.04988123515439424,0.0185483870967742,-0.002413515687851975,-0.0016064257028112205,0.05660377358490565,0.016438356164383494,0.02528089887640439,-0.0033594624860021627,0.06423076923076931,0.018808777429467183,0.01713830211239542,-0.010256410256410331,0.03041362530413627,0.03136762860727749,-0.006234413965087282,0.017766497461928932,0.024764150943396013,0.024154589371980784,0.007299270072992581,-0.0167464114832534
2019-01-04,13.59,19.57,27.45,8.69,8.99,0.01342281879194629,-0.021989005497251468,-0.0168338108882522,0.0046242774566473965,0.011248593925759165,False,True,False,True,False,0.011312217194570096,0.04988123515439424,0.0185483870967742,-0.002413515687851975,0.02091836734693886,0.05660377358490565,0.016438356164383494,0.02528089887640439,0.009035056017347332,0.06423076923076931,0.018808777429467183,0.01713830211239542,0.021251475796930208,0.03041362530413627,0.03136762860727749,-0.006234413965087282,0.023014959723820505,0.024764150943396013,0.024154589371980784,0.007299270072992581
2019-01-07,13.53,19.74,27.8,8.57,8.85,-0.004415011037527616,0.008686765457332601,0.012750455373406355,-0.013808975834292192,-0.015572858731924377,False,True,True,True,False,0.01342281879194629,0.011312217194570096,0.04988123515439424,0.0185483870967742,-0.021989005497251468,0.02091836734693886,0.05660377358490565,0.016438356164383494,-0.0168338108882522,0.009035056017347332,0.06423076923076931,0.018808777429467183,0.0046242774566473965,0.021251475796930208,0.03041362530413627,0.03136762860727749,0.011248593925759165,0.023014959723820505,0.024764150943396013,0.024154589371980784
2019-01-08,13.26,19.96,27.87,8.61,8.78,-0.019955654101995512,0.011144883485309176,0.0025179856115107313,0.004667444574095514,-0.007909604519774072,True,True,True,True,True,-0.004415011037527616,0.01342281879194629,0.011312217194570096,0.04988123515439424,0.008686765457332601,-0.021989005497251468,0.02091836734693886,0.05660377358490565,0.012750455373406355,-0.0168338108882522,0.009035056017347332,0.06423076923076931,-0.013808975834292192,0.0046242774566473965,0.021251475796930208,0.03041362530413627,-0.015572858731924377,0.011248593925759165,0.023014959723820505,0.024764150943396013
2019-01-09,13.45,20.37,28.13,8.78,8.88,0.014328808446455454,0.020541082164328595,0.009329027628274034,0.019744483159117365,0.011389521640091216,True,True,True,False,True,-0.019955654101995512,-0.004415011037527616,0.01342281879194629,0.011312217194570096,0.011144883485309176,0.008686765457332601,-0.021989005497251468,0.02091836734693886,0.0025179856115107313,0.012750455373406355,-0.0168338108882522,0.009035056017347332,0.004667444574095514,-0.013808975834292192,0.0046242774566473965,0.021251475796930208,-0.007909604519774072,-0.015572858731924377,0.011248593925759165,0.023014959723820505
2019-01-10,13.83,20.43,28.13,8.83,8.94,0.028252788104089266,0.002945508100147265,0.0,0.005694760820045719,0.006756756756756577,True,False,True,False,True,0.014328808446455454,-0.019955654101995512,-0.004415011037527616,0.01342281879194629,0.020541082164328595,0.011144883485309176,0.008686765457332601,-0.021989005497251468,0.009329027628274034,0.0025179856115107313,0.012750455373406355,-0.0168338108882522,0.019744483159117365,0.004667444574095514,-0.013808975834292192,0.0046242774566473965,0.011389521640091216,-0.007909604519774072,-0.015572858731924377,0.011248593925759165
2019-01-11,14.19,20.35,27.81,8.85,9.04,0.026030368763557465,-0.003915810083210847,-0.01137575542125846,0.0022650056625141968,0.01118568232662187,True,True,False,True,True,0.028252788104089266,0.014328808446455454,-0.019955654101995512,-0.004415011037527616,0.002945508100147265,0.020541082164328595,0.011144883485309176,0.008686765457332601,0.0,0.009329027628274034,0.0025179856115107313,0.012750455373406355,0.005694760820045719,0.019744483159117365,0.004667444574095514,-0.013808975834292192,0.006756756756756577,0.011389521640091216,-0.007909604519774072,-0.015572858731924377
2019-01-14,14.4,20.37,28.13,8.81,9.14,0.014799154334038223,0.0009828009828010131,0.011506652283351348,-0.004519774011299327,0.01106194690265494,True,True,False,False,False,0.026030368763557465,0.028252788104089266,0.014328808446455454,-0.019955654101995512,-0.003915810083210847,0.002945508100147265,0.020541082164328595,0.011144883485309176,-0.01137575542125846,0.0,0.009329027628274034,0.0025179856115107313,0.0022650056625141968,0.005694760820045719,0.019744483159117365,0.004667444574095514,0.01118568232662187,0.006756756756756577,0.011389521640091216,-0.007909604519774072
2019-01-15,14.53,20.45,27.75,8.77,8.96,0.009027777777777635,0.003927344133529687,-0.013508709562744414,-0.004540295119182858,-0.01969365426695835,True,True,False,False,True,0.014799154334038223,0.026030368763557465,0.028252788104089266,0.014328808446455454,0.0009828009828010131,-0.003915810083210847,0.002945508100147265,0.020541082164328595,0.011506652283351348,-0.01137575542125846,0.0,0.009329027628274034,-0.004519774011299327,0.0022650056625141968,0.005694760820045719,0.019744483159117365,0.01106194690265494,0.01118568232662187,0.006756756756756577,0.011389521640091216
2019-01-16,14.61,20.56,27.69,8.73,9.15,0.00550584996558845,0.005378973105134355,-0.00216216216216214,-0.004561003420752496,0.021205357142856984,True,True,True,False,False,0.009027777777777635,0.014799154334038223,0.026030368763557465,0.028252788104089266,0.003927344133529687,0.0009828009828010131,-0.003915810083210847,0.002945508100147265,-0.013508709562744414,0.011506652283351348,-0.01137575542125846,0.0,-0.004540295119182858,-0.004519774011299327,0.0022650056625141968,0.005694760820045719,-0.01969365426695835,0.01106194690265494,0.01118568232662187,0.006756756756756577
2019-01-17,14.65,20.64,27.62,8.75,9.09,0.002737850787132068,0.0038910505836575737,-0.002527988443481455,0.002290950744558984,-0.006557377049180357,True,True,True,True,False,0.00550584996558845,0.009027777777777635,0.014799154334038223,0.026030368763557465,0.005378973105134355,0.003927344133529687,0.0009828009828010131,-0.003915810083210847,-0.00216216216216214,-0.013508709562744414,0.011506652283351348,-0.01137575542125846,-0.004561003420752496,-0.004540295119182858,-0.004519774011299327,0.0022650056625141968,0.021205357142856984,-0.01969365426695835,0.01106194690265494,0.01118568232662187
2019-01-18,14.78,20.89,27.96,8.97,9.04,0.00887372013651877,0.012112403100775104,0.012309920347574277,0.025142857142857133,-0.005500550055005604,False,False,False,False,True,0.002737850787132068,0.00550584996558845,0.009027777777777635,0.014799154334038223,0.0038910505836575737,0.005378973105134355,0.003927344133529687,0.0009828009828010131,-0.002527988443481455,-0.00216216216216214,-0.013508709562744414,0.011506652283351348,0.002290950744558984,-0.004561003420752496,-0.004540295119182858,-0.004519774011299327,-0.006557377049180357,0.021205357142856984,-0.01969365426695835,0.01106194690265494
2019-01-21,14.78,20.53,27.78,8.88,9.1,0.0,-0.017233125897558654,-0.006437768240343367,-0.010033444816053505,0.006637168141592875,False,False,False,False,False,0.00887372013651877,0.002737850787132068,0.00550584996558845,0.009027777777777635,0.012112403100775104,0.0038910505836575737,0.005378973105134355,0.003927344133529687,0.012309920347574277,-0.002527988443481455,-0.00216216216216214,-0.013508709562744414,0.025142857142857133,0.002290950744558984,-0.004561003420752496,-0.004540295119182858,-0.005500550055005604,-0.006557377049180357,0.021205357142856984,-0.01969365426695835
2019-01-22,14.4,20.51,27.69,8.86,8.97,-0.025710419485791558,-0.00097418412079886,-0.003239740820734305,-0.0022522522522524513,-0.014285714285714124,False,True,True,True,True,0.0,0.00887372013651877,0.002737850787132068,0.00550584996558845,-0.017233125897558654,0.012112403100775104,0.0038910505836575737,0.005378973105134355,-0.006437768240343367,0.012309920347574277,-0.002527988443481455,-0.00216216216216214,-0.010033444816053505,0.025142857142857133,0.002290950744558984,-0.004561003420752496,0.006637168141592875,-0.005500550055005604,-0.006557377049180357,0.021205357142856984
2019-01-23,14.1,20.9,27.93,8.91,9.08,-0.02083333333333337,0.019015114578254444,0.008667388949078925,0.0056433408577878375,0.012263099219620877,False,True,True,False,True,-0.025710419485791558,0.0,0.00887372013651877,0.002737850787132068,-0.00097418412079886,-0.017233125897558654,0.012112403100775104,0.0038910505836575737,-0.003239740820734305,-0.006437768240343367,0.012309920347574277,-0.002527988443481455,-0.0022522522522524513,-0.010033444816053505,0.025142857142857133,0.002290950744558984,-0.014285714285714124,0.006637168141592875,-0.005500550055005604,-0.006557377049180357
2019-01-24,14.09,21.21,27.87,8.98,9.1,-0.0007092198581559739,0.01483253588516753,-0.002148227712137407,0.007856341189674598,0.0022026431718060735,True,True,True,True,True,-0.02083333333333337,-0.025710419485791558,0.0,0.00887372013651877,0.019015114578254444,-0.00097418412079886,-0.017233125897558654,0.012112403100775104,0.008667388949078925,-0.003239740820734305,-0.006437768240343367,0.012309920347574277,0.0056433408577878375,-0.0022522522522524513,-0.010033444816053505,0.025142857142857133,0.012263099219620877,-0.014285714285714124,0.006637168141592875,-0.005500550055005604
2019-01-28,14.74,21.7,28.06,9.2,9.24,0.046132008516678535,0.02310231023102305,0.006817366343738751,0.024498886414253684,0.015384615384615552,False,False,True,False,True,-0.0007092198581559739,-0.02083333333333337,-0.025710419485791558,0.0,0.01483253588516753,0.019015114578254444,-0.00097418412079886,-0.017233125897558654,-0.002148227712137407,0.008667388949078925,-0.003239740820734305,-0.006437768240343367,0.007856341189674598,0.0056433408577878375,-0.0022522522522524513,-0.010033444816053505,0.0022026431718060735,0.012263099219620877,-0.014285714285714124,0.006637168141592875
2019-01-29,14.67,21.11,27.96,9.28,9.29,-0.004748982360922693,-0.02718894009216588,-0.0035637918745544672,0.008695652173912993,0.005411255411255311,True,True,True,False,True,0.046132008516678535,-0.0007092198581559739,-0.02083333333333337,-0.025710419485791558,0.02310231023102305,0.01483253588516753,0.019015114578254444,-0.00097418412079886,0.006817366343738751,-0.002148227712137407,0.008667388949078925,-0.003239740820734305,0.024498886414253684,0.007856341189674598,0.0056433408577878375,-0.0022522522522524513,0.015384615384615552,0.0022026431718060735,0.012263099219620877,-0.014285714285714124
2019-01-30,14.75,21.28,27.92,9.44,9.39,0.005453306066802943,0.008053055423969724,-0.0014306151645206988,0.01724137931034475,0.010764262648008671,False,True,True,True,False,-0.004748982360922693,0.046132008516678535,-0.0007092198581559739,-0.02083333333333337,-0.02718894009216588,0.02310231023102305,0.01483253588516753,0.019015114578254444,-0.0035637918745544672,0.006817366343738751,-0.002148227712137407,0.008667388949078925,0.008695652173912993,0.024498886414253684,0.007856341189674598,0.0056433408577878375,0.005411255411255311,0.015384615384615552,0.0022026431718060735,0.012263099219620877
2019-01-31,14.37,22.07,28.45,9.57,9.11,-0.025762711864406818,0.03712406015037595,0.018982808022922626,0.013771186440677985,-0.029818956336528313,True,False,True,False,True,0.005453306066802943,-0.004748982360922693,0.046132008516678535,-0.0007092198581559739,0.008053055423969724,-0.02718894009216588,0.02310231023102305,0.01483253588516753,-0.0014306151645206988,-0.0035637918745544672,0.006817366343738751,-0.002148227712137407,0.01724137931034475,0.008695652173912993,0.024498886414253684,0.007856341189674598,0.010764262648008671,0.005411255411255311,0.015384615384615552,0.0022026431718060735
2019-02-01,14.87,21.81,28.32,9.6,9.49,0.0347947112038971,-0.011780697779791627,-0.004569420035149374,0.0031347962382444194,0.041712403951701615,True,True,True,True,True,-0.025762711864406818,0.005453306066802943,-0.004748982360922693,0.046132008516678535,0.03712406015037595,0.008053055423969724,-0.02718894009216588,0.02310231023102305,0.018982808022922626,-0.0014306151645206988,-0.0035637918745544672,0.006817366343738751,0.013771186440677985,0.01724137931034475,0.008695652173912993,0.024498886414253684,-0.029818956336528313,0.010764262648008671,0.005411255411255311,0.015384615384615552
2019-02-04,15.15,22.28,28.95,9.81,9.52,0.01882985877605936,0.021549747822100063,0.022245762711864403,0.02187500000000009,0.0031612223393044925,True,False,False,False,True,0.0347947112038971,-0.025762711864406818,0.005453306066802943,-0.004748982360922693,-0.011780697779791627,0.03712406015037595,0.008053055423969724,-0.02718894009216588,-0.004569420035149374,0.018982808022922626,-0.0014306151645206988,-0.0035637918745544672,0.0031347962382444194,0.013771186440677985,0.01724137931034475,0.008695652173912993,0.041712403951701615,-0.029818956336528313,0.010764262648008671,0.005411255411255311
2019-02-05,15.3,22.27,28.07,9.75,9.69,0.00990099009900991,-0.0004488330341113622,-0.030397236614853163,-0.006116207951070374,0.017857142857142794,False,False,False,False,False,0.01882985877605936,0.0347947112038971,-0.025762711864406818,0.005453306066802943,0.021549747822100063,-0.011780697779791627,0.03712406015037595,0.008053055423969724,0.022245762711864403,-0.004569420035149374,0.018982808022922626,-0.0014306151645206988,0.02187500000000009,0.0031347962382444194,0.013771186440677985,0.01724137931034475,0.0031612223393044925,0.041712403951701615,-0.029818956336528313,0.010764262648008671
2019-02-06,14.85,21.21,27.02,9.49,9.35,-0.02941176470588247,-0.04759766502020646,-0.03740648379052369,-0.026666666666666616,-0.03508771929824561,True,True,False,True,False,0.00990099009900991,0.01882985877605936,0.0347947112038971,-0.025762711864406818,-0.0004488330341113622,0.021549747822100063,-0.011780697779791627,0.03712406015037595,-0.030397236614853163,0.022245762711864403,-0.004569420035149374,0.018982808022922626,-0.006116207951070374,0.02187500000000009,0.0031347962382444194,0.013771186440677985,0.017857142857142794,0.0031612223393044925,0.041712403951701615,-0.029818956336528313
2019-02-07,15.39,21.52,27.29,9.33,9.27,0.036363636363636376,0.014615747289014491,0.00999259807549957,-0.01685985247629085,-0.00855614973262031,False,True,True,True,False,-0.02941176470588247,0.00990099009900991,0.01882985877605936,0.0347947112038971,-0.04759766502020646,-0.0004488330341113622,0.021549747822100063,-0.011780697779791627,-0.03740648379052369,-0.030397236614853163,0.022245762711864403,-0.004569420035149374,-0.026666666666666616,-0.006116207951070374,0.02187500000000009,0.0031347962382444194,-0.03508771929824561,0.017857142857142794,0.0031612223393044925,0.041712403951701615
2019-02-08,14.96,22.08,28.09,9.64,9.19,-0.027940220922677006,0.026022304832713727,0.029314767314034373,0.033226152197213255,-0.008629989212513456,True,False,True,False,False,0.036363636363636376,-0.02941176470588247,0.00990099009900991,0.01882985877605936,0.014615747289014491,-0.04759766502020646,-0.0004488330341113622,0.021549747822100063,0.00999259807549957,-0.03740648379052369,-0.030397236614853163,0.022245762711864403,-0.01685985247629085,-0.026666666666666616,-0.006116207951070374,0.02187500000000009,-0.00855614973262031,-0.03508771929824561,0.017857142857142794,0.0031612223393044925
2019-02-11,15.36,21.65,27.7,9.74,9.13,0.026737967914438387,-0.019474637681159424,-0.013883944464222142,0.010373443983402453,-0.006528835690968293,False,True,True,True,False,-0.027940220922677006,0.036363636363636376,-0.02941176470588247,0.00990099009900991,0.026022304832713727,0.014615747289014491,-0.04759766502020646,-0.0004488330341113622,0.029314767314034373,0.00999259807549957,-0.03740648379052369,-0.030397236614853163,0.033226152197213255,-0.01685985247629085,-0.026666666666666616,-0.006116207951070374,-0.008629989212513456,-0.00855614973262031,-0.03508771929824561,0.017857142857142794
2019-02-12,15.33,22.11,28.15,9.83,9.12,-0.001953125,0.02124711316397243,0.016245487364620947,0.00924024640657084,-0.0010952902519169028,False,False,True,False,False,0.026737967914438387,-0.027940220922677006,0.036363636363636376,-0.02941176470588247,-0.019474637681159424,0.026022304832713727,0.014615747289014491,-0.04759766502020646,-0.013883944464222142,0.029314767314034373,0.00999259807549957,-0.03740648379052369,0.010373443983402453,0.033226152197213255,-0.01685985247629085,-0.026666666666666616,-0.006528835690968293,-0.008629989212513456,-0.00855614973262031,-0.03508771929824561
2019-02-13,15.1,21.93,27.54,10.16,9.02,-0.015003261578604099,-0.008141112618724522,-0.021669626998223834,0.033570701932858604,-0.010964912280701733,True,True,True,True,True,-0.001953125,0.026737967914438387,-0.027940220922677006,0.036363636363636376,0.02124711316397243,-0.019474637681159424,0.026022304832713727,0.014615747289014491,0.016245487364620947,-0.013883944464222142,0.029314767314034373,0.00999259807549957,0.00924024640657084,0.010373443983402453,0.033226152197213255,-0.01685985247629085,-0.0010952902519169028,-0.006528835690968293,-0.008629989212513456,-0.00855614973262031
2019-02-14,15.26,22.67,28.31,10.17,9.11,0.01059602649006619,0.03374373005015974,0.027959331880900384,0.0009842519685039353,0.009977827050997812,False,False,False,False,True,-0.015003261578604099,-0.001953125,0.026737967914438387,-0.027940220922677006,-0.008141112618724522,0.02124711316397243,-0.019474637681159424,0.026022304832713727,-0.021669626998223834,0.016245487364620947,-0.013883944464222142,0.029314767314034373,0.033570701932858604,0.00924024640657084,0.010373443983402453,0.033226152197213255,-0.010964912280701733,-0.0010952902519169028,-0.006528835690968293,-0.008629989212513456
2019-02-15,15.18,22.37,28.24,9.93,9.14,-0.005242463958060273,-0.01323334803705345,-0.0024726245143058545,-0.02359882005899705,0.003293084522502765,False,False,False,False,True,0.01059602649006619,-0.015003261578604099,-0.001953125,0.026737967914438387,0.03374373005015974,-0.008141112618724522,0.02124711316397243,-0.019474637681159424,0.027959331880900384,-0.021669626998223834,0.016245487364620947,-0.013883944464222142,0.0009842519685039353,0.033570701932858604,0.00924024640657084,0.010373443983402453,0.009977827050997812,-0.010964912280701733,-0.0010952902519169028,-0.006528835690968293
2019-02-18,14.93,21.86,27.83,9.89,9.23,-0.016469038208168696,-0.02279839070183287,-0.01451841359773376,-0.004028197381671594,0.009846827133479286,True,True,True,True,True,-0.005242463958060273,0.01059602649006619,-0.015003261578604099,-0.001953125,-0.01323334803705345,0.03374373005015974,-0.008141112618724522,0.02124711316397243,-0.0024726245143058545,0.027959331880900384,-0.021669626998223834,0.016245487364620947,-0.02359882005899705,0.0009842519685039353,0.033570701932858604,0.00924024640657084,0.003293084522502765,0.009977827050997812,-0.010964912280701733,-0.0010952902519169028
2019-02-19,15.04,22.21,28.41,10.04,9.37,0.007367716008037428,0.0160109789569991,0.020840819259791754,0.015166835187057526,0.015167930660888285,False,False,True,False,False,-0.016469038208168696,-0.005242463958060273,0.01059602649006619,-0.015003261578604099,-0.02279839070183287,-0.01323334803705345,0.03374373005015974,-0.008141112618724522,-0.01451841359773376,-0.0024726245143058545,0.027959331880900384,-0.021669626998223834,-0.004028197381671594,-0.02359882005899705,0.0009842519685039353,0.033570701932858604,0.009846827133479286,0.003293084522502765,0.009977827050997812,-0.010964912280701733
2019-02-20,14.9,21.78,28.16,10.23,9.08,-0.00930851063829774,-0.019360648356596122,-0.008799718409010948,0.018924302788844827,-0.03094983991462108,True,True,False,True,True,0.007367716008037428,-0.016469038208168696,-0.005242463958060273,0.01059602649006619,0.0160109789569991,-0.02279839070183287,-0.01323334803705345,0.03374373005015974,0.020840819259791754,-0.01451841359773376,-0.0024726245143058545,0.027959331880900384,0.015166835187057526,-0.004028197381671594,-0.02359882005899705,0.0009842519685039353,0.015167930660888285,0.009846827133479286,0.003293084522502765,0.009977827050997812
2019-02-21,15.04,22.05,28.9,10.11,9.13,0.009395973154362247,0.012396694214876103,0.02627840909090895,-0.011730205278592476,0.005506607929515406,False,False,True,True,True,-0.00930851063829774,0.007367716008037428,-0.016469038208168696,-0.005242463958060273,-0.019360648356596122,0.0160109789569991,-0.02279839070183287,-0.01323334803705345,-0.008799718409010948,0.020840819259791754,-0.01451841359773376,-0.0024726245143058545,0.018924302788844827,0.015166835187057526,-0.004028197381671594,-0.02359882005899705,-0.03094983991462108,0.015167930660888285,0.009846827133479286,0.003293084522502765
2019-02-22,15.04,22.0,29.25,10.16,9.21,0.0,-0.0022675736961451642,0.01211072664359869,0.004945598417408492,0.008762322015334112,True,False,False,False,False,0.009395973154362247,-0.00930851063829774,0.007367716008037428,-0.016469038208168696,0.012396694214876103,-0.019360648356596122,0.0160109789569991,-0.02279839070183287,0.02627840909090895,-0.008799718409010948,0.020840819259791754,-0.01451841359773376,-0.011730205278592476,0.018924302788844827,0.015166835187057526,-0.004028197381671594,0.005506607929515406,-0.03094983991462108,0.015167930660888285,0.009846827133479286
2019-02-25,15.1,21.85,28.93,9.98,8.96,0.003989361702127603,-0.006818181818181723,-0.010940170940170968,-0.017716535433070835,-0.02714440825190012,True,True,False,False,False,0.0,0.009395973154362247,-0.00930851063829774,0.007367716008037428,-0.0022675736961451642,0.012396694214876103,-0.019360648356596122,0.0160109789569991,0.01211072664359869,0.02627840909090895,-0.008799718409010948,0.020840819259791754,0.004945598417408492,-0.011730205278592476,0.018924302788844827,0.015166835187057526,0.008762322015334112,0.005506607929515406,-0.03094983991462108,0.015167930660888285
2019-02-26,15.18,21.94,28.88,9.86,8.9,0.005298013245033095,0.004118993135011406,-0.001728309713100562,-0.012024048096192508,-0.006696428571428603,False,False,True,False,True,0.003989361702127603,0.0,0.009395973154362247,-0.00930851063829774,-0.006818181818181723,-0.0022675736961451642,0.012396694214876103,-0.019360648356596122,-0.010940170940170968,0.01211072664359869,0.02627840909090895,-0.008799718409010948,-0.017716535433070835,0.004945598417408492,-0.011730205278592476,0.018924302788844827,-0.02714440825190012,0.008762322015334112,0.005506607929515406,-0.03094983991462108
2019-02-27,15.07,21.8,28.79,9.91,9.02,-0.007246376811594124,-0.006381039197812188,-0.0031163434903046516,0.005070993914807476,0.01348314606741563,False,False,False,False,False,0.005298013245033095,0.003989361702127603,0.0,0.009395973154362247,0.004118993135011406,-0.006818181818181723,-0.0022675736961451642,0.012396694214876103,-0.001728309713100562,-0.010940170940170968,0.01211072664359869,0.02627840909090895,-0.012024048096192508,-0.017716535433070835,0.004945598417408492,-0.011730205278592476,-0.006696428571428603,-0.02714440825190012,0.008762322015334112,0.005506607929515406
2019-02-28,14.14,21.13,28.48,9.72,8.94,-0.06171201061712006,-0.03073394495412851,-0.010767627648489042,-0.019172552976791102,-0.008869179600886956,False,False,False,False,False,-0.007246376811594124,0.005298013245033095,0.003989361702127603,0.0,-0.006381039197812188,0.004118993135011406,-0.006818181818181723,-0.0022675736961451642,-0.0031163434903046516,-0.001728309713100562,-0.010940170940170968,0.01211072664359869,0.005070993914807476,-0.012024048096192508,-0.017716535433070835,0.004945598417408492,0.01348314606741563,-0.006696428571428603,-0.02714440825190012,0.008762322015334112
2019-03-01,13.82,20.51,28.16,9.71,8.91,-0.022630834512022635,-0.029342167534311292,-0.011235955056179803,-0.0010288065843621075,-0.003355704697986517,False,False,False,False,True,-0.06171201061712006,-0.007246376811594124,0.005298013245033095,0.003989361702127603,-0.03073394495412851,-0.006381039197812188,0.004118993135011406,-0.006818181818181723,-0.010767627648489042,-0.0031163434903046516,-0.001728309713100562,-0.010940170940170968,-0.019172552976791102,0.005070993914807476,-0.012024048096192508,-0.017716535433070835,-0.008869179600886956,0.01348314606741563,-0.006696428571428603,-0.02714440825190012
2019-03-06,13.44,20.4,27.93,9.63,9.02,-0.02749638205499283,-0.005363237445148883,-0.008167613636363646,-0.008238928939237944,0.012345679012345512,True,True,True,True,False,-0.022630834512022635,-0.06171201061712006,-0.007246376811594124,0.005298013245033095,-0.029342167534311292,-0.03073394495412851,-0.006381039197812188,0.004118993135011406,-0.011235955056179803,-0.010767627648489042,-0.0031163434903046516,-0.001728309713100562,-0.0010288065843621075,-0.019172552976791102,0.005070993914807476,-0.012024048096192508,-0.003355704697986517,-0.008869179600886956,0.01348314606741563,-0.006696428571428603
2019-03-07,13.7,20.54,28.55,9.71,8.99,0.019345238095238138,0.006862745098039191,0.022198353025420836,0.008307372793354029,-0.003325942350332567,False,True,True,True,True,-0.02749638205499283,-0.022630834512022635,-0.06171201061712006,-0.007246376811594124,-0.005363237445148883,-0.029342167534311292,-0.03073394495412851,-0.006381039197812188,-0.008167613636363646,-0.011235955056179803,-0.010767627648489042,-0.0031163434903046516,-0.008238928939237944,-0.0010288065843621075,-0.019172552976791102,0.005070993914807476,0.012345679012345512,-0.003355704697986517,-0.008869179600886956,0.01348314606741563
2019-03-08,13.62,20.74,28.92,9.75,9.13,-0.00583941605839422,0.009737098344693162,0.012959719789842339,0.004119464469618972,0.015572858731924377,True,True,True,True,True,0.019345238095238138,-0.02749638205499283,-0.022630834512022635,-0.06171201061712006,0.006862745098039191,-0.005363237445148883,-0.029342167534311292,-0.03073394495412851,0.022198353025420836,-0.008167613636363646,-0.011235955056179803,-0.010767627648489042,0.008307372793354029,-0.008238928939237944,-0.0010288065843621075,-0.019172552976791102,-0.003325942350332567,0.012345679012345512,-0.003355704697986517,-0.008869179600886956
2019-03-11,14.05,21.59,29.4,9.82,9.22,0.031571218795888534,0.040983606557377206,0.016597510373443924,0.007179487179487243,0.009857612267250904,False,True,True,True,True,-0.00583941605839422,0.019345238095238138,-0.02749638205499283,-0.022630834512022635,0.009737098344693162,0.006862745098039191,-0.005363237445148883,-0.029342167534311292,0.012959719789842339,0.022198353025420836,-0.008167613636363646,-0.011235955056179803,0.004119464469618972,0.008307372793354029,-0.008238928939237944,-0.0010288065843621075,0.015572858731924377,-0.003325942350332567,0.012345679012345512,-0.003355704697986517
2019-03-12,13.96,21.82,29.45,9.89,9.23,-0.006405693950177871,0.010653080129689796,0.001700680272108901,0.007128309572301372,0.0010845986984815426,False,False,False,True,True,0.031571218795888534,-0.00583941605839422,0.019345238095238138,-0.02749638205499283,0.040983606557377206,0.009737098344693162,0.006862745098039191,-0.005363237445148883,0.016597510373443924,0.012959719789842339,0.022198353025420836,-0.008167613636363646,0.007179487179487243,0.004119464469618972,0.008307372793354029,-0.008238928939237944,0.009857612267250904,0.015572858731924377,-0.003325942350332567,0.012345679012345512
2019-03-13,13.87,21.81,29.77,9.87,9.31,-0.006446991404011615,-0.00045829514207151867,0.010865874363327643,-0.002022244691607833,0.008667388949079147,False,False,False,False,False,-0.006405693950177871,0.031571218795888534,-0.00583941605839422,0.019345238095238138,0.010653080129689796,0.040983606557377206,0.009737098344693162,0.006862745098039191,0.001700680272108901,0.016597510373443924,0.012959719789842339,0.022198353025420836,0.007128309572301372,0.007179487179487243,0.004119464469618972,0.008307372793354029,0.0010845986984815426,0.009857612267250904,0.015572858731924377,-0.003325942350332567
2019-03-14,13.68,21.73,29.12,9.74,9.27,-0.013698630136986245,-0.003668042182485065,-0.02183406113537112,-0.01317122593718334,-0.004296455424275036,True,True,True,False,True,-0.006446991404011615,-0.006405693950177871,0.031571218795888534,-0.00583941605839422,-0.00045829514207151867,0.010653080129689796,0.040983606557377206,0.009737098344693162,0.010865874363327643,0.001700680272108901,0.016597510373443924,0.012959719789842339,-0.002022244691607833,0.007128309572301372,0.007179487179487243,0.004119464469618972,0.008667388949079147,0.0010845986984815426,0.009857612267250904,0.015572858731924377
2019-03-15,13.76,21.84,28.73,9.85,9.35,0.005847953216374213,0.005062126092959085,-0.013392857142857206,0.011293634496919891,0.008629989212513456,True,True,True,True,False,-0.013698630136986245,-0.006446991404011615,-0.006405693950177871,0.031571218795888534,-0.003668042182485065,-0.00045829514207151867,0.010653080129689796,0.040983606557377206,-0.02183406113537112,0.010865874363327643,0.001700680272108901,0.016597510373443924,-0.01317122593718334,-0.002022244691607833,0.007128309572301372,0.007179487179487243,-0.004296455424275036,0.008667388949079147,0.0010845986984815426,0.009857612267250904
2019-03-18,14.21,22.0,29.34,9.91,9.27,0.03270348837209314,0.0073260073260073,0.02123216150365459,0.006091370558375608,-0.00855614973262031,False,False,False,False,False,0.005847953216374213,-0.013698630136986245,-0.006446991404011615,-0.006405693950177871,0.005062126092959085,-0.003668042182485065,-0.00045829514207151867,0.010653080129689796,-0.013392857142857206,-0.02183406113537112,0.010865874363327643,0.001700680272108901,0.011293634496919891,-0.01317122593718334,-0.002022244691607833,0.007128309572301372,0.008629989212513456,-0.004296455424275036,0.008667388949079147,0.0010845986984815426
2019-03-19,14.11,21.56,29.03,9.88,9.27,-0.0070372976776919005,-0.020000000000000018,-0.0105657805044308,-0.003027245206861706,0.0,False,False,True,False,False,0.03270348837209314,0.005847953216374213,-0.013698630136986245,-0.006446991404011615,0.0073260073260073,0.005062126092959085,-0.003668042182485065,-0.00045829514207151867,0.02123216150365459,-0.013392857142857206,-0.02183406113537112,0.010865874363327643,0.006091370558375608,0.011293634496919891,-0.01317122593718334,-0.002022244691607833,-0.00855614973262031,0.008629989212513456,-0.004296455424275036,0.008667388949079147
2019-03-20,13.96,21.16,28.61,9.91,9.11,-0.010630758327427214,-0.01855287569573283,-0.014467791939373087,0.0030364372469635637,-0.017259978425027023,False,False,False,False,False,-0.0070372976776919005,0.03270348837209314,0.005847953216374213,-0.013698630136986245,-0.020000000000000018,0.0073260073260073,0.005062126092959085,-0.003668042182485065,-0.0105657805044308,0.02123216150365459,-0.013392857142857206,-0.02183406113537112,-0.003027245206861706,0.006091370558375608,0.011293634496919891,-0.01317122593718334,0.0,-0.00855614973262031,0.008629989212513456,-0.004296455424275036
2019-03-21,13.94,20.49,28.02,9.91,9.01,-0.0014326647564470996,-0.031663516068053066,-0.02062216008388673,0.0,-0.010976948408342402,False,False,False,False,False,-0.010630758327427214,-0.0070372976776919005,0.03270348837209314,0.005847953216374213,-0.01855287569573283,-0.020000000000000018,0.0073260073260073,0.005062126092959085,-0.014467791939373087,-0.0105657805044308,0.02123216150365459,-0.013392857142857206,0.0030364372469635637,-0.003027245206861706,0.006091370558375608,0.011293634496919891,-0.017259978425027023,0.0,-0.00855614973262031,0.008629989212513456
2019-03-22,13.73,19.95,27.34,9.55,8.85,-0.01506456241032994,-0.026354319180087793,-0.024268379728765166,-0.03632694248234103,-0.017758046614872347,False,True,True,False,False,-0.0014326647564470996,-0.010630758327427214,-0.0070372976776919005,0.03270348837209314,-0.031663516068053066,-0.01855287569573283,-0.020000000000000018,0.0073260073260073,-0.02062216008388673,-0.014467791939373087,-0.0105657805044308,0.02123216150365459,0.0,0.0030364372469635637,-0.003027245206861706,0.006091370558375608,-0.010976948408342402,-0.017259978425027023,0.0,-0.00855614973262031
2019-03-25,13.56,20.03,27.16,9.58,8.79,-0.012381646030589999,0.004010025062656686,-0.006583760058522348,0.003141361256544517,-0.006779661016949157,True,True,False,False,False,-0.01506456241032994,-0.0014326647564470996,-0.010630758327427214,-0.0070372976776919005,-0.026354319180087793,-0.031663516068053066,-0.01855287569573283,-0.020000000000000018,-0.024268379728765166,-0.02062216008388673,-0.014467791939373087,-0.0105657805044308,-0.03632694248234103,0.0,0.0030364372469635637,-0.003027245206861706,-0.017758046614872347,-0.010976948408342402,-0.017259978425027023,0.0
2019-03-26,13.95,20.09,27.09,9.57,8.77,0.028761061946902533,0.0029955067398901303,-0.002577319587628857,-0.0010438413361169019,-0.0022753128555176305,False,False,False,False,False,-0.012381646030589999,-0.01506456241032994,-0.0014326647564470996,-0.010630758327427214,0.004010025062656686,-0.026354319180087793,-0.031663516068053066,-0.01855287569573283,-0.006583760058522348,-0.024268379728765166,-0.02062216008388673,-0.014467791939373087,0.003141361256544517,-0.03632694248234103,0.0,0.0030364372469635637,-0.006779661016949157,-0.017758046614872347,-0.010976948408342402,-0.017259978425027023
2019-03-27,13.58,19.46,26.38,9.31,8.5,-0.02652329749103932,-0.03135888501742157,-0.026208933185677408,-0.027168234064785746,-0.030786773090079822,True,True,True,True,True,0.028761061946902533,-0.012381646030589999,-0.01506456241032994,-0.0014326647564470996,0.0029955067398901303,0.004010025062656686,-0.026354319180087793,-0.031663516068053066,-0.002577319587628857,-0.006583760058522348,-0.024268379728765166,-0.02062216008388673,-0.0010438413361169019,0.003141361256544517,-0.03632694248234103,0.0,-0.0022753128555176305,-0.006779661016949157,-0.017758046614872347,-0.010976948408342402
2019-03-28,13.75,20.3,27.12,9.54,8.79,0.012518409425625876,0.043165467625899234,0.02805155420773331,0.02470461868958096,0.034117647058823364,True,True,False,True,False,-0.02652329749103932,0.028761061946902533,-0.012381646030589999,-0.01506456241032994,-0.03135888501742157,0.0029955067398901303,0.004010025062656686,-0.026354319180087793,-0.026208933185677408,-0.002577319587628857,-0.006583760058522348,-0.024268379728765166,-0.027168234064785746,-0.0010438413361169019,0.003141361256544517,-0.03632694248234103,-0.030786773090079822,-0.0022753128555176305,-0.006779661016949157,-0.017758046614872347
2019-03-29,13.82,20.77,27.34,9.51,8.76,0.005090909090909035,0.023152709359605783,0.008112094395280156,-0.0031446540880502027,-0.0034129692832763903,False,True,False,False,True,0.012518409425625876,-0.02652329749103932,0.028761061946902533,-0.012381646030589999,0.043165467625899234,-0.03135888501742157,0.0029955067398901303,0.004010025062656686,0.02805155420773331,-0.026208933185677408,-0.002577319587628857,-0.006583760058522348,0.02470461868958096,-0.027168234064785746,-0.0010438413361169019,0.003141361256544517,0.034117647058823364,-0.030786773090079822,-0.0022753128555176305,-0.006779661016949157
2019-04-01,13.81,20.81,27.17,9.27,8.8,-0.0007235890014472002,0.001925854597977894,-0.006217995610826588,-0.025236593059936974,0.004566210045662267,False,False,False,False,True,0.005090909090909035,0.012518409425625876,-0.02652329749103932,0.028761061946902533,0.023152709359605783,0.043165467625899234,-0.03135888501742157,0.0029955067398901303,0.008112094395280156,0.02805155420773331,-0.026208933185677408,-0.002577319587628857,-0.0031446540880502027,0.02470461868958096,-0.027168234064785746,-0.0010438413361169019,-0.0034129692832763903,0.034117647058823364,-0.030786773090079822,-0.0022753128555176305
2019-04-02,13.77,20.62,26.94,9.16,8.88,-0.002896451846488124,-0.009130225852955198,-0.00846521899153485,-0.011866235167205974,0.009090909090909038,True,False,False,False,True,-0.0007235890014472002,0.005090909090909035,0.012518409425625876,-0.02652329749103932,0.001925854597977894,0.023152709359605783,0.043165467625899234,-0.03135888501742157,-0.006217995610826588,0.008112094395280156,0.02805155420773331,-0.026208933185677408,-0.025236593059936974,-0.0031446540880502027,0.02470461868958096,-0.027168234064785746,0.004566210045662267,-0.0034129692832763903,0.034117647058823364,-0.030786773090079822
2019-04-03,13.82,20.36,26.58,8.95,8.99,0.0036310820624547713,-0.012609117361784716,-0.013363028953229494,-0.022925764192139875,0.012387387387387427,True,True,True,True,True,-0.002896451846488124,-0.0007235890014472002,0.005090909090909035,0.012518409425625876,-0.009130225852955198,0.001925854597977894,0.023152709359605783,0.043165467625899234,-0.00846521899153485,-0.006217995610826588,0.008112094395280156,0.02805155420773331,-0.011866235167205974,-0.025236593059936974,-0.0031446540880502027,0.02470461868958096,0.009090909090909038,0.004566210045662267,-0.0034129692832763903,0.034117647058823364
2019-04-04,14.22,20.69,26.99,9.02,9.16,0.02894356005788712,0.016208251473477597,0.015425131677953452,0.007821229050279266,0.018909899888765347,True,True,False,True,True,0.0036310820624547713,-0.002896451846488124,-0.0007235890014472002,0.005090909090909035,-0.012609117361784716,-0.009130225852955198,0.001925854597977894,0.023152709359605783,-0.013363028953229494,-0.00846521899153485,-0.006217995610826588,0.008112094395280156,-0.022925764192139875,-0.011866235167205974,-0.025236593059936974,-0.0031446540880502027,0.012387387387387427,0.009090909090909038,0.004566210045662267,-0.0034129692832763903
2019-04-05,14.32,20.8,27.35,9.02,9.28,0.007032348804500765,0.0053165780570323395,0.013338273434605474,0.0,0.013100436681222627,False,True,True,False,False,0.02894356005788712,0.0036310820624547713,-0.002896451846488124,-0.0007235890014472002,0.016208251473477597,-0.012609117361784716,-0.009130225852955198,0.001925854597977894,0.015425131677953452,-0.013363028953229494,-0.00846521899153485,-0.006217995610826588,0.007821229050279266,-0.022925764192139875,-0.011866235167205974,-0.025236593059936974,0.018909899888765347,0.012387387387387427,0.009090909090909038,0.004566210045662267
2019-04-08,14.24,20.87,27.22,9.05,9.13,-0.005586592178770999,0.0033653846153847145,-0.004753199268738628,0.003325942350332678,-0.016163793103448176,True,False,False,False,False,0.007032348804500765,0.02894356005788712,0.0036310820624547713,-0.002896451846488124,0.0053165780570323395,0.016208251473477597,-0.012609117361784716,-0.009130225852955198,0.013338273434605474,0.015425131677953452,-0.013363028953229494,-0.00846521899153485,0.0,0.007821229050279266,-0.022925764192139875,-0.011866235167205974,0.013100436681222627,0.018909899888765347,0.012387387387387427,0.009090909090909038
2019-04-09,14.52,20.75,27.09,8.86,9.01,0.0196629213483146,-0.005749880210829006,-0.004775900073475392,-0.020994475138121693,-0.013143483023001168,False,False,False,False,False,-0.005586592178770999,0.007032348804500765,0.02894356005788712,0.0036310820624547713,0.0033653846153847145,0.0053165780570323395,0.016208251473477597,-0.012609117361784716,-0.004753199268738628,0.013338273434605474,0.015425131677953452,-0.013363028953229494,0.003325942350332678,0.0,0.007821229050279266,-0.022925764192139875,-0.016163793103448176,0.013100436681222627,0.018909899888765347,0.012387387387387427
2019-04-10,14.41,20.56,26.87,8.8,8.92,-0.007575757575757569,-0.009156626506024113,-0.008121077888519679,-0.006772009029345272,-0.009988901220865709,False,False,False,False,False,0.0196629213483146,-0.005586592178770999,0.007032348804500765,0.02894356005788712,-0.005749880210829006,0.0033653846153847145,0.0053165780570323395,0.016208251473477597,-0.004775900073475392,-0.004753199268738628,0.013338273434605474,0.015425131677953452,-0.020994475138121693,0.003325942350332678,0.0,0.007821229050279266,-0.013143483023001168,-0.016163793103448176,0.013100436681222627,0.018909899888765347
2019-04-11,14.16,20.34,26.52,8.75,8.88,-0.017349063150589816,-0.010700389105058328,-0.013025679196129514,-0.005681818181818232,-0.004484304932735328,False,False,False,False,False,-0.007575757575757569,0.0196629213483146,-0.005586592178770999,0.007032348804500765,-0.009156626506024113,-0.005749880210829006,0.0033653846153847145,0.0053165780570323395,-0.008121077888519679,-0.004775900073475392,-0.004753199268738628,0.013338273434605474,-0.006772009029345272,-0.020994475138121693,0.003325942350332678,0.0,-0.009988901220865709,-0.013143483023001168,-0.016163793103448176,0.013100436681222627
2019-04-12,14.0,20.09,26.24,8.63,8.88,-0.011299435028248594,-0.012291052114061007,-0.010558069381598867,-0.013714285714285679,0.0,True,False,True,True,True,-0.017349063150589816,-0.007575757575757569,0.0196629213483146,-0.005586592178770999,-0.010700389105058328,-0.009156626506024113,-0.005749880210829006,0.0033653846153847145,-0.013025679196129514,-0.008121077888519679,-0.004775900073475392,-0.004753199268738628,-0.005681818181818232,-0.006772009029345272,-0.020994475138121693,0.003325942350332678,-0.004484304932735328,-0.009988901220865709,-0.013143483023001168,-0.016163793103448176
2019-04-15,14.3,19.94,26.37,8.86,8.96,0.021428571428571574,-0.0074664011946241615,0.004954268292683084,0.026651216685978918,0.009009009009008917,True,False,False,False,True,-0.011299435028248594,-0.017349063150589816,-0.007575757575757569,0.0196629213483146,-0.012291052114061007,-0.010700389105058328,-0.009156626506024113,-0.005749880210829006,-0.010558069381598867,-0.013025679196129514,-0.008121077888519679,-0.004775900073475392,-0.013714285714285679,-0.005681818181818232,-0.006772009029345272,-0.020994475138121693,0.0,-0.004484304932735328,-0.009988901220865709,-0.013143483023001168
2019-04-16,14.39,19.92,26.19,8.77,9.13,0.0062937062937062915,-0.0010030090270811698,-0.0068259385665528916,-0.010158013544018019,0.01897321428571419,False,False,False,False,False,0.021428571428571574,-0.011299435028248594,-0.017349063150589816,-0.007575757575757569,-0.0074664011946241615,-0.012291052114061007,-0.010700389105058328,-0.009156626506024113,0.004954268292683084,-0.010558069381598867,-0.013025679196129514,-0.008121077888519679,0.026651216685978918,-0.013714285714285679,-0.005681818181818232,-0.006772009029345272,0.009009009009008917,0.0,-0.004484304932735328,-0.009988901220865709
2019-04-17,14.0,19.82,26.05,8.63,9.01,-0.02710215427380125,-0.005020080321285203,-0.005345551737304333,-0.015963511972633793,-0.013143483023001168,True,True,True,True,True,0.0062937062937062915,0.021428571428571574,-0.011299435028248594,-0.017349063150589816,-0.0010030090270811698,-0.0074664011946241615,-0.012291052114061007,-0.010700389105058328,-0.0068259385665528916,0.004954268292683084,-0.010558069381598867,-0.013025679196129514,-0.010158013544018019,0.026651216685978918,-0.013714285714285679,-0.005681818181818232,0.01897321428571419,0.009009009009008917,0.0,-0.004484304932735328
2019-04-18,14.02,20.06,26.41,8.78,9.07,0.0014285714285713347,0.012108980827447047,0.013819577735124655,0.017381228273464444,0.006659267480577213,True,False,False,False,True,-0.02710215427380125,0.0062937062937062915,0.021428571428571574,-0.011299435028248594,-0.005020080321285203,-0.0010030090270811698,-0.0074664011946241615,-0.012291052114061007,-0.005345551737304333,-0.0068259385665528916,0.004954268292683084,-0.010558069381598867,-0.015963511972633793,-0.010158013544018019,0.026651216685978918,-0.013714285714285679,-0.013143483023001168,0.01897321428571419,0.009009009009008917,0.0
2019-04-22,14.37,20.05,26.23,8.73,9.13,0.024964336661911446,-0.0004985044865403188,-0.006815600151457768,-0.005694760820045386,0.006615214994487362,True,True,True,True,True,0.0014285714285713347,-0.02710215427380125,0.0062937062937062915,0.021428571428571574,0.012108980827447047,-0.005020080321285203,-0.0010030090270811698,-0.0074664011946241615,0.013819577735124655,-0.005345551737304333,-0.0068259385665528916,0.004954268292683084,0.017381228273464444,-0.015963511972633793,-0.010158013544018019,0.026651216685978918,0.006659267480577213,-0.013143483023001168,0.01897321428571419,0.009009009009008917
2019-04-23,14.51,20.42,26.71,8.9,9.37,0.009742519137091232,0.01845386533665838,0.018299656881433535,0.019473081328751363,0.026286966046002114,True,True,True,False,False,0.024964336661911446,0.0014285714285713347,-0.02710215427380125,0.0062937062937062915,-0.0004985044865403188,0.012108980827447047,-0.005020080321285203,-0.0010030090270811698,-0.006815600151457768,0.013819577735124655,-0.005345551737304333,-0.0068259385665528916,-0.005694760820045386,0.017381228273464444,-0.015963511972633793,-0.010158013544018019,0.006615214994487362,0.006659267480577213,-0.013143483023001168,0.01897321428571419
2019-04-24,14.55,20.43,26.71,8.92,9.15,0.002756719503790528,0.0004897159647403448,0.0,0.0022471910112358273,-0.02347918890074696,True,False,True,True,True,0.009742519137091232,0.024964336661911446,0.0014285714285713347,-0.02710215427380125,0.01845386533665838,-0.0004985044865403188,0.012108980827447047,-0.005020080321285203,0.018299656881433535,-0.006815600151457768,0.013819577735124655,-0.005345551737304333,0.019473081328751363,-0.005694760820045386,0.017381228273464444,-0.015963511972633793,0.026286966046002114,0.006615214994487362,0.006659267480577213,-0.013143483023001168
2019-04-25,15.03,20.42,26.88,8.97,9.27,0.03298969072164937,-0.0004894762604013003,0.0063646574316733595,0.005605381165919354,0.013114754098360493,False,False,True,False,True,0.002756719503790528,0.009742519137091232,0.024964336661911446,0.0014285714285713347,0.0004897159647403448,0.01845386533665838,-0.0004985044865403188,0.012108980827447047,0.0,0.018299656881433535,-0.006815600151457768,0.013819577735124655,0.0022471910112358273,0.019473081328751363,-0.005694760820045386,0.017381228273464444,-0.02347918890074696,0.026286966046002114,0.006615214994487362,0.006659267480577213
2019-04-26,15.01,20.42,26.86,9.08,9.29,-0.0013306719893545482,0.0,-0.0007440476190475609,0.012263099219620877,0.0021574973031284195,True,False,False,True,False,0.03298969072164937,0.002756719503790528,0.009742519137091232,0.024964336661911446,-0.0004894762604013003,0.0004897159647403448,0.01845386533665838,-0.0004985044865403188,0.0063646574316733595,0.0,0.018299656881433535,-0.006815600151457768,0.005605381165919354,0.0022471910112358273,0.019473081328751363,-0.005694760820045386,0.013114754098360493,-0.02347918890074696,0.026286966046002114,0.006615214994487362
2019-04-29,15.06,20.36,26.89,8.92,9.13,0.0033311125916055673,-0.0029382957884428462,0.0011169024571855424,-0.017621145374449365,-0.017222820236813652,True,True,True,False,False,-0.0013306719893545482,0.03298969072164937,0.002756719503790528,0.009742519137091232,0.0,-0.0004894762604013003,0.0004897159647403448,0.01845386533665838,-0.0007440476190475609,0.0063646574316733595,0.0,0.018299656881433535,0.012263099219620877,0.005605381165919354,0.0022471910112358273,0.019473081328751363,0.0021574973031284195,0.013114754098360493,-0.02347918890074696,0.026286966046002114
2019-04-30,15.16,20.42,26.89,8.95,9.05,0.006640106241699861,0.0029469548133596035,0.0,0.0033632286995515237,-0.008762322015334112,False,True,False,True,True,0.0033311125916055673,-0.0013306719893545482,0.03298969072164937,0.002756719503790528,-0.0029382957884428462,0.0,-0.0004894762604013003,0.0004897159647403448,0.0011169024571855424,-0.0007440476190475609,0.0063646574316733595,0.0,-0.017621145374449365,0.012263099219620877,0.005605381165919354,0.0022471910112358273,-0.017222820236813652,0.0021574973031284195,0.013114754098360493,-0.02347918890074696
2019-05-02,14.74,20.5,27.01,8.91,9.14,-0.02770448548812665,0.003917727717923425,0.004462625511342466,-0.004469273743016644,0.009944751381215422,False,True,False,False,False,0.006640106241699861,0.0033311125916055673,-0.0013306719893545482,0.03298969072164937,0.0029469548133596035,-0.0029382957884428462,0.0,-0.0004894762604013003,0.0,0.0011169024571855424,-0.0007440476190475609,0.0063646574316733595,0.0033632286995515237,-0.017621145374449365,0.012263099219620877,0.005605381165919354,-0.008762322015334112,-0.017222820236813652,0.0021574973031284195,0.013114754098360493
2019-05-03,14.71,20.92,26.85,8.82,9.08,-0.002035278154681075,0.0204878048780488,-0.005923731951129163,-0.010101010101010055,-0.006564551422319487,True,False,False,False,False,-0.02770448548812665,0.006640106241699861,0.0033311125916055673,-0.0013306719893545482,0.003917727717923425,0.0029469548133596035,-0.0029382957884428462,0.0,0.004462625511342466,0.0,0.0011169024571855424,-0.0007440476190475609,-0.004469273743016644,0.0033632286995515237,-0.017621145374449365,0.012263099219620877,0.009944751381215422,-0.008762322015334112,-0.017222820236813652,0.0021574973031284195
2019-05-06,14.83,20.24,26.29,8.69,8.94,0.008157715839564927,-0.03250478011472291,-0.020856610800744968,-0.014739229024943401,-0.01541850220264318,False,False,False,False,False,-0.002035278154681075,-0.02770448548812665,0.006640106241699861,0.0033311125916055673,0.0204878048780488,0.003917727717923425,0.0029469548133596035,-0.0029382957884428462,-0.005923731951129163,0.004462625511342466,0.0,0.0011169024571855424,-0.010101010101010055,-0.004469273743016644,0.0033632286995515237,-0.017621145374449365,-0.006564551422319487,0.009944751381215422,-0.008762322015334112,-0.017222820236813652
2019-05-07,14.49,19.95,26.14,8.53,8.83,-0.022926500337154376,-0.014328063241106692,-0.005705591479649996,-0.018411967779056404,-0.01230425055928408,True,True,True,True,True,0.008157715839564927,-0.002035278154681075,-0.02770448548812665,0.006640106241699861,-0.03250478011472291,0.0204878048780488,0.003917727717923425,0.0029469548133596035,-0.020856610800744968,-0.005923731951129163,0.004462625511342466,0.0,-0.014739229024943401,-0.010101010101010055,-0.004469273743016644,0.0033632286995515237,-0.01541850220264318,-0.006564551422319487,0.009944751381215422,-0.008762322015334112
2019-05-08,14.71,20.42,26.34,8.7,9.06,0.015182884748102143,0.023558897243108,0.007651109410864443,0.01992966002344665,0.02604756511891293,False,False,False,False,False,-0.022926500337154376,0.008157715839564927,-0.002035278154681075,-0.02770448548812665,-0.014328063241106692,-0.03250478011472291,0.0204878048780488,0.003917727717923425,-0.005705591479649996,-0.020856610800744968,-0.005923731951129163,0.004462625511342466,-0.018411967779056404,-0.014739229024943401,-0.010101010101010055,-0.004469273743016644,-0.01230425055928408,-0.01541850220264318,-0.006564551422319487,0.009944751381215422
2019-05-09,14.36,20.02,26.13,8.69,9.03,-0.023793337865397834,-0.019588638589618124,-0.007972665148063829,-0.0011494252873562871,-0.0033112582781458233,False,False,False,False,False,0.015182884748102143,-0.022926500337154376,0.008157715839564927,-0.002035278154681075,0.023558897243108,-0.014328063241106692,-0.03250478011472291,0.0204878048780488,0.007651109410864443,-0.005705591479649996,-0.020856610800744968,-0.005923731951129163,0.01992966002344665,-0.018411967779056404,-0.014739229024943401,-0.010101010101010055,0.02604756511891293,-0.01230425055928408,-0.01541850220264318,-0.006564551422319487
2019-05-10,14.2,19.82,25.85,8.61,8.97,-0.011142061281337101,-0.009990009990009985,-0.010715652506697149,-0.009205983889528202,-0.006644518272425071,False,False,False,False,False,-0.023793337865397834,0.015182884748102143,-0.022926500337154376,0.008157715839564927,-0.019588638589618124,0.023558897243108,-0.014328063241106692,-0.03250478011472291,-0.007972665148063829,0.007651109410864443,-0.005705591479649996,-0.020856610800744968,-0.0011494252873562871,0.01992966002344665,-0.018411967779056404,-0.014739229024943401,-0.0033112582781458233,0.02604756511891293,-0.01230425055928408,-0.01541850220264318
2019-05-13,13.96,19.25,25.44,8.43,8.76,-0.016901408450704092,-0.028758829465186708,-0.015860735009671223,-0.020905923344947674,-0.02341137123745829,False,False,False,False,True,-0.011142061281337101,-0.023793337865397834,0.015182884748102143,-0.022926500337154376,-0.009990009990009985,-0.019588638589618124,0.023558897243108,-0.014328063241106692,-0.010715652506697149,-0.007972665148063829,0.007651109410864443,-0.005705591479649996,-0.009205983889528202,-0.0011494252873562871,0.01992966002344665,-0.018411967779056404,-0.006644518272425071,-0.0033112582781458233,0.02604756511891293,-0.01230425055928408
2019-05-14,13.91,19.08,25.34,8.43,8.77,-0.003581661891117527,-0.008831168831168967,-0.0039308176100629755,0.0,0.0011415525114155667,False,False,False,True,False,-0.016901408450704092,-0.011142061281337101,-0.023793337865397834,0.015182884748102143,-0.028758829465186708,-0.009990009990009985,-0.019588638589618124,0.023558897243108,-0.015860735009671223,-0.010715652506697149,-0.007972665148063829,0.007651109410864443,-0.020905923344947674,-0.009205983889528202,-0.0011494252873562871,0.01992966002344665,-0.02341137123745829,-0.006644518272425071,-0.0033112582781458233,0.02604756511891293
2019-05-15,13.64,18.91,25.37,8.43,8.76,-0.019410496046010084,-0.008909853249475796,0.0011838989739543226,0.0,-0.0011402508551880963,True,False,False,False,False,-0.003581661891117527,-0.016901408450704092,-0.011142061281337101,-0.023793337865397834,-0.008831168831168967,-0.028758829465186708,-0.009990009990009985,-0.019588638589618124,-0.0039308176100629755,-0.015860735009671223,-0.010715652506697149,-0.007972665148063829,0.0,-0.020905923344947674,-0.009205983889528202,-0.0011494252873562871,0.0011415525114155667,-0.02341137123745829,-0.006644518272425071,-0.0033112582781458233
2019-05-16,13.66,18.57,25.16,8.21,8.76,0.0014662756598240456,-0.017979904812268632,-0.00827749310208914,-0.02609727164887299,0.0,False,True,True,False,True,-0.019410496046010084,-0.003581661891117527,-0.016901408450704092,-0.011142061281337101,-0.008909853249475796,-0.008831168831168967,-0.028758829465186708,-0.009990009990009985,0.0011838989739543226,-0.0039308176100629755,-0.015860735009671223,-0.010715652506697149,0.0,0.0,-0.020905923344947674,-0.009205983889528202,-0.0011402508551880963,0.0011415525114155667,-0.02341137123745829,-0.006644518272425071
2019-05-17,13.54,18.72,25.12,8.37,8.83,-0.008784773060029338,0.008077544426494221,-0.0015898251192368873,0.019488428745432218,0.007990867579908745,False,True,True,True,True,0.0014662756598240456,-0.019410496046010084,-0.003581661891117527,-0.016901408450704092,-0.017979904812268632,-0.008909853249475796,-0.008831168831168967,-0.028758829465186708,-0.00827749310208914,0.0011838989739543226,-0.0039308176100629755,-0.015860735009671223,-0.02609727164887299,0.0,0.0,-0.020905923344947674,0.0,-0.0011402508551880963,0.0011415525114155667,-0.02341137123745829
2019-05-20,13.54,19.37,25.71,8.56,9.0,0.0,0.03472222222222232,0.023487261146496907,0.022700119474313274,0.01925254813137034,True,True,True,True,True,-0.008784773060029338,0.0014662756598240456,-0.019410496046010084,-0.003581661891117527,0.008077544426494221,-0.017979904812268632,-0.008909853249475796,-0.008831168831168967,-0.0015898251192368873,-0.00827749310208914,0.0011838989739543226,-0.0039308176100629755,0.019488428745432218,-0.02609727164887299,0.0,0.0,0.007990867579908745,0.0,-0.0011402508551880963,0.0011415525114155667
2019-05-21,14.03,20.2,26.61,8.74,9.15,0.03618906942392908,0.04284976768198234,0.035005834305717576,0.02102803738317749,0.016666666666666607,True,False,True,True,False,0.0,-0.008784773060029338,0.0014662756598240456,-0.019410496046010084,0.03472222222222232,0.008077544426494221,-0.017979904812268632,-0.008909853249475796,0.023487261146496907,-0.0015898251192368873,-0.00827749310208914,0.0011838989739543226,0.022700119474313274,0.019488428745432218,-0.02609727164887299,0.0,0.01925254813137034,0.007990867579908745,0.0,-0.0011402508551880963
2019-05-22,14.13,19.91,26.74,8.79,9.14,0.0071275837491091565,-0.01435643564356437,0.0048853814355505065,0.005720823798626817,-0.0010928961748634114,False,True,False,False,False,0.03618906942392908,0.0,-0.008784773060029338,0.0014662756598240456,0.04284976768198234,0.03472222222222232,0.008077544426494221,-0.017979904812268632,0.035005834305717576,0.023487261146496907,-0.0015898251192368873,-0.00827749310208914,0.02102803738317749,0.022700119474313274,0.019488428745432218,-0.02609727164887299,0.016666666666666607,0.01925254813137034,0.007990867579908745,0.0
2019-05-23,14.13,19.92,26.51,8.59,9.01,0.0,0.0005022601707684871,-0.008601346297681278,-0.022753128555176305,-0.01422319474835898,False,False,True,False,False,0.0071275837491091565,0.03618906942392908,0.0,-0.008784773060029338,-0.01435643564356437,0.04284976768198234,0.03472222222222232,0.008077544426494221,0.0048853814355505065,0.035005834305717576,0.023487261146496907,-0.0015898251192368873,0.005720823798626817,0.02102803738317749,0.022700119474313274,0.019488428745432218,-0.0010928961748634114,0.016666666666666607,0.01925254813137034,0.007990867579908745
2019-05-24,14.0,19.79,26.31,8.64,8.86,-0.009200283085633476,-0.006526104417670764,-0.007544322897020117,0.005820721769499437,-0.016648168701442922,True,True,True,False,True,0.0,0.0071275837491091565,0.03618906942392908,0.0,0.0005022601707684871,-0.01435643564356437,0.04284976768198234,0.03472222222222232,-0.008601346297681278,0.0048853814355505065,0.035005834305717576,0.023487261146496907,-0.022753128555176305,0.005720823798626817,0.02102803738317749,0.022700119474313274,-0.01422319474835898,-0.0010928961748634114,0.016666666666666607,0.01925254813137034
2019-05-27,14.14,20.07,26.14,8.73,8.9,0.010000000000000009,0.014148559878726763,-0.006461421512732768,0.01041666666666674,0.004514672686230403,True,True,True,True,True,-0.009200283085633476,0.0,0.0071275837491091565,0.03618906942392908,-0.006526104417670764,0.0005022601707684871,-0.01435643564356437,0.04284976768198234,-0.007544322897020117,-0.008601346297681278,0.0048853814355505065,0.035005834305717576,0.005820721769499437,-0.022753128555176305,0.005720823798626817,0.02102803738317749,-0.016648168701442922,-0.01422319474835898,-0.0010928961748634114,0.016666666666666607
2019-05-28,14.21,20.74,26.83,8.88,9.18,0.004950495049504955,0.03338315894369703,0.026396327467482772,0.01718213058419238,0.03146067415730336,False,True,True,True,True,0.010000000000000009,-0.009200283085633476,0.0,0.0071275837491091565,0.014148559878726763,-0.006526104417670764,0.0005022601707684871,-0.01435643564356437,-0.006461421512732768,-0.007544322897020117,-0.008601346297681278,0.0048853814355505065,0.01041666666666674,0.005820721769499437,-0.022753128555176305,0.005720823798626817,0.004514672686230403,-0.016648168701442922,-0.01422319474835898,-0.0010928961748634114
2019-05-29,14.17,21.13,27.31,9.04,9.29,-0.0028149190710767824,0.018804243008679,0.017890421170331683,0.018018018018017834,0.011982570806100101,True,True,True,True,False,0.004950495049504955,0.010000000000000009,-0.009200283085633476,0.0,0.03338315894369703,0.014148559878726763,-0.006526104417670764,0.0005022601707684871,0.026396327467482772,-0.006461421512732768,-0.007544322897020117,-0.008601346297681278,0.01718213058419238,0.01041666666666674,0.005820721769499437,-0.022753128555176305,0.03146067415730336,0.004514672686230403,-0.016648168701442922,-0.01422319474835898
2019-05-30,14.31,21.46,27.64,9.15,9.28,0.009880028228652193,0.015617605300520587,0.012083485902599778,0.012168141592920456,-0.0010764262648008671,True,True,True,False,False,-0.0028149190710767824,0.004950495049504955,0.010000000000000009,-0.009200283085633476,0.018804243008679,0.03338315894369703,0.014148559878726763,-0.006526104417670764,0.017890421170331683,0.026396327467482772,-0.006461421512732768,-0.007544322897020117,0.018018018018017834,0.01718213058419238,0.01041666666666674,0.005820721769499437,0.011982570806100101,0.03146067415730336,0.004514672686230403,-0.016648168701442922
2019-05-31,14.41,21.52,27.6,9.21,9.27,0.006988120195667413,0.002795899347623365,-0.0014471780028942893,0.006557377049180468,-0.0010775862068965747,False,True,False,True,True,0.009880028228652193,-0.0028149190710767824,0.004950495049504955,0.010000000000000009,0.015617605300520587,0.018804243008679,0.03338315894369703,0.014148559878726763,0.012083485902599778,0.017890421170331683,0.026396327467482772,-0.006461421512732768,0.012168141592920456,0.018018018018017834,0.01718213058419238,0.01041666666666674,-0.0010764262648008671,0.011982570806100101,0.03146067415730336,0.004514672686230403
2019-06-03,14.3,21.6,27.74,9.15,9.32,-0.007633587786259555,0.003717472118959231,0.005072463768115876,-0.006514657980456029,0.005393743257821049,False,False,True,False,False,0.006988120195667413,0.009880028228652193,-0.0028149190710767824,0.004950495049504955,0.002795899347623365,0.015617605300520587,0.018804243008679,0.03338315894369703,-0.0014471780028942893,0.012083485902599778,0.017890421170331683,0.026396327467482772,0.006557377049180468,0.012168141592920456,0.018018018018017834,0.01718213058419238,-0.0010775862068965747,-0.0010764262648008671,0.011982570806100101,0.03146067415730336
2019-06-04,14.24,21.57,27.67,9.16,9.26,-0.004195804195804231,-0.001388888888888995,-0.0025234318673394984,0.0010928961748633004,-0.006437768240343367,True,False,False,False,False,-0.007633587786259555,0.006988120195667413,0.009880028228652193,-0.0028149190710767824,0.003717472118959231,0.002795899347623365,0.015617605300520587,0.018804243008679,0.005072463768115876,-0.0014471780028942893,0.012083485902599778,0.017890421170331683,-0.006514657980456029,0.006557377049180468,0.012168141592920456,0.018018018018017834,0.005393743257821049,-0.0010775862068965747,-0.0010764262648008671,0.011982570806100101
2019-06-05,14.29,21.32,27.25,9.01,9.2,0.0035112359550562022,-0.011590171534538674,-0.015178894109143526,-0.01637554585152845,-0.006479481641468721,True,True,True,True,False,-0.004195804195804231,-0.007633587786259555,0.006988120195667413,0.009880028228652193,-0.001388888888888995,0.003717472118959231,0.002795899347623365,0.015617605300520587,-0.0025234318673394984,0.005072463768115876,-0.0014471780028942893,0.012083485902599778,0.0010928961748633004,-0.006514657980456029,0.006557377049180468,0.012168141592920456,-0.006437768240343367,0.005393743257821049,-0.0010775862068965747,-0.0010764262648008671
2019-06-06,14.48,21.6,27.52,9.07,9.2,0.013296011196641144,0.013133208255159623,0.009908256880733823,0.006659267480577213,0.0,False,True,True,True,True,0.0035112359550562022,-0.004195804195804231,-0.007633587786259555,0.006988120195667413,-0.011590171534538674,-0.001388888888888995,0.003717472118959231,0.002795899347623365,-0.015178894109143526,-0.0025234318673394984,0.005072463768115876,-0.0014471780028942893,-0.01637554585152845,0.0010928961748633004,-0.006514657980456029,0.006557377049180468,-0.006479481641468721,-0.006437768240343367,0.005393743257821049,-0.0010775862068965747
2019-06-07,14.46,21.73,27.69,9.19,9.35,-0.0013812154696132284,0.006018518518518423,0.006177325581395499,0.013230429988974501,0.016304347826086918,True,False,False,False,True,0.013296011196641144,0.0035112359550562022,-0.004195804195804231,-0.007633587786259555,0.013133208255159623,-0.011590171534538674,-0.001388888888888995,0.003717472118959231,0.009908256880733823,-0.015178894109143526,-0.0025234318673394984,0.005072463768115876,0.006659267480577213,-0.01637554585152845,0.0010928961748633004,-0.006514657980456029,0.0,-0.006479481641468721,-0.006437768240343367,0.005393743257821049
2019-06-10,14.49,21.53,27.2,9.06,9.36,0.0020746887966804906,-0.009203865623561902,-0.01769591910436985,-0.014145810663764857,0.0010695187165774556,True,True,False,True,True,-0.0013812154696132284,0.013296011196641144,0.0035112359550562022,-0.004195804195804231,0.006018518518518423,0.013133208255159623,-0.011590171534538674,-0.001388888888888995,0.006177325581395499,0.009908256880733823,-0.015178894109143526,-0.0025234318673394984,0.013230429988974501,0.006659267480577213,-0.01637554585152845,0.0010928961748633004,0.016304347826086918,0.0,-0.006479481641468721,-0.006437768240343367
2019-06-11,14.55,21.59,27.49,9.0,9.43,0.0041407867494824835,0.0027868091035763154,0.010661764705882426,-0.0066225165562914245,0.007478632478632452,False,True,False,False,True,0.0020746887966804906,-0.0013812154696132284,0.013296011196641144,0.0035112359550562022,-0.009203865623561902,0.006018518518518423,0.013133208255159623,-0.011590171534538674,-0.01769591910436985,0.006177325581395499,0.009908256880733823,-0.015178894109143526,-0.014145810663764857,0.013230429988974501,0.006659267480577213,-0.01637554585152845,0.0010695187165774556,0.016304347826086918,0.0,-0.006479481641468721
2019-06-12,14.51,21.63,27.39,8.93,9.59,-0.0027491408934708916,0.0018527095877720612,-0.0036376864314295876,-0.007777777777777772,0.016967126193001114,True,False,False,False,True,0.0041407867494824835,0.0020746887966804906,-0.0013812154696132284,0.013296011196641144,0.0027868091035763154,-0.009203865623561902,0.006018518518518423,0.013133208255159623,0.010661764705882426,-0.01769591910436985,0.006177325581395499,0.009908256880733823,-0.0066225165562914245,-0.014145810663764857,0.013230429988974501,0.006659267480577213,0.007478632478632452,0.0010695187165774556,0.016304347826086918,0.0
2019-06-13,14.65,21.4,27.04,8.67,9.74,0.009648518263266848,-0.010633379565418433,-0.012778386272362274,-0.02911534154535267,0.01564129301355588,False,False,True,False,False,-0.0027491408934708916,0.0041407867494824835,0.0020746887966804906,-0.0013812154696132284,0.0018527095877720612,0.0027868091035763154,-0.009203865623561902,0.006018518518518423,-0.0036376864314295876,0.010661764705882426,-0.01769591910436985,0.006177325581395499,-0.007777777777777772,-0.0066225165562914245,-0.014145810663764857,0.013230429988974501,0.016967126193001114,0.007478632478632452,0.0010695187165774556,0.016304347826086918
2019-06-14,14.48,21.1,26.85,8.69,9.7,-0.011604095563139905,-0.014018691588784882,-0.007026627218934878,0.0023068050749710522,-0.004106776180698213,True,False,True,True,True,0.009648518263266848,-0.0027491408934708916,0.0041407867494824835,0.0020746887966804906,-0.010633379565418433,0.0018527095877720612,0.0027868091035763154,-0.009203865623561902,-0.012778386272362274,-0.0036376864314295876,0.010661764705882426,-0.01769591910436985,-0.02911534154535267,-0.007777777777777772,-0.0066225165562914245,-0.014145810663764857,0.01564129301355588,0.016967126193001114,0.007478632478632452,0.0010695187165774556
2019-06-17,14.61,20.99,26.99,8.75,9.88,0.008977900552486151,-0.005213270142180204,0.005214152700186103,0.0069044879171462625,0.01855670103092799,True,True,True,True,True,-0.011604095563139905,0.009648518263266848,-0.0027491408934708916,0.0041407867494824835,-0.014018691588784882,-0.010633379565418433,0.0018527095877720612,0.0027868091035763154,-0.007026627218934878,-0.012778386272362274,-0.0036376864314295876,0.010661764705882426,0.0023068050749710522,-0.02911534154535267,-0.007777777777777772,-0.0066225165562914245,-0.004106776180698213,0.01564129301355588,0.016967126193001114,0.007478632478632452
2019-06-18,14.82,21.23,27.38,8.93,10.05,0.014373716632443578,0.011434016198189623,0.014449796220822542,0.020571428571428463,0.0172064777327936,True,True,True,True,True,0.008977900552486151,-0.011604095563139905,0.009648518263266848,-0.0027491408934708916,-0.005213270142180204,-0.014018691588784882,-0.010633379565418433,0.0018527095877720612,0.005214152700186103,-0.007026627218934878,-0.012778386272362274,-0.0036376864314295876,0.0069044879171462625,0.0023068050749710522,-0.02911534154535267,-0.007777777777777772,0.01855670103092799,-0.004106776180698213,0.01564129301355588,0.016967126193001114
2019-06-19,14.94,21.72,27.8,9.01,10.31,0.008097165991902688,0.023080546396608392,0.015339663988312768,0.008958566629339249,0.025870646766169125,True,True,True,True,True,0.014373716632443578,0.008977900552486151,-0.011604095563139905,0.009648518263266848,0.011434016198189623,-0.005213270142180204,-0.014018691588784882,-0.010633379565418433,0.014449796220822542,0.005214152700186103,-0.007026627218934878,-0.012778386272362274,0.020571428571428463,0.0069044879171462625,0.0023068050749710522,-0.02911534154535267,0.0172064777327936,0.01855670103092799,-0.004106776180698213,0.01564129301355588
2019-06-21,15.15,22.23,28.42,9.14,10.43,0.014056224899598346,0.023480662983425438,0.022302158273381334,0.014428412874583962,0.011639185257031892,False,True,False,False,True,0.008097165991902688,0.014373716632443578,0.008977900552486151,-0.011604095563139905,0.023080546396608392,0.011434016198189623,-0.005213270142180204,-0.014018691588784882,0.015339663988312768,0.014449796220822542,0.005214152700186103,-0.007026627218934878,0.008958566629339249,0.020571428571428463,0.0069044879171462625,0.0023068050749710522,0.025870646766169125,0.0172064777327936,0.01855670103092799,-0.004106776180698213
2019-06-24,15.02,22.33,28.38,9.08,10.51,-0.008580858085808662,0.00449842555105695,-0.0014074595355384467,-0.006564551422319487,0.007670182166826578,False,False,False,False,False,0.014056224899598346,0.008097165991902688,0.014373716632443578,0.008977900552486151,0.023480662983425438,0.023080546396608392,0.011434016198189623,-0.005213270142180204,0.022302158273381334,0.015339663988312768,0.014449796220822542,0.005214152700186103,0.014428412874583962,0.008958566629339249,0.020571428571428463,0.0069044879171462625,0.011639185257031892,0.025870646766169125,0.0172064777327936,0.01855670103092799
2019-06-25,14.92,21.94,28.07,8.95,10.31,-0.0066577896138482195,-0.01746529332736213,-0.010923185341789932,-0.014317180616740144,-0.01902949571836343,False,True,True,True,False,-0.008580858085808662,0.014056224899598346,0.008097165991902688,0.014373716632443578,0.00449842555105695,0.023480662983425438,0.023080546396608392,0.011434016198189623,-0.0014074595355384467,0.022302158273381334,0.015339663988312768,0.014449796220822542,-0.006564551422319487,0.014428412874583962,0.008958566629339249,0.020571428571428463,0.007670182166826578,0.011639185257031892,0.025870646766169125,0.0172064777327936
2019-06-26,14.86,22.03,28.62,9.14,10.3,-0.004021447721179627,0.004102096627164986,0.019593872461702855,0.021229050279329753,-0.0009699321047526022,False,True,False,False,True,-0.0066577896138482195,-0.008580858085808662,0.014056224899598346,0.008097165991902688,-0.01746529332736213,0.00449842555105695,0.023480662983425438,0.023080546396608392,-0.010923185341789932,-0.0014074595355384467,0.022302158273381334,0.015339663988312768,-0.014317180616740144,-0.006564551422319487,0.014428412874583962,0.008958566629339249,-0.01902949571836343,0.007670182166826578,0.011639185257031892,0.025870646766169125
2019-06-27,14.82,22.09,28.44,8.64,10.4,-0.0026917900403767847,0.002723558783477076,-0.0062893081761006275,-0.054704595185995575,0.009708737864077666,False,False,False,True,False,-0.004021447721179627,-0.0066577896138482195,-0.008580858085808662,0.014056224899598346,0.004102096627164986,-0.01746529332736213,0.00449842555105695,0.023480662983425438,0.019593872461702855,-0.010923185341789932,-0.0014074595355384467,0.022302158273381334,0.021229050279329753,-0.014317180616740144,-0.006564551422319487,0.014428412874583962,-0.0009699321047526022,-0.01902949571836343,0.007670182166826578,0.011639185257031892
2019-06-28,14.69,22.06,28.55,8.55,10.4,-0.00877192982456143,-0.0013580805794477513,0.003867791842475432,-0.01041666666666663,0.0,False,True,True,False,True,-0.0026917900403767847,-0.004021447721179627,-0.0066577896138482195,-0.008580858085808662,0.002723558783477076,0.004102096627164986,-0.01746529332736213,0.00449842555105695,-0.0062893081761006275,0.019593872461702855,-0.010923185341789932,-0.0014074595355384467,-0.054704595185995575,0.021229050279329753,-0.014317180616740144,-0.006564551422319487,0.009708737864077666,-0.0009699321047526022,-0.01902949571836343,0.007670182166826578
2019-07-01,14.62,22.21,28.55,8.61,10.53,-0.004765146358066685,0.006799637352674637,0.0,0.007017543859648923,0.012499999999999956,True,False,True,False,False,-0.00877192982456143,-0.0026917900403767847,-0.004021447721179627,-0.0066577896138482195,-0.0013580805794477513,0.002723558783477076,0.004102096627164986,-0.01746529332736213,0.003867791842475432,-0.0062893081761006275,0.019593872461702855,-0.010923185341789932,-0.01041666666666663,-0.054704595185995575,0.021229050279329753,-0.014317180616740144,0.0,0.009708737864077666,-0.0009699321047526022,-0.01902949571836343
2019-07-02,14.88,22.19,28.27,8.62,10.52,0.017783857729138264,-0.0009004952723997706,-0.009807355516637473,0.0011614401858304202,-0.0009496676163343043,True,True,False,True,True,-0.004765146358066685,-0.00877192982456143,-0.0026917900403767847,-0.004021447721179627,0.006799637352674637,-0.0013580805794477513,0.002723558783477076,0.004102096627164986,0.0,0.003867791842475432,-0.0062893081761006275,0.019593872461702855,0.007017543859648923,-0.01041666666666663,-0.054704595185995575,0.021229050279329753,0.012499999999999956,0.0,0.009708737864077666,-0.0009699321047526022
2019-07-03,15.49,22.6,28.65,8.45,10.59,0.040994623655914,0.018476791347453725,0.01344181110718079,-0.019721577726218076,0.0066539923954371805,True,True,True,True,True,0.017783857729138264,-0.004765146358066685,-0.00877192982456143,-0.0026917900403767847,-0.0009004952723997706,0.006799637352674637,-0.0013580805794477513,0.002723558783477076,-0.009807355516637473,0.0,0.003867791842475432,-0.0062893081761006275,0.0011614401858304202,0.007017543859648923,-0.01041666666666663,-0.054704595185995575,-0.0009496676163343043,0.012499999999999956,0.0,0.009708737864077666
2019-07-04,15.6,23.11,28.94,8.61,10.83,0.007101355713363455,0.02256637168141573,0.01012216404886579,0.018934911242603603,0.022662889518413554,False,True,True,True,True,0.040994623655914,0.017783857729138264,-0.004765146358066685,-0.00877192982456143,0.018476791347453725,-0.0009004952723997706,0.006799637352674637,-0.0013580805794477513,0.01344181110718079,-0.009807355516637473,0.0,0.003867791842475432,-0.019721577726218076,0.0011614401858304202,0.007017543859648923,-0.01041666666666663,0.0066539923954371805,-0.0009496676163343043,0.012499999999999956,0.0
2019-07-05,15.6,23.29,29.18,8.73,10.93,0.0,0.007788836001730859,0.008293020041465038,0.013937282229965264,0.009233610341643494,False,True,True,True,True,0.007101355713363455,0.040994623655914,0.017783857729138264,-0.004765146358066685,0.02256637168141573,0.018476791347453725,-0.0009004952723997706,0.006799637352674637,0.01012216404886579,0.01344181110718079,-0.009807355516637473,0.0,0.018934911242603603,-0.019721577726218076,0.0011614401858304202,0.007017543859648923,0.022662889518413554,0.0066539923954371805,-0.0009496676163343043,0.012499999999999956
2019-07-08,15.55,23.44,29.24,8.74,10.99,-0.0032051282051280827,0.006440532417346656,0.0020562028786839104,0.001145475372279492,0.0054894784995425105,True,False,True,False,True,0.0,0.007101355713363455,0.040994623655914,0.017783857729138264,0.007788836001730859,0.02256637168141573,0.018476791347453725,-0.0009004952723997706,0.008293020041465038,0.01012216404886579,0.01344181110718079,-0.009807355516637473,0.013937282229965264,0.018934911242603603,-0.019721577726218076,0.0011614401858304202,0.009233610341643494,0.022662889518413554,0.0066539923954371805,-0.0009496676163343043
2019-07-10,15.61,23.28,28.97,8.78,11.56,0.0038585209003214604,-0.0068259385665528916,-0.009233926128590975,0.004576659038901587,0.05186533212010924,False,False,False,False,False,-0.0032051282051280827,0.0,0.007101355713363455,0.040994623655914,0.006440532417346656,0.007788836001730859,0.02256637168141573,0.018476791347453725,0.0020562028786839104,0.008293020041465038,0.01012216404886579,0.01344181110718079,0.001145475372279492,0.013937282229965264,0.018934911242603603,-0.019721577726218076,0.0054894784995425105,0.009233610341643494,0.022662889518413554,0.0066539923954371805
2019-07-11,15.34,23.02,28.95,8.76,11.51,-0.017296604740550947,-0.011168384879725157,-0.0006903693476009165,-0.002277904328018221,-0.004325259515570945,False,False,False,False,False,0.0038585209003214604,-0.0032051282051280827,0.0,0.007101355713363455,-0.0068259385665528916,0.006440532417346656,0.007788836001730859,0.02256637168141573,-0.009233926128590975,0.0020562028786839104,0.008293020041465038,0.01012216404886579,0.004576659038901587,0.001145475372279492,0.013937282229965264,0.018934911242603603,0.05186533212010924,0.0054894784995425105,0.009233610341643494,0.022662889518413554
2019-07-12,14.94,22.56,28.8,8.64,11.26,-0.026075619295958252,-0.019982623805386623,-0.005181347150258975,-0.013698630136986245,-0.021720243266724615,True,True,False,False,False,-0.017296604740550947,0.0038585209003214604,-0.0032051282051280827,0.0,-0.011168384879725157,-0.0068259385665528916,0.006440532417346656,0.007788836001730859,-0.0006903693476009165,-0.009233926128590975,0.0020562028786839104,0.008293020041465038,-0.002277904328018221,0.004576659038901587,0.001145475372279492,0.013937282229965264,-0.004325259515570945,0.05186533212010924,0.0054894784995425105,0.009233610341643494
2019-07-15,14.98,22.57,28.49,8.6,10.93,0.0026773761713521083,0.00044326241134751143,-0.010763888888889017,-0.004629629629629761,-0.02930728241563052,False,False,True,True,True,-0.026075619295958252,-0.017296604740550947,0.0038585209003214604,-0.0032051282051280827,-0.019982623805386623,-0.011168384879725157,-0.0068259385665528916,0.006440532417346656,-0.005181347150258975,-0.0006903693476009165,-0.009233926128590975,0.0020562028786839104,-0.013698630136986245,-0.002277904328018221,0.004576659038901587,0.001145475372279492,-0.021720243266724615,-0.004325259515570945,0.05186533212010924,0.0054894784995425105
2019-07-16,14.86,22.37,28.6,8.62,10.98,-0.008010680907877266,-0.00886132033673015,0.0038610038610040753,0.0023255813953488857,0.0045745654162854255,False,True,False,False,True,0.0026773761713521083,-0.026075619295958252,-0.017296604740550947,0.0038585209003214604,0.00044326241134751143,-0.019982623805386623,-0.011168384879725157,-0.0068259385665528916,-0.010763888888889017,-0.005181347150258975,-0.0006903693476009165,-0.009233926128590975,-0.004629629629629761,-0.013698630136986245,-0.002277904328018221,0.004576659038901587,-0.02930728241563052,-0.021720243266724615,-0.004325259515570945,0.05186533212010924
2019-07-17,14.77,22.45,28.45,8.61,10.99,-0.00605652759084796,0.0035762181493070866,-0.005244755244755317,-0.001160092807424573,0.0009107468123861207,True,True,True,True,True,-0.008010680907877266,0.0026773761713521083,-0.026075619295958252,-0.017296604740550947,-0.00886132033673015,0.00044326241134751143,-0.019982623805386623,-0.011168384879725157,0.0038610038610040753,-0.010763888888889017,-0.005181347150258975,-0.0006903693476009165,0.0023255813953488857,-0.004629629629629761,-0.013698630136986245,-0.002277904328018221,0.0045745654162854255,-0.02930728241563052,-0.021720243266724615,-0.004325259515570945
2019-07-18,14.98,22.86,29.12,8.77,11.1,0.014218009478673022,0.01826280623608012,0.023550087873462244,0.018583042973286945,0.010009099181073733,False,False,False,False,True,-0.00605652759084796,-0.008010680907877266,0.0026773761713521083,-0.026075619295958252,0.0035762181493070866,-0.00886132033673015,0.00044326241134751143,-0.019982623805386623,-0.005244755244755317,0.0038610038610040753,-0.010763888888889017,-0.005181347150258975,-0.001160092807424573,0.0023255813953488857,-0.004629629629629761,-0.013698630136986245,0.0009107468123861207,0.0045745654162854255,-0.02930728241563052,-0.021720243266724615
2019-07-19,14.85,22.57,28.55,8.67,11.12,-0.008678237650200371,-0.012685914260717412,-0.019574175824175866,-0.011402508551881407,0.0018018018018017834,False,True,True,True,False,0.014218009478673022,-0.00605652759084796,-0.008010680907877266,0.0026773761713521083,0.01826280623608012,0.0035762181493070866,-0.00886132033673015,0.00044326241134751143,0.023550087873462244,-0.005244755244755317,0.0038610038610040753,-0.010763888888889017,0.018583042973286945,-0.001160092807424573,0.0023255813953488857,-0.004629629629629761,0.010009099181073733,0.0009107468123861207,0.0045745654162854255,-0.02930728241563052
2019-07-22,14.77,22.81,28.95,8.78,11.02,-0.005387205387205385,0.010633584404076135,0.014010507880910739,0.012687427912341231,-0.008992805755395628,True,True,True,True,False,-0.008678237650200371,0.014218009478673022,-0.00605652759084796,-0.008010680907877266,-0.012685914260717412,0.01826280623608012,0.0035762181493070866,-0.00886132033673015,-0.019574175824175866,0.023550087873462244,-0.005244755244755317,0.0038610038610040753,-0.011402508551881407,0.018583042973286945,-0.001160092807424573,0.0023255813953488857,0.0018018018018017834,0.010009099181073733,0.0009107468123861207,0.0045745654162854255
2019-07-23,14.8,22.82,28.97,8.84,11.02,0.0020311442112390665,0.00043840420868046515,0.000690846286701241,0.006833712984054774,0.0,False,True,True,True,True,-0.005387205387205385,-0.008678237650200371,0.014218009478673022,-0.00605652759084796,0.010633584404076135,-0.012685914260717412,0.01826280623608012,0.0035762181493070866,0.014010507880910739,-0.019574175824175866,0.023550087873462244,-0.005244755244755317,0.012687427912341231,-0.011402508551881407,0.018583042973286945,-0.001160092807424573,-0.008992805755395628,0.0018018018018017834,0.010009099181073733,0.0009107468123861207
2019-07-24,14.74,23.24,29.07,8.86,11.22,-0.004054054054054124,0.018404907975460016,0.0034518467380049156,0.002262443438914019,0.01814882032667886,True,False,False,False,False,0.0020311442112390665,-0.005387205387205385,-0.008678237650200371,0.014218009478673022,0.00043840420868046515,0.010633584404076135,-0.012685914260717412,0.01826280623608012,0.000690846286701241,0.014010507880910739,-0.019574175824175866,0.023550087873462244,0.006833712984054774,0.012687427912341231,-0.011402508551881407,0.018583042973286945,0.0,-0.008992805755395628,0.0018018018018017834,0.010009099181073733
2019-07-25,16.0,22.09,28.21,8.61,11.12,0.08548168249660781,-0.04948364888123924,-0.02958376332989332,-0.028216704288939076,-0.00891265597147961,True,False,False,True,True,-0.004054054054054124,0.0020311442112390665,-0.005387205387205385,-0.008678237650200371,0.018404907975460016,0.00043840420868046515,0.010633584404076135,-0.012685914260717412,0.0034518467380049156,0.000690846286701241,0.014010507880910739,-0.019574175824175866,0.002262443438914019,0.006833712984054774,0.012687427912341231,-0.011402508551881407,0.01814882032667886,0.0,-0.008992805755395628,0.0018018018018017834
2019-07-26,16.25,21.74,28.54,8.55,11.4,0.015625,-0.0158442734268901,0.011697979439914796,-0.00696864111498241,0.02517985611510798,True,False,False,True,True,0.08548168249660781,-0.004054054054054124,0.0020311442112390665,-0.005387205387205385,-0.04948364888123924,0.018404907975460016,0.00043840420868046515,0.010633584404076135,-0.02958376332989332,0.0034518467380049156,0.000690846286701241,0.014010507880910739,-0.028216704288939076,0.002262443438914019,0.006833712984054774,0.012687427912341231,-0.00891265597147961,0.01814882032667886,0.0,-0.008992805755395628
2019-07-29,16.83,21.74,28.56,8.49,11.55,0.03569230769230769,0.0,0.0007007708479327412,-0.007017543859649145,0.013157894736842035,False,False,True,False,True,0.015625,0.08548168249660781,-0.004054054054054124,0.0020311442112390665,-0.0158442734268901,-0.04948364888123924,0.018404907975460016,0.00043840420868046515,0.011697979439914796,-0.02958376332989332,0.0034518467380049156,0.000690846286701241,-0.00696864111498241,-0.028216704288939076,0.002262443438914019,0.006833712984054774,0.02517985611510798,-0.00891265597147961,0.01814882032667886,0.0
2019-07-30,16.7,21.36,27.87,8.55,11.75,-0.007724301841948833,-0.01747930082796678,-0.024159663865546133,0.007067137809187329,0.017316017316017174,False,False,False,False,False,0.03569230769230769,0.015625,0.08548168249660781,-0.004054054054054124,0.0,-0.0158442734268901,-0.04948364888123924,0.018404907975460016,0.0007007708479327412,0.011697979439914796,-0.02958376332989332,0.0034518467380049156,-0.007017543859649145,-0.00696864111498241,-0.028216704288939076,0.002262443438914019,0.013157894736842035,0.02517985611510798,-0.00891265597147961,0.01814882032667886
2019-07-31,16.52,20.63,27.44,8.23,11.66,-0.010778443113772407,-0.03417602996254687,-0.015428776462145688,-0.037426900584795364,-0.007659574468085073,True,False,False,True,False,-0.007724301841948833,0.03569230769230769,0.015625,0.08548168249660781,-0.01747930082796678,0.0,-0.0158442734268901,-0.04948364888123924,-0.024159663865546133,0.0007007708479327412,0.011697979439914796,-0.02958376332989332,0.007067137809187329,-0.007017543859649145,-0.00696864111498241,-0.028216704288939076,0.017316017316017174,0.013157894736842035,0.02517985611510798,-0.00891265597147961
2019-08-01,16.76,20.46,27.54,8.06,11.47,0.014527845036319764,-0.008240426563257297,0.0036443148688045657,-0.020656136087484844,-0.016295025728988,True,False,False,False,True,-0.010778443113772407,-0.007724301841948833,0.03569230769230769,0.015625,-0.03417602996254687,-0.01747930082796678,0.0,-0.0158442734268901,-0.015428776462145688,-0.024159663865546133,0.0007007708479327412,0.011697979439914796,-0.037426900584795364,0.007067137809187329,-0.007017543859649145,-0.00696864111498241,-0.007659574468085073,0.017316017316017174,0.013157894736842035,0.02517985611510798
2019-08-02,16.82,20.41,27.51,7.93,11.63,0.0035799522673030104,-0.0024437927663734094,-0.0010893246187363426,-0.016129032258064613,0.013949433304272008,False,False,False,False,False,0.014527845036319764,-0.010778443113772407,-0.007724301841948833,0.03569230769230769,-0.008240426563257297,-0.03417602996254687,-0.01747930082796678,0.0,0.0036443148688045657,-0.015428776462145688,-0.024159663865546133,0.0007007708479327412,-0.020656136087484844,-0.037426900584795364,0.007067137809187329,-0.007017543859649145,-0.016295025728988,-0.007659574468085073,0.017316017316017174,0.013157894736842035
2019-08-05,16.55,19.98,27.24,7.8,11.41,-0.016052318668252075,-0.02106810387065161,-0.009814612868048078,-0.016393442622950838,-0.018916595012897774,True,True,True,True,True,0.0035799522673030104,0.014527845036319764,-0.010778443113772407,-0.007724301841948833,-0.0024437927663734094,-0.008240426563257297,-0.03417602996254687,-0.01747930082796678,-0.0010893246187363426,0.0036443148688045657,-0.015428776462145688,-0.024159663865546133,-0.016129032258064613,-0.020656136087484844,-0.037426900584795364,0.007067137809187329,0.013949433304272008,-0.016295025728988,-0.007659574468085073,0.017316017316017174
2019-08-06,16.81,20.48,28.1,8.09,11.7,0.015709969788519462,0.025025025025025016,0.031571218795888534,0.03717948717948727,0.025416301489921134,True,True,True,True,True,-0.016052318668252075,0.0035799522673030104,0.014527845036319764,-0.010778443113772407,-0.02106810387065161,-0.0024437927663734094,-0.008240426563257297,-0.03417602996254687,-0.009814612868048078,-0.0010893246187363426,0.0036443148688045657,-0.015428776462145688,-0.016393442622950838,-0.016129032258064613,-0.020656136087484844,-0.037426900584795364,-0.018916595012897774,0.013949433304272008,-0.016295025728988,-0.007659574468085073
2019-08-07,16.94,20.77,29.2,8.33,11.9,0.007733491969066142,0.01416015625,0.039145907473309594,0.02966625463535233,0.017094017094017255,False,True,True,True,True,0.015709969788519462,-0.016052318668252075,0.0035799522673030104,0.014527845036319764,0.025025025025025016,-0.02106810387065161,-0.0024437927663734094,-0.008240426563257297,0.031571218795888534,-0.009814612868048078,-0.0010893246187363426,0.0036443148688045657,0.03717948717948727,-0.016393442622950838,-0.016129032258064613,-0.020656136087484844,0.025416301489921134,-0.018916595012897774,0.013949433304272008,-0.016295025728988
2019-08-08,16.56,20.89,29.21,8.49,11.97,-0.02243211334120443,0.005777563793933682,0.00034246575342478103,0.019207683073229287,0.00588235294117645,False,False,False,False,False,0.007733491969066142,0.015709969788519462,-0.016052318668252075,0.0035799522673030104,0.01416015625,0.025025025025025016,-0.02106810387065161,-0.0024437927663734094,0.039145907473309594,0.031571218795888534,-0.009814612868048078,-0.0010893246187363426,0.02966625463535233,0.03717948717948727,-0.016393442622950838,-0.016129032258064613,0.017094017094017255,0.025416301489921134,-0.018916595012897774,0.013949433304272008
2019-08-09,16.48,20.45,29.21,8.46,11.84,-0.004830917874396046,-0.02106270943034949,0.0,-0.0035335689045935537,-0.010860484544695126,False,False,False,False,False,-0.02243211334120443,0.007733491969066142,0.015709969788519462,-0.016052318668252075,0.005777563793933682,0.01416015625,0.025025025025025016,-0.02106810387065161,0.00034246575342478103,0.039145907473309594,0.031571218795888534,-0.009814612868048078,0.019207683073229287,0.02966625463535233,0.03717948717948727,-0.016393442622950838,0.00588235294117645,0.017094017094017255,0.025416301489921134,-0.018916595012897774
2019-08-12,15.99,19.98,28.15,8.29,11.63,-0.029733009708737823,-0.022982885085574556,-0.03628894214310174,-0.020094562647754333,-0.017736486486486402,False,True,False,True,True,-0.004830917874396046,-0.02243211334120443,0.007733491969066142,0.015709969788519462,-0.02106270943034949,0.005777563793933682,0.01416015625,0.025025025025025016,0.0,0.00034246575342478103,0.039145907473309594,0.031571218795888534,-0.0035335689045935537,0.019207683073229287,0.02966625463535233,0.03717948717948727,-0.010860484544695126,0.00588235294117645,0.017094017094017255,0.025416301489921134
2019-08-13,15.91,20.22,28.42,8.15,11.89,-0.00500312695434646,0.012012012012011963,0.009591474245115528,-0.016887816646562026,0.022355975924333693,False,False,True,False,False,-0.029733009708737823,-0.004830917874396046,-0.02243211334120443,0.007733491969066142,-0.022982885085574556,-0.02106270943034949,0.005777563793933682,0.01416015625,-0.03628894214310174,0.0,0.00034246575342478103,0.039145907473309594,-0.020094562647754333,-0.0035335689045935537,0.019207683073229287,0.02966625463535233,-0.017736486486486402,-0.010860484544695126,0.00588235294117645,0.017094017094017255
2019-08-14,15.61,19.68,27.91,8.19,11.31,-0.018856065367693353,-0.026706231454005858,-0.017945109078114085,0.004907975460122671,-0.04878048780487809,False,False,True,False,False,-0.00500312695434646,-0.029733009708737823,-0.004830917874396046,-0.02243211334120443,0.012012012012011963,-0.022982885085574556,-0.02106270943034949,0.005777563793933682,0.009591474245115528,-0.03628894214310174,0.0,0.00034246575342478103,-0.016887816646562026,-0.020094562647754333,-0.0035335689045935537,0.019207683073229287,0.022355975924333693,-0.017736486486486402,-0.010860484544695126,0.00588235294117645
2019-08-15,15.42,19.58,27.72,8.23,10.94,-0.0121716848174247,-0.005081300813008172,-0.006807595843783654,0.004884004884005089,-0.03271441202475689,True,True,True,True,True,-0.018856065367693353,-0.00500312695434646,-0.029733009708737823,-0.004830917874396046,-0.026706231454005858,0.012012012012011963,-0.022982885085574556,-0.02106270943034949,-0.017945109078114085,0.009591474245115528,-0.03628894214310174,0.0,0.004907975460122671,-0.016887816646562026,-0.020094562647754333,-0.0035335689045935537,-0.04878048780487809,0.022355975924333693,-0.017736486486486402,-0.010860484544695126
2019-08-16,15.51,19.64,27.83,8.28,11.17,0.005836575875486361,0.00306435137895833,0.003968253968253954,0.006075334143377686,0.021023765996343702,True,False,False,False,False,-0.0121716848174247,-0.018856065367693353,-0.00500312695434646,-0.029733009708737823,-0.005081300813008172,-0.026706231454005858,0.012012012012011963,-0.022982885085574556,-0.006807595843783654,-0.017945109078114085,0.009591474245115528,-0.03628894214310174,0.004884004884005089,0.004907975460122671,-0.016887816646562026,-0.020094562647754333,-0.03271441202475689,-0.04878048780487809,0.022355975924333693,-0.017736486486486402
2019-08-19,15.69,19.31,27.72,8.14,11.04,0.011605415860735047,-0.01680244399185349,-0.0039525691699604515,-0.016908212560386326,-0.011638316920322356,False,False,False,False,True,0.005836575875486361,-0.0121716848174247,-0.018856065367693353,-0.00500312695434646,0.00306435137895833,-0.005081300813008172,-0.026706231454005858,0.012012012012011963,0.003968253968253954,-0.006807595843783654,-0.017945109078114085,0.009591474245115528,0.006075334143377686,0.004884004884005089,0.004907975460122671,-0.016887816646562026,0.021023765996343702,-0.03271441202475689,-0.04878048780487809,0.022355975924333693
2019-08-20,15.55,19.11,27.49,8.05,11.07,-0.008922880815806167,-0.01035732780942511,-0.008297258297258359,-0.011056511056511065,0.0027173913043478937,False,True,True,True,True,0.011605415860735047,0.005836575875486361,-0.0121716848174247,-0.018856065367693353,-0.01680244399185349,0.00306435137895833,-0.005081300813008172,-0.026706231454005858,-0.0039525691699604515,0.003968253968253954,-0.006807595843783654,-0.017945109078114085,-0.016908212560386326,0.006075334143377686,0.004884004884005089,0.004907975460122671,-0.011638316920322356,0.021023765996343702,-0.03271441202475689,-0.04878048780487809
2019-08-21,15.43,19.58,27.86,8.17,11.29,-0.007717041800643143,0.024594453165881713,0.013459439796289496,0.014906832298136496,0.019873532068653832,False,False,False,False,False,-0.008922880815806167,0.011605415860735047,0.005836575875486361,-0.0121716848174247,-0.01035732780942511,-0.01680244399185349,0.00306435137895833,-0.005081300813008172,-0.008297258297258359,-0.0039525691699604515,0.003968253968253954,-0.006807595843783654,-0.011056511056511065,-0.016908212560386326,0.006075334143377686,0.004884004884005089,0.0027173913043478937,-0.011638316920322356,0.021023765996343702,-0.03271441202475689
2019-08-22,15.16,19.18,27.47,8.06,11.13,-0.017498379779649964,-0.020429009193054015,-0.0139985642498206,-0.013463892288861579,-0.014171833480956408,False,False,False,False,False,-0.007717041800643143,-0.008922880815806167,0.011605415860735047,0.005836575875486361,0.024594453165881713,-0.01035732780942511,-0.01680244399185349,0.00306435137895833,0.013459439796289496,-0.008297258297258359,-0.0039525691699604515,0.003968253968253954,0.014906832298136496,-0.011056511056511065,-0.016908212560386326,0.006075334143377686,0.019873532068653832,0.0027173913043478937,-0.011638316920322356,0.021023765996343702
2019-08-23,15.05,18.68,27.23,7.98,10.88,-0.0072559366754616494,-0.026068821689259614,-0.00873680378594821,-0.00992555831265507,-0.02246181491464505,False,False,False,False,False,-0.017498379779649964,-0.007717041800643143,-0.008922880815806167,0.011605415860735047,-0.020429009193054015,0.024594453165881713,-0.01035732780942511,-0.01680244399185349,-0.0139985642498206,0.013459439796289496,-0.008297258297258359,-0.0039525691699604515,-0.013463892288861579,0.014906832298136496,-0.011056511056511065,-0.016908212560386326,-0.014171833480956408,0.019873532068653832,0.0027173913043478937,-0.011638316920322356
2019-08-26,14.85,18.6,27.11,7.98,10.55,-0.013289036544850585,-0.004282655246252598,-0.0044069041498348005,0.0,-0.030330882352941235,True,True,True,True,True,-0.0072559366754616494,-0.017498379779649964,-0.007717041800643143,-0.008922880815806167,-0.026068821689259614,-0.020429009193054015,0.024594453165881713,-0.01035732780942511,-0.00873680378594821,-0.0139985642498206,0.013459439796289496,-0.008297258297258359,-0.00992555831265507,-0.013463892288861579,0.014906832298136496,-0.011056511056511065,-0.02246181491464505,-0.014171833480956408,0.019873532068653832,0.0027173913043478937
2019-08-27,14.92,18.83,27.35,8.05,10.62,0.00471380471380467,0.012365591397849318,0.008852821836960567,0.00877192982456143,0.006635071090047351,False,False,True,True,True,-0.013289036544850585,-0.0072559366754616494,-0.017498379779649964,-0.007717041800643143,-0.004282655246252598,-0.026068821689259614,-0.020429009193054015,0.024594453165881713,-0.0044069041498348005,-0.00873680378594821,-0.0139985642498206,0.013459439796289496,0.0,-0.00992555831265507,-0.013463892288861579,0.014906832298136496,-0.030330882352941235,-0.02246181491464505,-0.014171833480956408,0.019873532068653832
2019-08-28,14.9,18.73,27.57,8.16,10.82,-0.0013404825737265424,-0.005310674455655806,0.008043875685557644,0.013664596273291751,0.018832391713747842,True,True,True,True,True,0.00471380471380467,-0.013289036544850585,-0.0072559366754616494,-0.017498379779649964,0.012365591397849318,-0.004282655246252598,-0.026068821689259614,-0.020429009193054015,0.008852821836960567,-0.0044069041498348005,-0.00873680378594821,-0.0139985642498206,0.00877192982456143,0.0,-0.00992555831265507,-0.013463892288861579,0.006635071090047351,-0.030330882352941235,-0.02246181491464505,-0.014171833480956408
2019-08-29,15.23,19.33,27.78,8.24,10.97,0.022147651006711344,0.03203416978109974,0.007616974972796564,0.009803921568627416,0.013863216266173817,True,True,True,True,True,-0.0013404825737265424,0.00471380471380467,-0.013289036544850585,-0.0072559366754616494,-0.005310674455655806,0.012365591397849318,-0.004282655246252598,-0.026068821689259614,0.008043875685557644,0.008852821836960567,-0.0044069041498348005,-0.00873680378594821,0.013664596273291751,0.00877192982456143,0.0,-0.00992555831265507,0.018832391713747842,0.006635071090047351,-0.030330882352941235,-0.02246181491464505
2019-08-30,15.37,20.11,28.19,8.32,11.02,0.009192383453709763,0.04035178479048107,0.014758819294456549,0.009708737864077666,0.004557885141294404,False,False,False,False,True,0.022147651006711344,-0.0013404825737265424,0.00471380471380467,-0.013289036544850585,0.03203416978109974,-0.005310674455655806,0.012365591397849318,-0.004282655246252598,0.007616974972796564,0.008043875685557644,0.008852821836960567,-0.0044069041498348005,0.009803921568627416,0.013664596273291751,0.00877192982456143,0.0,0.013863216266173817,0.018832391713747842,0.006635071090047351,-0.030330882352941235
2019-09-02,15.09,19.66,27.65,8.27,11.16,-0.018217306441119074,-0.02237692690203874,-0.019155728981908537,-0.006009615384615419,0.012704174228675091,True,False,False,False,False,0.009192383453709763,0.022147651006711344,-0.0013404825737265424,0.00471380471380467,0.04035178479048107,0.03203416978109974,-0.005310674455655806,0.012365591397849318,0.014758819294456549,0.007616974972796564,0.008043875685557644,0.008852821836960567,0.009708737864077666,0.009803921568627416,0.013664596273291751,0.00877192982456143,0.004557885141294404,0.013863216266173817,0.018832391713747842,0.006635071090047351
2019-09-03,15.2,19.24,27.25,8.15,10.87,0.0072895957587806315,-0.021363173957273718,-0.01446654611211573,-0.014510278113663788,-0.025985663082437327,True,True,True,False,True,-0.018217306441119074,0.009192383453709763,0.022147651006711344,-0.0013404825737265424,-0.02237692690203874,0.04035178479048107,0.03203416978109974,-0.005310674455655806,-0.019155728981908537,0.014758819294456549,0.007616974972796564,0.008043875685557644,-0.006009615384615419,0.009708737864077666,0.009803921568627416,0.013664596273291751,0.012704174228675091,0.004557885141294404,0.013863216266173817,0.018832391713747842
2019-09-04,15.43,19.53,27.24,8.25,11.08,0.015131578947368496,0.015072765072765115,-0.0003669724770642979,0.012269938650306678,0.01931922723091084,False,True,True,True,True,0.0072895957587806315,-0.018217306441119074,0.009192383453709763,0.022147651006711344,-0.021363173957273718,-0.02237692690203874,0.04035178479048107,0.03203416978109974,-0.01446654611211573,-0.019155728981908537,0.014758819294456549,0.007616974972796564,-0.014510278113663788,-0.006009615384615419,0.009708737864077666,0.009803921568627416,-0.025985663082437327,0.012704174228675091,0.004557885141294404,0.013863216266173817
2019-09-05,15.34,20.01,28.11,8.45,11.16,-0.005832793259883284,0.02457757296466978,0.0319383259911894,0.024242424242424176,0.0072202166064982976,True,True,True,True,True,0.015131578947368496,0.0072895957587806315,-0.018217306441119074,0.009192383453709763,0.015072765072765115,-0.021363173957273718,-0.02237692690203874,0.04035178479048107,-0.0003669724770642979,-0.01446654611211573,-0.019155728981908537,0.014758819294456549,0.012269938650306678,-0.014510278113663788,-0.006009615384615419,0.009708737864077666,0.01931922723091084,-0.025985663082437327,0.012704174228675091,0.004557885141294404
2019-09-06,15.37,20.78,28.94,8.63,11.18,0.001955671447196883,0.03848075962018993,0.02952685876912131,0.02130177514792919,0.0017921146953405742,True,True,True,True,False,-0.005832793259883284,0.015131578947368496,0.0072895957587806315,-0.018217306441119074,0.02457757296466978,0.015072765072765115,-0.021363173957273718,-0.02237692690203874,0.0319383259911894,-0.0003669724770642979,-0.01446654611211573,-0.019155728981908537,0.024242424242424176,0.012269938650306678,-0.014510278113663788,-0.006009615384615419,0.0072202166064982976,0.01931922723091084,-0.025985663082437327,0.012704174228675091
2019-09-09,15.49,21.06,29.42,8.73,11.06,0.007807417046193921,0.013474494706448459,0.016586040082930298,0.011587485515643037,-0.01073345259391767,False,False,False,False,True,0.001955671447196883,-0.005832793259883284,0.015131578947368496,0.0072895957587806315,0.03848075962018993,0.02457757296466978,0.015072765072765115,-0.021363173957273718,0.02952685876912131,0.0319383259911894,-0.0003669724770642979,-0.01446654611211573,0.02130177514792919,0.024242424242424176,0.012269938650306678,-0.014510278113663788,0.0017921146953405742,0.0072202166064982976,0.01931922723091084,-0.025985663082437327
2019-09-10,15.45,20.92,29.14,8.63,11.23,-0.002582311168495832,-0.006647673314339797,-0.009517335146159156,-0.01145475372279492,0.015370705244122984,True,True,True,False,True,0.007807417046193921,0.001955671447196883,-0.005832793259883284,0.015131578947368496,0.013474494706448459,0.03848075962018993,0.02457757296466978,0.015072765072765115,0.016586040082930298,0.02952685876912131,0.0319383259911894,-0.0003669724770642979,0.011587485515643037,0.02130177514792919,0.024242424242424176,0.012269938650306678,-0.01073345259391767,0.0017921146953405742,0.0072202166064982976,0.01931922723091084
2019-09-11,15.52,20.98,29.05,8.71,11.3,0.0045307443365696365,0.002868068833651982,-0.00308853809196985,0.009269988412514474,0.006233303650934996,True,False,True,False,False,-0.002582311168495832,0.007807417046193921,0.001955671447196883,-0.005832793259883284,-0.006647673314339797,0.013474494706448459,0.03848075962018993,0.02457757296466978,-0.009517335146159156,0.016586040082930298,0.02952685876912131,0.0319383259911894,-0.01145475372279492,0.011587485515643037,0.02130177514792919,0.024242424242424176,0.015370705244122984,-0.01073345259391767,0.0017921146953405742,0.0072202166064982976
2019-09-12,15.9,20.81,28.98,8.79,11.29,0.024484536082474362,-0.008102955195424255,-0.002409638554216831,0.00918484500574035,-0.0008849557522124796,False,False,True,True,True,0.0045307443365696365,-0.002582311168495832,0.007807417046193921,0.001955671447196883,0.002868068833651982,-0.006647673314339797,0.013474494706448459,0.03848075962018993,-0.00308853809196985,-0.009517335146159156,0.016586040082930298,0.02952685876912131,0.009269988412514474,-0.01145475372279492,0.011587485515643037,0.02130177514792919,0.006233303650934996,0.015370705244122984,-0.01073345259391767,0.0017921146953405742
2019-09-13,15.68,20.57,29.24,8.83,11.62,-0.01383647798742138,-0.011532916866890841,0.008971704623878418,0.004550625711035483,0.029229406554472925,True,False,False,False,False,0.024484536082474362,0.0045307443365696365,-0.002582311168495832,0.007807417046193921,-0.008102955195424255,0.002868068833651982,-0.006647673314339797,0.013474494706448459,-0.002409638554216831,-0.00308853809196985,-0.009517335146159156,0.016586040082930298,0.00918484500574035,0.009269988412514474,-0.01145475372279492,0.011587485515643037,-0.0008849557522124796,0.006233303650934996,0.015370705244122984,-0.01073345259391767
2019-09-16,15.72,20.39,28.59,8.72,11.38,0.0025510204081633514,-0.008750607681088929,-0.022229822161422663,-0.01245753114382775,-0.0206540447504302,True,True,True,True,True,-0.01383647798742138,0.024484536082474362,0.0045307443365696365,-0.002582311168495832,-0.011532916866890841,-0.008102955195424255,0.002868068833651982,-0.006647673314339797,0.008971704623878418,-0.002409638554216831,-0.00308853809196985,-0.009517335146159156,0.004550625711035483,0.00918484500574035,0.009269988412514474,-0.01145475372279492,0.029229406554472925,-0.0008849557522124796,0.006233303650934996,0.015370705244122984
2019-09-17,15.95,20.63,28.89,8.83,11.65,0.014631043256997378,0.011770475723393847,0.01049317943336825,0.01261467889908241,0.023725834797891032,False,True,True,True,True,0.0025510204081633514,-0.01383647798742138,0.024484536082474362,0.0045307443365696365,-0.008750607681088929,-0.011532916866890841,-0.008102955195424255,0.002868068833651982,-0.022229822161422663,0.008971704623878418,-0.002409638554216831,-0.00308853809196985,-0.01245753114382775,0.004550625711035483,0.00918484500574035,0.009269988412514474,-0.0206540447504302,0.029229406554472925,-0.0008849557522124796,0.006233303650934996
2019-09-18,15.81,20.78,28.99,8.84,11.75,-0.008777429467084596,0.007270964614638942,0.00346140533056416,0.0011325028312569874,0.008583690987124415,True,False,False,False,False,0.014631043256997378,0.0025510204081633514,-0.01383647798742138,0.024484536082474362,0.011770475723393847,-0.008750607681088929,-0.011532916866890841,-0.008102955195424255,0.01049317943336825,-0.022229822161422663,0.008971704623878418,-0.002409638554216831,0.01261467889908241,-0.01245753114382775,0.004550625711035483,0.00918484500574035,0.023725834797891032,-0.0206540447504302,0.029229406554472925,-0.0008849557522124796
2019-09-19,15.88,20.5,28.11,8.78,11.6,0.0044275774826059155,-0.01347449470644857,-0.030355294929285903,-0.006787330316742168,-0.012765957446808529,True,True,False,True,True,-0.008777429467084596,0.014631043256997378,0.0025510204081633514,-0.01383647798742138,0.007270964614638942,0.011770475723393847,-0.008750607681088929,-0.011532916866890841,0.00346140533056416,0.01049317943336825,-0.022229822161422663,0.008971704623878418,0.0011325028312569874,0.01261467889908241,-0.01245753114382775,0.004550625711035483,0.008583690987124415,0.023725834797891032,-0.0206540447504302,0.029229406554472925
2019-09-20,15.92,21.18,28.43,8.69,11.95,0.0025188916876572875,0.0331707317073171,0.011383849163998594,-0.010250569476081939,0.030172413793103425,True,False,True,False,False,0.0044275774826059155,-0.008777429467084596,0.014631043256997378,0.0025510204081633514,-0.01347449470644857,0.007270964614638942,0.011770475723393847,-0.008750607681088929,-0.030355294929285903,0.00346140533056416,0.01049317943336825,-0.022229822161422663,-0.006787330316742168,0.0011325028312569874,0.01261467889908241,-0.01245753114382775,-0.012765957446808529,0.008583690987124415,0.023725834797891032,-0.0206540447504302
2019-09-23,15.93,21.01,28.34,8.79,11.87,0.0006281407035175768,-0.00802644003777142,-0.0031656700668307725,0.011507479861910141,-0.006694560669456062,False,False,False,False,False,0.0025188916876572875,0.0044275774826059155,-0.008777429467084596,0.014631043256997378,0.0331707317073171,-0.01347449470644857,0.007270964614638942,0.011770475723393847,0.011383849163998594,-0.030355294929285903,0.00346140533056416,0.01049317943336825,-0.010250569476081939,-0.006787330316742168,0.0011325028312569874,0.01261467889908241,0.030172413793103425,-0.012765957446808529,0.008583690987124415,0.023725834797891032
2019-09-24,15.88,20.78,28.05,8.74,11.71,-0.003138731952291196,-0.01094716801523088,-0.010232886379675343,-0.00568828213879391,-0.013479359730412699,True,True,True,True,True,0.0006281407035175768,0.0025188916876572875,0.0044275774826059155,-0.008777429467084596,-0.00802644003777142,0.0331707317073171,-0.01347449470644857,0.007270964614638942,-0.0031656700668307725,0.011383849163998594,-0.030355294929285903,0.00346140533056416,0.011507479861910141,-0.010250569476081939,-0.006787330316742168,0.0011325028312569874,-0.006694560669456062,0.030172413793103425,-0.012765957446808529,0.008583690987124415
2019-09-25,16.09,20.98,28.19,8.75,11.89,0.013224181360201426,0.009624639076034613,0.004991087344028644,0.0011441647597254523,0.015371477369769293,False,True,True,True,False,-0.003138731952291196,0.0006281407035175768,0.0025188916876572875,0.0044275774826059155,-0.01094716801523088,-0.00802644003777142,0.0331707317073171,-0.01347449470644857,-0.010232886379675343,-0.0031656700668307725,0.011383849163998594,-0.030355294929285903,-0.00568828213879391,0.011507479861910141,-0.010250569476081939,-0.006787330316742168,-0.013479359730412699,-0.006694560669456062,0.030172413793103425,-0.012765957446808529
2019-09-26,16.03,21.16,28.82,8.94,11.89,-0.003729024238657508,0.008579599618684375,0.022348350478893275,0.021714285714285575,0.0,False,False,False,False,False,0.013224181360201426,-0.003138731952291196,0.0006281407035175768,0.0025188916876572875,0.009624639076034613,-0.01094716801523088,-0.00802644003777142,0.0331707317073171,0.004991087344028644,-0.010232886379675343,-0.0031656700668307725,0.011383849163998594,0.0011441647597254523,-0.00568828213879391,0.011507479861910141,-0.010250569476081939,0.015371477369769293,-0.013479359730412699,-0.006694560669456062,0.030172413793103425
2019-09-27,15.97,21.14,28.8,8.93,11.84,-0.0037429819089207506,-0.000945179584120992,-0.000693962526023606,-0.0011185682326622093,-0.004205214465937801,False,False,False,False,True,-0.003729024238657508,0.013224181360201426,-0.003138731952291196,0.0006281407035175768,0.008579599618684375,0.009624639076034613,-0.01094716801523088,-0.00802644003777142,0.022348350478893275,0.004991087344028644,-0.010232886379675343,-0.0031656700668307725,0.021714285714285575,0.0011441647597254523,-0.00568828213879391,0.011507479861910141,0.0,0.015371477369769293,-0.013479359730412699,-0.006694560669456062
2019-09-30,15.8,20.75,28.41,8.87,11.89,-0.01064495929868503,-0.018448438978240334,-0.013541666666666674,-0.006718924972004547,0.004222972972973027,True,False,False,False,False,-0.0037429819089207506,-0.003729024238657508,0.013224181360201426,-0.003138731952291196,-0.000945179584120992,0.008579599618684375,0.009624639076034613,-0.01094716801523088,-0.000693962526023606,0.022348350478893275,0.004991087344028644,-0.010232886379675343,-0.0011185682326622093,0.021714285714285575,0.0011441647597254523,-0.00568828213879391,-0.004205214465937801,0.0,0.015371477369769293,-0.013479359730412699
2019-10-01,15.85,20.57,27.96,8.73,11.89,0.0031645569620253333,-0.00867469879518068,-0.015839493136219573,-0.015783540022547782,0.0,False,False,False,False,False,-0.01064495929868503,-0.0037429819089207506,-0.003729024238657508,0.013224181360201426,-0.018448438978240334,-0.000945179584120992,0.008579599618684375,0.009624639076034613,-0.013541666666666674,-0.000693962526023606,0.022348350478893275,0.004991087344028644,-0.006718924972004547,-0.0011185682326622093,0.021714285714285575,0.0011441647597254523,0.004222972972973027,-0.004205214465937801,0.0,0.015371477369769293
2019-10-02,15.48,19.78,27.33,8.46,11.69,-0.023343848580441584,-0.03840544482255703,-0.022532188841201783,-0.030927835051546393,-0.016820857863751093,False,True,True,False,False,0.0031645569620253333,-0.01064495929868503,-0.0037429819089207506,-0.003729024238657508,-0.00867469879518068,-0.018448438978240334,-0.000945179584120992,0.008579599618684375,-0.015839493136219573,-0.013541666666666674,-0.000693962526023606,0.022348350478893275,-0.015783540022547782,-0.006718924972004547,-0.0011185682326622093,0.021714285714285575,0.0,0.004222972972973027,-0.004205214465937801,0.0
2019-10-03,15.25,19.81,27.17,8.49,11.62,-0.014857881136950968,0.0015166835187057082,-0.0058543724844491996,0.0035460992907800915,-0.005988023952095856,True,True,False,True,False,-0.023343848580441584,0.0031645569620253333,-0.01064495929868503,-0.0037429819089207506,-0.03840544482255703,-0.00867469879518068,-0.018448438978240334,-0.000945179584120992,-0.022532188841201783,-0.015839493136219573,-0.013541666666666674,-0.000693962526023606,-0.030927835051546393,-0.015783540022547782,-0.006718924972004547,-0.0011185682326622093,-0.016820857863751093,0.0,0.004222972972973027,-0.004205214465937801
2019-10-04,15.77,19.89,27.4,8.41,11.58,0.03409836065573768,0.004038364462392918,0.008465218991534629,-0.009422850412249661,-0.0034423407917383297,False,False,False,False,False,-0.014857881136950968,-0.023343848580441584,0.0031645569620253333,-0.01064495929868503,0.0015166835187057082,-0.03840544482255703,-0.00867469879518068,-0.018448438978240334,-0.0058543724844491996,-0.022532188841201783,-0.015839493136219573,-0.013541666666666674,0.0035460992907800915,-0.030927835051546393,-0.015783540022547782,-0.006718924972004547,-0.005988023952095856,-0.016820857863751093,0.0,0.004222972972973027
2019-10-07,15.49,19.58,26.69,8.2,11.21,-0.01775523145212421,-0.015585721468074576,-0.02591240875912404,-0.024970273483947758,-0.031951640759930844,False,True,True,False,False,0.03409836065573768,-0.014857881136950968,-0.023343848580441584,0.0031645569620253333,0.004038364462392918,0.0015166835187057082,-0.03840544482255703,-0.00867469879518068,0.008465218991534629,-0.0058543724844491996,-0.022532188841201783,-0.015839493136219573,-0.009422850412249661,0.0035460992907800915,-0.030927835051546393,-0.015783540022547782,-0.0034423407917383297,-0.005988023952095856,-0.016820857863751093,0.0
2019-10-08,15.27,19.66,26.5,8.23,11.19,-0.01420271142672691,0.0040858018386109585,-0.007118771075309116,0.003658536585366079,-0.001784121320249854,True,True,True,True,True,-0.01775523145212421,0.03409836065573768,-0.014857881136950968,-0.023343848580441584,-0.015585721468074576,0.004038364462392918,0.0015166835187057082,-0.03840544482255703,-0.02591240875912404,0.008465218991534629,-0.0058543724844491996,-0.022532188841201783,-0.024970273483947758,-0.009422850412249661,0.0035460992907800915,-0.030927835051546393,-0.031951640759930844,-0.0034423407917383297,-0.005988023952095856,-0.016820857863751093
2019-10-09,15.33,20.44,26.89,8.31,11.22,0.003929273084479323,0.03967446592065116,0.014716981132075535,0.009720534629404698,0.002680965147453085,False,True,True,True,True,-0.01420271142672691,-0.01775523145212421,0.03409836065573768,-0.014857881136950968,0.0040858018386109585,-0.015585721468074576,0.004038364462392918,0.0015166835187057082,-0.007118771075309116,-0.02591240875912404,0.008465218991534629,-0.0058543724844491996,0.003658536585366079,-0.024970273483947758,-0.009422850412249661,0.0035460992907800915,-0.001784121320249854,-0.031951640759930844,-0.0034423407917383297,-0.005988023952095856
2019-10-10,15.12,20.56,27.13,8.46,11.27,-0.013698630136986356,0.005870841487279677,0.008925251022684932,0.018050541516245522,0.004456327985739694,True,True,True,True,True,0.003929273084479323,-0.01420271142672691,-0.01775523145212421,0.03409836065573768,0.03967446592065116,0.0040858018386109585,-0.015585721468074576,0.004038364462392918,0.014716981132075535,-0.007118771075309116,-0.02591240875912404,0.008465218991534629,0.009720534629404698,0.003658536585366079,-0.024970273483947758,-0.009422850412249661,0.002680965147453085,-0.001784121320249854,-0.031951640759930844,-0.0034423407917383297
2019-10-11,15.25,20.86,27.6,8.69,11.61,0.008597883597883715,0.014591439688715901,0.01732399557685227,0.027186761229314182,0.030168589174800253,True,True,True,True,True,-0.013698630136986356,0.003929273084479323,-0.01420271142672691,-0.01775523145212421,0.005870841487279677,0.03967446592065116,0.0040858018386109585,-0.015585721468074576,0.008925251022684932,0.014716981132075535,-0.007118771075309116,-0.02591240875912404,0.018050541516245522,0.009720534629404698,0.003658536585366079,-0.024970273483947758,0.004456327985739694,0.002680965147453085,-0.001784121320249854,-0.031951640759930844
2019-10-14,15.37,21.17,27.87,8.84,11.65,0.007868852459016251,0.014860977948226273,0.009782608695652062,0.017261219792865434,0.003445305770887197,True,True,False,True,True,0.008597883597883715,-0.013698630136986356,0.003929273084479323,-0.01420271142672691,0.014591439688715901,0.005870841487279677,0.03967446592065116,0.0040858018386109585,0.01732399557685227,0.008925251022684932,0.014716981132075535,-0.007118771075309116,0.027186761229314182,0.018050541516245522,0.009720534629404698,0.003658536585366079,0.030168589174800253,0.004456327985739694,0.002680965147453085,-0.001784121320249854
2019-10-15,15.51,21.37,28.02,8.76,11.66,0.009108653220559537,0.009447331128956016,0.005382131324004336,-0.009049773755656076,0.0008583690987125081,False,True,True,True,True,0.007868852459016251,0.008597883597883715,-0.013698630136986356,0.003929273084479323,0.014860977948226273,0.014591439688715901,0.005870841487279677,0.03967446592065116,0.009782608695652062,0.01732399557685227,0.008925251022684932,0.014716981132075535,0.017261219792865434,0.027186761229314182,0.018050541516245522,0.009720534629404698,0.003445305770887197,0.030168589174800253,0.004456327985739694,0.002680965147453085
2019-10-16,15.51,22.03,28.22,9.09,11.95,0.0,0.030884417407580633,0.007137758743754441,0.03767123287671237,0.024871355060034128,False,False,True,False,False,0.009108653220559537,0.007868852459016251,0.008597883597883715,-0.013698630136986356,0.009447331128956016,0.014860977948226273,0.014591439688715901,0.005870841487279677,0.005382131324004336,0.009782608695652062,0.01732399557685227,0.008925251022684932,-0.009049773755656076,0.017261219792865434,0.027186761229314182,0.018050541516245522,0.0008583690987125081,0.003445305770887197,0.030168589174800253,0.004456327985739694
2019-10-17,15.41,21.72,28.08,9.11,11.89,-0.006447453255963853,-0.014071720381298336,-0.0049610205527994555,0.002200220022002153,-0.005020920502091908,False,False,False,False,True,0.0,0.009108653220559537,0.007868852459016251,0.008597883597883715,0.030884417407580633,0.009447331128956016,0.014860977948226273,0.014591439688715901,0.007137758743754441,0.005382131324004336,0.009782608695652062,0.01732399557685227,0.03767123287671237,-0.009049773755656076,0.017261219792865434,0.027186761229314182,0.024871355060034128,0.0008583690987125081,0.003445305770887197,0.030168589174800253
2019-10-18,15.33,21.51,27.99,8.9,11.95,-0.005191434133679396,-0.00966850828729271,-0.0032051282051281937,-0.023051591657519133,0.005046257359125228,True,True,True,True,True,-0.006447453255963853,0.0,0.009108653220559537,0.007868852459016251,-0.014071720381298336,0.030884417407580633,0.009447331128956016,0.014860977948226273,-0.0049610205527994555,0.007137758743754441,0.005382131324004336,0.009782608695652062,0.002200220022002153,0.03767123287671237,-0.009049773755656076,0.017261219792865434,-0.005020920502091908,0.024871355060034128,0.0008583690987125081,0.003445305770887197
2019-10-21,15.59,21.85,28.38,9.01,11.99,0.016960208741030547,0.015806601580660162,0.013933547695605508,0.012359550561797716,0.0033472803347280866,False,True,True,True,True,-0.005191434133679396,-0.006447453255963853,0.0,0.009108653220559537,-0.00966850828729271,-0.014071720381298336,0.030884417407580633,0.009447331128956016,-0.0032051282051281937,-0.0049610205527994555,0.007137758743754441,0.005382131324004336,-0.023051591657519133,0.002200220022002153,0.03767123287671237,-0.009049773755656076,0.005046257359125228,-0.005020920502091908,0.024871355060034128,0.0008583690987125081
2019-10-22,15.41,22.42,28.79,9.2,12.14,-0.011545862732520784,0.026086956521739202,0.014446793516560863,0.021087680355160954,0.012510425354462118,False,True,True,True,True,0.016960208741030547,-0.005191434133679396,-0.006447453255963853,0.0,0.015806601580660162,-0.00966850828729271,-0.014071720381298336,0.030884417407580633,0.013933547695605508,-0.0032051282051281937,-0.0049610205527994555,0.007137758743754441,0.012359550561797716,-0.023051591657519133,0.002200220022002153,0.03767123287671237,0.0033472803347280866,0.005046257359125228,-0.005020920502091908,0.024871355060034128
2019-10-23,15.33,22.66,29.22,9.23,12.67,-0.005191434133679396,0.01070472792149868,0.014935741576936445,0.003260869565217428,0.04365733113673809,True,False,False,True,True,-0.011545862732520784,0.016960208741030547,-0.005191434133679396,-0.006447453255963853,0.026086956521739202,0.015806601580660162,-0.00966850828729271,-0.014071720381298336,0.014446793516560863,0.013933547695605508,-0.0032051282051281937,-0.0049610205527994555,0.021087680355160954,0.012359550561797716,-0.023051591657519133,0.002200220022002153,0.012510425354462118,0.0033472803347280866,0.005046257359125228,-0.005020920502091908
2019-10-24,15.75,22.62,29.41,9.18,12.8,0.02739726027397249,-0.001765225066195919,0.006502395619438772,-0.005417118093174467,0.010260457774269982,False,True,True,True,False,-0.005191434133679396,-0.011545862732520784,0.016960208741030547,-0.005191434133679396,0.01070472792149868,0.026086956521739202,0.015806601580660162,-0.00966850828729271,0.014935741576936445,0.014446793516560863,0.013933547695605508,-0.0032051282051281937,0.003260869565217428,0.021087680355160954,0.012359550561797716,-0.023051591657519133,0.04365733113673809,0.012510425354462118,0.0033472803347280866,0.005046257359125228
2019-10-25,14.45,22.79,29.5,9.3,12.46,-0.08253968253968258,0.0075154730327142705,0.003060183611016676,0.013071895424836777,-0.026562499999999933,False,True,True,True,True,0.02739726027397249,-0.005191434133679396,-0.011545862732520784,0.016960208741030547,-0.001765225066195919,0.01070472792149868,0.026086956521739202,0.015806601580660162,0.006502395619438772,0.014935741576936445,0.014446793516560863,0.013933547695605508,-0.005417118093174467,0.003260869565217428,0.021087680355160954,0.012359550561797716,0.010260457774269982,0.04365733113673809,0.012510425354462118,0.0033472803347280866
2019-10-28,14.4,23.47,30.05,9.33,12.55,-0.0034602076124566894,0.0298376480912681,0.01864406779661021,0.003225806451612856,0.007223113964687,True,False,False,False,False,-0.08253968253968258,0.02739726027397249,-0.005191434133679396,-0.011545862732520784,0.0075154730327142705,-0.001765225066195919,0.01070472792149868,0.026086956521739202,0.003060183611016676,0.006502395619438772,0.014935741576936445,0.014446793516560863,0.013071895424836777,-0.005417118093174467,0.003260869565217428,0.021087680355160954,-0.026562499999999933,0.010260457774269982,0.04365733113673809,0.012510425354462118
2019-10-29,14.43,23.21,29.6,9.27,12.52,0.002083333333333215,-0.011077971878994397,-0.014975041597337757,-0.006430868167202619,-0.0023904382470120167,False,True,True,True,True,-0.0034602076124566894,-0.08253968253968258,0.02739726027397249,-0.005191434133679396,0.0298376480912681,0.0075154730327142705,-0.001765225066195919,0.01070472792149868,0.01864406779661021,0.003060183611016676,0.006502395619438772,0.014935741576936445,0.003225806451612856,0.013071895424836777,-0.005417118093174467,0.003260869565217428,0.007223113964687,-0.026562499999999933,0.010260457774269982,0.04365733113673809
2019-10-30,14.41,23.44,29.78,9.36,12.68,-0.001386001386001312,0.009909521757863082,0.0060810810810809635,0.009708737864077666,0.012779552715654896,False,False,False,False,False,0.002083333333333215,-0.0034602076124566894,-0.08253968253968258,0.02739726027397249,-0.011077971878994397,0.0298376480912681,0.0075154730327142705,-0.001765225066195919,-0.014975041597337757,0.01864406779661021,0.003060183611016676,0.006502395619438772,-0.006430868167202619,0.003225806451612856,0.013071895424836777,-0.005417118093174467,-0.0023904382470120167,0.007223113964687,-0.026562499999999933,0.010260457774269982
2019-10-31,14.27,22.48,29.41,9.23,12.51,-0.009715475364330373,-0.04095563139931746,-0.01242444593687042,-0.013888888888888729,-0.01340694006309151,False,False,False,True,True,-0.001386001386001312,0.002083333333333215,-0.0034602076124566894,-0.08253968253968258,0.009909521757863082,-0.011077971878994397,0.0298376480912681,0.0075154730327142705,0.0060810810810809635,-0.014975041597337757,0.01864406779661021,0.003060183611016676,0.009708737864077666,-0.006430868167202619,0.003225806451612856,0.013071895424836777,0.012779552715654896,-0.0023904382470120167,0.007223113964687,-0.026562499999999933
2019-11-01,14.23,22.23,29.45,9.23,12.69,-0.002803083391730854,-0.011120996441281172,0.0013600816048962017,0.0,0.014388489208633004,True,True,True,True,True,-0.009715475364330373,-0.001386001386001312,0.002083333333333215,-0.0034602076124566894,-0.04095563139931746,0.009909521757863082,-0.011077971878994397,0.0298376480912681,-0.01242444593687042,0.0060810810810809635,-0.014975041597337757,0.01864406779661021,-0.013888888888888729,0.009708737864077666,-0.006430868167202619,0.003225806451612856,-0.01340694006309151,0.012779552715654896,-0.0023904382470120167,0.007223113964687
2019-11-04,14.42,22.35,29.58,9.33,12.82,0.013352073085031613,0.005398110661268607,0.004414261460101931,0.010834236186348933,0.010244286840031647,True,True,True,True,True,-0.002803083391730854,-0.009715475364330373,-0.001386001386001312,0.002083333333333215,-0.011120996441281172,-0.04095563139931746,0.009909521757863082,-0.011077971878994397,0.0013600816048962017,-0.01242444593687042,0.0060810810810809635,-0.014975041597337757,0.0,-0.013888888888888729,0.009708737864077666,-0.006430868167202619,0.014388489208633004,-0.01340694006309151,0.012779552715654896,-0.0023904382470120167
2019-11-05,14.54,22.72,29.96,9.38,13.12,0.00832177531206657,0.016554809843400298,0.012846517917511902,0.005359056806002238,0.023400936037441422,False,False,False,False,True,0.013352073085031613,-0.002803083391730854,-0.009715475364330373,-0.001386001386001312,0.005398110661268607,-0.011120996441281172,-0.04095563139931746,0.009909521757863082,0.004414261460101931,0.0013600816048962017,-0.01242444593687042,0.0060810810810809635,0.010834236186348933,0.0,-0.013888888888888729,0.009708737864077666,0.010244286840031647,0.014388489208633004,-0.01340694006309151,0.012779552715654896
2019-11-06,14.38,22.41,29.96,9.34,13.33,-0.011004126547455195,-0.013644366197183011,0.0,-0.004264392324093924,0.016006097560975707,True,True,True,True,True,0.00832177531206657,0.013352073085031613,-0.002803083391730854,-0.009715475364330373,0.016554809843400298,0.005398110661268607,-0.011120996441281172,-0.04095563139931746,0.012846517917511902,0.004414261460101931,0.0013600816048962017,-0.01242444593687042,0.005359056806002238,0.010834236186348933,0.0,-0.013888888888888729,0.023400936037441422,0.010244286840031647,0.014388489208633004,-0.01340694006309151
2019-11-07,14.41,22.61,30.11,9.4,13.78,0.0020862308762168436,0.008924587237840287,0.00500667556742318,0.0064239828693790635,0.033758439609902435,False,False,False,False,True,-0.011004126547455195,0.00832177531206657,0.013352073085031613,-0.002803083391730854,-0.013644366197183011,0.016554809843400298,0.005398110661268607,-0.011120996441281172,0.0,0.012846517917511902,0.004414261460101931,0.0013600816048962017,-0.004264392324093924,0.005359056806002238,0.010834236186348933,0.0,0.016006097560975707,0.023400936037441422,0.010244286840031647,0.014388489208633004
2019-11-08,14.2,21.93,29.61,9.2,13.85,-0.014573213046495503,-0.03007518796992481,-0.016605778811026206,-0.021276595744680993,0.005079825834542806,True,True,True,True,True,0.0020862308762168436,-0.011004126547455195,0.00832177531206657,0.013352073085031613,0.008924587237840287,-0.013644366197183011,0.016554809843400298,0.005398110661268607,0.00500667556742318,0.0,0.012846517917511902,0.004414261460101931,0.0064239828693790635,-0.004264392324093924,0.005359056806002238,0.010834236186348933,0.033758439609902435,0.016006097560975707,0.023400936037441422,0.010244286840031647
2019-11-11,14.4,22.03,29.82,9.25,14.27,0.014084507042253502,0.004559963520291976,0.007092198581560405,0.005434782608695787,0.030324909747292406,False,False,False,False,False,-0.014573213046495503,0.0020862308762168436,-0.011004126547455195,0.00832177531206657,-0.03007518796992481,0.008924587237840287,-0.013644366197183011,0.016554809843400298,-0.016605778811026206,0.00500667556742318,0.0,0.012846517917511902,-0.021276595744680993,0.0064239828693790635,-0.004264392324093924,0.005359056806002238,0.005079825834542806,0.033758439609902435,0.016006097560975707,0.023400936037441422
2019-11-12,14.26,21.72,29.19,9.15,13.98,-0.009722222222222299,-0.014071720381298336,-0.021126760563380254,-0.010810810810810811,-0.02032235459004894,False,False,False,False,True,0.014084507042253502,-0.014573213046495503,0.0020862308762168436,-0.011004126547455195,0.004559963520291976,-0.03007518796992481,0.008924587237840287,-0.013644366197183011,0.007092198581560405,-0.016605778811026206,0.00500667556742318,0.0,0.005434782608695787,-0.021276595744680993,0.0064239828693790635,-0.004264392324093924,0.030324909747292406,0.005079825834542806,0.033758439609902435,0.016006097560975707
2019-11-13,14.26,21.63,29.07,9.08,14.33,0.0,-0.004143646408839796,-0.004110996916752319,-0.007650273224043769,0.025035765379112895,True,False,True,True,True,-0.009722222222222299,0.014084507042253502,-0.014573213046495503,0.0020862308762168436,-0.014071720381298336,0.004559963520291976,-0.03007518796992481,0.008924587237840287,-0.021126760563380254,0.007092198581560405,-0.016605778811026206,0.00500667556742318,-0.010810810810810811,0.005434782608695787,-0.021276595744680993,0.0064239828693790635,-0.02032235459004894,0.030324909747292406,0.005079825834542806,0.033758439609902435
2019-11-14,14.32,21.49,29.16,9.16,14.35,0.004207573632538653,-0.006472491909385147,0.003095975232198178,0.008810572687224738,0.0013956734124214165,True,False,False,False,True,0.0,-0.009722222222222299,0.014084507042253502,-0.014573213046495503,-0.004143646408839796,-0.014071720381298336,0.004559963520291976,-0.03007518796992481,-0.004110996916752319,-0.021126760563380254,0.007092198581560405,-0.016605778811026206,-0.007650273224043769,-0.010810810810810811,0.005434782608695787,-0.021276595744680993,0.025035765379112895,-0.02032235459004894,0.030324909747292406,0.005079825834542806
2019-11-18,14.41,21.33,29.09,9.15,14.37,0.006284916201117374,-0.007445323406235493,-0.0024005486968450285,-0.0010917030567685337,0.0013937282229965486,True,False,False,False,False,0.004207573632538653,0.0,-0.009722222222222299,0.014084507042253502,-0.006472491909385147,-0.004143646408839796,-0.014071720381298336,0.004559963520291976,0.003095975232198178,-0.004110996916752319,-0.021126760563380254,0.007092198581560405,0.008810572687224738,-0.007650273224043769,-0.010810810810810811,0.005434782608695787,0.0013956734124214165,0.025035765379112895,-0.02032235459004894,0.030324909747292406
2019-11-19,14.51,21.29,28.61,8.97,14.32,0.006939625260235838,-0.0018752930145334856,-0.016500515641113767,-0.01967213114754096,-0.003479471120389599,True,True,True,True,False,0.006284916201117374,0.004207573632538653,0.0,-0.009722222222222299,-0.007445323406235493,-0.006472491909385147,-0.004143646408839796,-0.014071720381298336,-0.0024005486968450285,0.003095975232198178,-0.004110996916752319,-0.021126760563380254,-0.0010917030567685337,0.008810572687224738,-0.007650273224043769,-0.010810810810810811,0.0013937282229965486,0.0013956734124214165,0.025035765379112895,-0.02032235459004894
2019-11-21,14.83,21.54,29.04,9.09,14.17,0.022053756030324,0.011742602160638826,0.015029709891646315,0.013377926421404673,-0.010474860335195513,True,True,True,False,True,0.006939625260235838,0.006284916201117374,0.004207573632538653,0.0,-0.0018752930145334856,-0.007445323406235493,-0.006472491909385147,-0.004143646408839796,-0.016500515641113767,-0.0024005486968450285,0.003095975232198178,-0.004110996916752319,-0.01967213114754096,-0.0010917030567685337,0.008810572687224738,-0.007650273224043769,-0.003479471120389599,0.0013937282229965486,0.0013956734124214165,0.025035765379112895
2019-11-22,14.93,21.9,29.01,9.16,14.25,0.006743088334457248,0.01671309192200554,-0.0010330578512396382,0.007700770077007757,0.0056457304163726185,True,False,False,False,True,0.022053756030324,0.006939625260235838,0.006284916201117374,0.004207573632538653,0.011742602160638826,-0.0018752930145334856,-0.007445323406235493,-0.006472491909385147,0.015029709891646315,-0.016500515641113767,-0.0024005486968450285,0.003095975232198178,0.013377926421404673,-0.01967213114754096,-0.0010917030567685337,0.008810572687224738,-0.010474860335195513,-0.003479471120389599,0.0013937282229965486,0.0013956734124214165
2019-11-25,14.94,21.59,28.74,9.01,14.27,0.0006697923643670389,-0.014155251141552472,-0.009307135470527528,-0.01637554585152845,0.00140350877192974,False,False,False,False,False,0.006743088334457248,0.022053756030324,0.006939625260235838,0.006284916201117374,0.01671309192200554,0.011742602160638826,-0.0018752930145334856,-0.007445323406235493,-0.0010330578512396382,0.015029709891646315,-0.016500515641113767,-0.0024005486968450285,0.007700770077007757,0.013377926421404673,-0.01967213114754096,-0.0010917030567685337,0.0056457304163726185,-0.010474860335195513,-0.003479471120389599,0.0013937282229965486
2019-11-26,14.8,20.91,28.31,8.76,14.04,-0.009370816599732157,-0.03149606299212593,-0.014961725817675742,-0.027746947835738056,-0.016117729502452716,False,True,True,True,True,0.0006697923643670389,0.006743088334457248,0.022053756030324,0.006939625260235838,-0.014155251141552472,0.01671309192200554,0.011742602160638826,-0.0018752930145334856,-0.009307135470527528,-0.0010330578512396382,0.015029709891646315,-0.016500515641113767,-0.01637554585152845,0.007700770077007757,0.013377926421404673,-0.01967213114754096,0.00140350877192974,0.0056457304163726185,-0.010474860335195513,-0.003479471120389599
2019-11-27,14.74,21.2,28.51,8.91,14.25,-0.004054054054054124,0.013868962219033998,0.007064641469445521,0.017123287671232834,0.014957264957265126,True,False,False,False,True,-0.009370816599732157,0.0006697923643670389,0.006743088334457248,0.022053756030324,-0.03149606299212593,-0.014155251141552472,0.01671309192200554,0.011742602160638826,-0.014961725817675742,-0.009307135470527528,-0.0010330578512396382,0.015029709891646315,-0.027746947835738056,-0.01637554585152845,0.007700770077007757,0.013377926421404673,-0.016117729502452716,0.00140350877192974,0.0056457304163726185,-0.010474860335195513
2019-11-28,14.78,21.18,28.19,8.9,14.44,0.0027137042062415073,-0.0009433962264150386,-0.011224131883549648,-0.001122334455667784,0.013333333333333197,True,True,False,True,True,-0.004054054054054124,-0.009370816599732157,0.0006697923643670389,0.006743088334457248,0.013868962219033998,-0.03149606299212593,-0.014155251141552472,0.01671309192200554,0.007064641469445521,-0.014961725817675742,-0.009307135470527528,-0.0010330578512396382,0.017123287671232834,-0.027746947835738056,-0.01637554585152845,0.007700770077007757,0.014957264957265126,-0.016117729502452716,0.00140350877192974,0.0056457304163726185
2019-11-29,14.82,21.4,28.29,8.89,14.92,0.0027063599458727605,0.010387157695939564,0.003547357218871783,-0.0011235955056179137,0.033240997229917024,False,True,True,True,False,0.0027137042062415073,-0.004054054054054124,-0.009370816599732157,0.0006697923643670389,-0.0009433962264150386,0.013868962219033998,-0.03149606299212593,-0.014155251141552472,-0.011224131883549648,0.007064641469445521,-0.014961725817675742,-0.009307135470527528,-0.001122334455667784,0.017123287671232834,-0.027746947835738056,-0.01637554585152845,0.013333333333333197,0.014957264957265126,-0.016117729502452716,0.00140350877192974
2019-12-02,14.75,21.61,28.63,9.03,14.79,-0.004723346828609976,0.00981308411214954,0.012018381053375826,0.015748031496062964,-0.008713136729222581,False,False,False,True,True,0.0027063599458727605,0.0027137042062415073,-0.004054054054054124,-0.009370816599732157,0.010387157695939564,-0.0009433962264150386,0.013868962219033998,-0.03149606299212593,0.003547357218871783,-0.011224131883549648,0.007064641469445521,-0.014961725817675742,-0.0011235955056179137,-0.001122334455667784,0.017123287671232834,-0.027746947835738056,0.033240997229917024,0.013333333333333197,0.014957264957265126,-0.016117729502452716
2019-12-03,14.67,21.5,28.7,8.96,15.06,-0.0054237288135593476,-0.00509023600185099,0.0024449877750611915,-0.007751937984495916,0.018255578093306468,True,True,True,True,True,-0.004723346828609976,0.0027063599458727605,0.0027137042062415073,-0.004054054054054124,0.00981308411214954,0.010387157695939564,-0.0009433962264150386,0.013868962219033998,0.012018381053375826,0.003547357218871783,-0.011224131883549648,0.007064641469445521,0.015748031496062964,-0.0011235955056179137,-0.001122334455667784,0.017123287671232834,-0.008713136729222581,0.033240997229917024,0.013333333333333197,0.014957264957265126
2019-12-04,15.02,21.99,29.5,9.14,15.61,0.02385821404226318,0.022790697674418547,0.027874564459930307,0.020089285714285587,0.03652058432934924,False,True,True,True,True,-0.0054237288135593476,-0.004723346828609976,0.0027063599458727605,0.0027137042062415073,-0.00509023600185099,0.00981308411214954,0.010387157695939564,-0.0009433962264150386,0.0024449877750611915,0.012018381053375826,0.003547357218871783,-0.011224131883549648,-0.007751937984495916,0.015748031496062964,-0.0011235955056179137,-0.001122334455667784,0.018255578093306468,-0.008713136729222581,0.033240997229917024,0.013333333333333197
2019-12-05,14.9,22.14,29.57,9.16,16.07,-0.007989347536617841,0.0068212824010915885,0.002372881355932277,0.002188183807439792,0.029468289557975647,True,False,False,False,False,0.02385821404226318,-0.0054237288135593476,-0.004723346828609976,0.0027063599458727605,0.022790697674418547,-0.00509023600185099,0.00981308411214954,0.010387157695939564,0.027874564459930307,0.0024449877750611915,0.012018381053375826,0.003547357218871783,0.020089285714285587,-0.007751937984495916,0.015748031496062964,-0.0011235955056179137,0.03652058432934924,0.018255578093306468,-0.008713136729222581,0.033240997229917024
2019-12-06,15.15,22.13,29.24,9.06,16.06,0.016778523489932917,-0.0004516711833785214,-0.01115995941832948,-0.01091703056768556,-0.0006222775357810351,False,False,True,True,False,-0.007989347536617841,0.02385821404226318,-0.0054237288135593476,-0.004723346828609976,0.0068212824010915885,0.022790697674418547,-0.00509023600185099,0.00981308411214954,0.002372881355932277,0.027874564459930307,0.0024449877750611915,0.012018381053375826,0.002188183807439792,0.020089285714285587,-0.007751937984495916,0.015748031496062964,0.029468289557975647,0.03652058432934924,0.018255578093306468,-0.008713136729222581
2019-12-09,15.14,21.94,29.54,9.23,15.65,-0.0006600660066006236,-0.008585630366018893,0.010259917920656614,0.01876379690949226,-0.025529265255292533,False,False,False,False,True,0.016778523489932917,-0.007989347536617841,0.02385821404226318,-0.0054237288135593476,-0.0004516711833785214,0.0068212824010915885,0.022790697674418547,-0.00509023600185099,-0.01115995941832948,0.002372881355932277,0.027874564459930307,0.0024449877750611915,-0.01091703056768556,0.002188183807439792,0.020089285714285587,-0.007751937984495916,-0.0006222775357810351,0.029468289557975647,0.03652058432934924,0.018255578093306468
2019-12-10,15.08,21.86,29.35,9.23,15.68,-0.003963011889035695,-0.003646308113035679,-0.006431956668923378,0.0,0.00191693290734829,True,False,False,False,True,-0.0006600660066006236,0.016778523489932917,-0.007989347536617841,0.02385821404226318,-0.008585630366018893,-0.0004516711833785214,0.0068212824010915885,0.022790697674418547,0.010259917920656614,-0.01115995941832948,0.002372881355932277,0.027874564459930307,0.01876379690949226,-0.01091703056768556,0.002188183807439792,0.020089285714285587,-0.025529265255292533,-0.0006222775357810351,0.029468289557975647,0.03652058432934924
2019-12-11,15.15,21.82,29.15,9.16,16.22,0.004641909814323553,-0.0018298261665141702,-0.006814310051107442,-0.007583965330444253,0.03443877551020402,True,True,True,True,True,-0.003963011889035695,-0.0006600660066006236,0.016778523489932917,-0.007989347536617841,-0.003646308113035679,-0.008585630366018893,-0.0004516711833785214,0.0068212824010915885,-0.006431956668923378,0.010259917920656614,-0.01115995941832948,0.002372881355932277,0.0,0.01876379690949226,-0.01091703056768556,0.002188183807439792,0.00191693290734829,-0.025529265255292533,-0.0006222775357810351,0.029468289557975647
2019-12-12,15.35,22.08,29.22,9.29,16.58,0.013201320132013139,0.01191567369385882,0.002401372212692987,0.01419213973799116,0.022194821208384674,True,True,False,True,True,0.004641909814323553,-0.003963011889035695,-0.0006600660066006236,0.016778523489932917,-0.0018298261665141702,-0.003646308113035679,-0.008585630366018893,-0.0004516711833785214,-0.006814310051107442,-0.006431956668923378,0.010259917920656614,-0.01115995941832948,-0.007583965330444253,0.0,0.01876379690949226,-0.01091703056768556,0.03443877551020402,0.00191693290734829,-0.025529265255292533,-0.0006222775357810351
2019-12-13,15.61,22.28,29.86,9.27,16.7,0.01693811074918572,0.009057971014492905,0.021902806297056765,-0.002152852529601623,0.007237635705669598,True,False,False,False,False,0.013201320132013139,0.004641909814323553,-0.003963011889035695,-0.0006600660066006236,0.01191567369385882,-0.0018298261665141702,-0.003646308113035679,-0.008585630366018893,0.002401372212692987,-0.006814310051107442,-0.006431956668923378,0.010259917920656614,0.01419213973799116,-0.007583965330444253,0.0,0.01876379690949226,0.022194821208384674,0.03443877551020402,0.00191693290734829,-0.025529265255292533
2019-12-16,15.66,21.94,29.34,9.18,16.43,0.0032030749519538215,-0.015260323159784539,-0.017414601473543234,-0.009708737864077666,-0.016167664670658666,False,True,True,True,True,0.01693811074918572,0.013201320132013139,0.004641909814323553,-0.003963011889035695,0.009057971014492905,0.01191567369385882,-0.0018298261665141702,-0.003646308113035679,0.021902806297056765,0.002401372212692987,-0.006814310051107442,-0.006431956668923378,-0.002152852529601623,0.01419213973799116,-0.007583965330444253,0.0,0.007237635705669598,0.022194821208384674,0.03443877551020402,0.00191693290734829
2019-12-17,15.52,22.29,29.73,9.31,16.66,-0.008939974457215838,0.015952597994530526,0.013292433537832382,0.014161220043573008,0.013998782714546687,True,True,True,True,False,0.0032030749519538215,0.01693811074918572,0.013201320132013139,0.004641909814323553,-0.015260323159784539,0.009057971014492905,0.01191567369385882,-0.0018298261665141702,-0.017414601473543234,0.021902806297056765,0.002401372212692987,-0.006814310051107442,-0.009708737864077666,-0.002152852529601623,0.01419213973799116,-0.007583965330444253,-0.016167664670658666,0.007237635705669598,0.022194821208384674,0.03443877551020402
2019-12-18,15.67,23.15,29.83,9.46,16.63,0.009664948453608213,0.03858232391206817,0.0033636057854018464,0.01611170784103111,-0.0018007202881152873,True,True,False,True,False,-0.008939974457215838,0.0032030749519538215,0.01693811074918572,0.013201320132013139,0.015952597994530526,-0.015260323159784539,0.009057971014492905,0.01191567369385882,0.013292433537832382,-0.017414601473543234,0.021902806297056765,0.002401372212692987,0.014161220043573008,-0.009708737864077666,-0.002152852529601623,0.01419213973799116,0.013998782714546687,-0.016167664670658666,0.007237635705669598,0.022194821208384674
2019-12-19,15.74,23.5,29.92,9.37,16.48,0.00446713465220161,0.015118790496760237,0.0030170968823333144,-0.009513742071881826,-0.009019843656043247,True,False,False,False,True,0.009664948453608213,-0.008939974457215838,0.0032030749519538215,0.01693811074918572,0.03858232391206817,0.015952597994530526,-0.015260323159784539,0.009057971014492905,0.0033636057854018464,0.013292433537832382,-0.017414601473543234,0.021902806297056765,0.01611170784103111,0.014161220043573008,-0.009708737864077666,-0.002152852529601623,-0.0018007202881152873,0.013998782714546687,-0.016167664670658666,0.007237635705669598
2019-12-20,15.93,23.16,29.67,9.36,16.62,0.012071156289707785,-0.014468085106382977,-0.008355614973261982,-0.0010672358591248265,0.008495145631068013,True,True,True,True,False,0.00446713465220161,0.009664948453608213,-0.008939974457215838,0.0032030749519538215,0.015118790496760237,0.03858232391206817,0.015952597994530526,-0.015260323159784539,0.0030170968823333144,0.0033636057854018464,0.013292433537832382,-0.017414601473543234,-0.009513742071881826,0.01611170784103111,0.014161220043573008,-0.009708737864077666,-0.009019843656043247,-0.0018007202881152873,0.013998782714546687,-0.016167664670658666
2019-12-23,15.97,23.63,30.06,9.4,16.59,0.0025109855618330457,0.020293609671848012,0.013144590495449915,0.00427350427350448,-0.0018050541516245744,True,True,True,True,True,0.012071156289707785,0.00446713465220161,0.009664948453608213,-0.008939974457215838,-0.014468085106382977,0.015118790496760237,0.03858232391206817,0.015952597994530526,-0.008355614973261982,0.0030170968823333144,0.0033636057854018464,0.013292433537832382,-0.0010672358591248265,-0.009513742071881826,0.01611170784103111,0.014161220043573008,0.008495145631068013,-0.009019843656043247,-0.0018007202881152873,0.013998782714546687
2019-12-26,16.19,23.88,30.51,9.45,17.11,0.013775829680651164,0.010579771476936006,0.014970059880239583,0.005319148936170137,0.03134418324291732,False,False,False,False,True,0.0025109855618330457,0.012071156289707785,0.00446713465220161,0.009664948453608213,0.020293609671848012,-0.014468085106382977,0.015118790496760237,0.03858232391206817,0.013144590495449915,-0.008355614973261982,0.0030170968823333144,0.0033636057854018464,0.00427350427350448,-0.0010672358591248265,-0.009513742071881826,0.01611170784103111,-0.0018050541516245744,0.008495145631068013,-0.009019843656043247,-0.0018007202881152873
2019-12-27,16.14,23.73,30.4,9.43,17.35,-0.0030883261272390827,-0.006281407035175768,-0.003605375286791279,-0.002116402116402072,0.014026884862653466,False,False,False,False,False,0.013775829680651164,0.0025109855618330457,0.012071156289707785,0.00446713465220161,0.010579771476936006,0.020293609671848012,-0.014468085106382977,0.015118790496760237,0.014970059880239583,0.013144590495449915,-0.008355614973261982,0.0030170968823333144,0.005319148936170137,0.00427350427350448,-0.0010672358591248265,-0.009513742071881826,0.03134418324291732,-0.0018050541516245744,0.008495145631068013,-0.009019843656043247
2019-12-30,15.73,23.69,30.28,9.4,17.02,-0.025402726146220633,-0.001685630004214067,-0.003947368421052588,-0.0031813361611876534,-0.019020172910662936,True,True,True,True,True,-0.0030883261272390827,0.013775829680651164,0.0025109855618330457,0.012071156289707785,-0.006281407035175768,0.010579771476936006,0.020293609671848012,-0.014468085106382977,-0.003605375286791279,0.014970059880239583,0.013144590495449915,-0.008355614973261982,-0.002116402116402072,0.005319148936170137,0.00427350427350448,-0.0010672358591248265,0.014026884862653466,0.03134418324291732,-0.0018050541516245744,0.008495145631068013
2020-01-02,16.18,24.64,30.83,9.51,17.31,0.028607755880483143,0.0401013085690165,0.018163804491413416,0.011702127659574346,0.017038777908343183,False,False,True,False,False,-0.025402726146220633,-0.0030883261272390827,0.013775829680651164,0.0025109855618330457,-0.001685630004214067,-0.006281407035175768,0.010579771476936006,0.020293609671848012,-0.003947368421052588,-0.003605375286791279,0.014970059880239583,0.013144590495449915,-0.0031813361611876534,-0.002116402116402072,0.005319148936170137,0.00427350427350448,-0.019020172910662936,0.014026884862653466,0.03134418324291732,-0.0018050541516245744
2020-01-03,15.95,24.25,30.58,9.53,17.08,-0.014215080346106301,-0.015827922077922052,-0.008108984755108684,0.002103049421661396,-0.013287117273252491,True,False,False,False,True,0.028607755880483143,-0.025402726146220633,-0.0030883261272390827,0.013775829680651164,0.0401013085690165,-0.001685630004214067,-0.006281407035175768,0.010579771476936006,0.018163804491413416,-0.003947368421052588,-0.003605375286791279,0.014970059880239583,0.011702127659574346,-0.0031813361611876534,-0.002116402116402072,0.005319148936170137,0.017038777908343183,-0.019020172910662936,0.014026884862653466,0.03134418324291732
2020-01-06,16.02,24.11,30.26,9.43,17.13,0.004388714733542409,-0.0057731958762886615,-0.01046435578809668,-0.01049317943336825,0.0029274004683841337,True,False,False,False,True,-0.014215080346106301,0.028607755880483143,-0.025402726146220633,-0.0030883261272390827,-0.015827922077922052,0.0401013085690165,-0.001685630004214067,-0.006281407035175768,-0.008108984755108684,0.018163804491413416,-0.003947368421052588,-0.003605375286791279,0.002103049421661396,0.011702127659574346,-0.0031813361611876534,-0.002116402116402072,-0.013287117273252491,0.017038777908343183,-0.019020172910662936,0.014026884862653466
2020-01-07,16.06,23.7,29.68,9.34,17.26,0.0024968789013732895,-0.017005391953546223,-0.019167217448777363,-0.009544008483563071,0.007589025102160196,False,False,False,False,False,0.004388714733542409,-0.014215080346106301,0.028607755880483143,-0.025402726146220633,-0.0057731958762886615,-0.015827922077922052,0.0401013085690165,-0.001685630004214067,-0.01046435578809668,-0.008108984755108684,0.018163804491413416,-0.003947368421052588,-0.01049317943336825,0.002103049421661396,0.011702127659574346,-0.0031813361611876534,0.0029274004683841337,-0.013287117273252491,0.017038777908343183,-0.019020172910662936
2020-01-08,15.98,23.34,29.37,9.22,16.61,-0.004981320049813109,-0.015189873417721489,-0.01044474393530992,-0.012847965738757905,-0.03765932792584026,False,False,False,False,False,0.0024968789013732895,0.004388714733542409,-0.014215080346106301,0.028607755880483143,-0.017005391953546223,-0.0057731958762886615,-0.015827922077922052,0.0401013085690165,-0.019167217448777363,-0.01046435578809668,-0.008108984755108684,0.018163804491413416,-0.009544008483563071,-0.01049317943336825,0.002103049421661396,0.011702127659574346,0.007589025102160196,0.0029274004683841337,-0.013287117273252491,0.017038777908343183
2020-01-09,15.86,23.11,29.1,9.09,16.36,-0.007509386733416834,-0.009854327335047097,-0.009193054136874323,-0.014099783080260386,-0.015051173991571298,True,False,False,False,True,-0.004981320049813109,0.0024968789013732895,0.004388714733542409,-0.014215080346106301,-0.015189873417721489,-0.017005391953546223,-0.0057731958762886615,-0.015827922077922052,-0.01044474393530992,-0.019167217448777363,-0.01046435578809668,-0.008108984755108684,-0.012847965738757905,-0.009544008483563071,-0.01049317943336825,0.002103049421661396,-0.03765932792584026,0.007589025102160196,0.0029274004683841337,-0.013287117273252491
2020-01-10,15.91,22.71,28.75,9.05,16.7,0.0031525851197982124,-0.017308524448290674,-0.012027491408934776,-0.004400440044004306,0.020782396088019572,True,True,True,True,True,-0.007509386733416834,-0.004981320049813109,0.0024968789013732895,0.004388714733542409,-0.009854327335047097,-0.015189873417721489,-0.017005391953546223,-0.0057731958762886615,-0.009193054136874323,-0.01044474393530992,-0.019167217448777363,-0.01046435578809668,-0.014099783080260386,-0.012847965738757905,-0.009544008483563071,-0.01049317943336825,-0.015051173991571298,-0.03765932792584026,0.007589025102160196,0.0029274004683841337
2020-01-13,16.18,22.99,29.16,9.17,16.85,0.01697045883092385,0.01232937032144421,0.014260869565217327,0.013259668508287303,0.008982035928143839,False,True,True,False,True,0.0031525851197982124,-0.007509386733416834,-0.004981320049813109,0.0024968789013732895,-0.017308524448290674,-0.009854327335047097,-0.015189873417721489,-0.017005391953546223,-0.012027491408934776,-0.009193054136874323,-0.01044474393530992,-0.019167217448777363,-0.004400440044004306,-0.014099783080260386,-0.012847965738757905,-0.009544008483563071,0.020782396088019572,-0.015051173991571298,-0.03765932792584026,0.007589025102160196
2020-01-14,16.09,23.04,29.01,9.2,17.19,-0.005562422744128548,0.002174858634188759,-0.005144032921810648,0.0032715376226826187,0.020178041543026604,False,False,False,False,True,0.01697045883092385,0.0031525851197982124,-0.007509386733416834,-0.004981320049813109,0.01232937032144421,-0.017308524448290674,-0.009854327335047097,-0.015189873417721489,0.014260869565217327,-0.012027491408934776,-0.009193054136874323,-0.01044474393530992,0.013259668508287303,-0.004400440044004306,-0.014099783080260386,-0.012847965738757905,0.008982035928143839,0.020782396088019572,-0.015051173991571298,-0.03765932792584026
2020-01-15,15.8,22.51,28.6,9.07,17.3,-0.018023617153511418,-0.0230034722222221,-0.01413305756635641,-0.014130434782608559,0.006399069226294296,False,True,False,True,True,-0.005562422744128548,0.01697045883092385,0.0031525851197982124,-0.007509386733416834,0.002174858634188759,0.01232937032144421,-0.017308524448290674,-0.009854327335047097,-0.005144032921810648,0.014260869565217327,-0.012027491408934776,-0.009193054136874323,0.0032715376226826187,0.013259668508287303,-0.004400440044004306,-0.014099783080260386,0.020178041543026604,0.008982035928143839,0.020782396088019572,-0.015051173991571298
2020-01-16,15.75,22.88,28.65,9.06,17.61,-0.0031645569620253333,0.01643713904931121,0.0017482517482516613,-0.0011025358324144863,0.017919075144508634,False,True,True,True,True,-0.018023617153511418,-0.005562422744128548,0.01697045883092385,0.0031525851197982124,-0.0230034722222221,0.002174858634188759,0.01232937032144421,-0.017308524448290674,-0.01413305756635641,-0.005144032921810648,0.014260869565217327,-0.012027491408934776,-0.014130434782608559,0.0032715376226826187,0.013259668508287303,-0.004400440044004306,0.006399069226294296,0.020178041543026604,0.008982035928143839,0.020782396088019572
2020-01-17,15.75,23.36,29.1,9.15,18.07,0.0,0.020979020979021046,0.015706806282722585,0.009933774834437026,0.0261215218625781,True,False,False,False,True,-0.0031645569620253333,-0.018023617153511418,-0.005562422744128548,0.01697045883092385,0.01643713904931121,-0.0230034722222221,0.002174858634188759,0.01232937032144421,0.0017482517482516613,-0.01413305756635641,-0.005144032921810648,0.014260869565217327,-0.0011025358324144863,-0.014130434782608559,0.0032715376226826187,0.013259668508287303,0.017919075144508634,0.006399069226294296,0.020178041543026604,0.008982035928143839
2020-01-20,15.84,23.0,28.59,9.07,18.63,0.005714285714285783,-0.015410958904109595,-0.017525773195876337,-0.008743169398907069,0.030990592141671103,False,False,False,False,False,0.0,-0.0031645569620253333,-0.018023617153511418,-0.005562422744128548,0.020979020979021046,0.01643713904931121,-0.0230034722222221,0.002174858634188759,0.015706806282722585,0.0017482517482516613,-0.01413305756635641,-0.005144032921810648,0.009933774834437026,-0.0011025358324144863,-0.014130434782608559,0.0032715376226826187,0.0261215218625781,0.017919075144508634,0.006399069226294296,0.020178041543026604
2020-01-21,15.79,22.2,27.9,8.9,18.41,-0.0031565656565657463,-0.034782608695652195,-0.02413431269674715,-0.018743109151047377,-0.011808910359634939,True,True,True,True,True,0.005714285714285783,0.0,-0.0031645569620253333,-0.018023617153511418,-0.015410958904109595,0.020979020979021046,0.01643713904931121,-0.0230034722222221,-0.017525773195876337,0.015706806282722585,0.0017482517482516613,-0.01413305756635641,-0.008743169398907069,0.009933774834437026,-0.0011025358324144863,-0.014130434782608559,0.030990592141671103,0.0261215218625781,0.017919075144508634,0.006399069226294296
2020-01-22,16.05,22.38,28.35,9.03,19.1,0.016466117796073654,0.008108108108108025,0.016129032258064724,0.014606741573033544,0.037479630635524286,False,True,True,True,True,-0.0031565656565657463,0.005714285714285783,0.0,-0.0031645569620253333,-0.034782608695652195,-0.015410958904109595,0.020979020979021046,0.01643713904931121,-0.02413431269674715,-0.017525773195876337,0.015706806282722585,0.0017482517482516613,-0.018743109151047377,-0.008743169398907069,0.009933774834437026,-0.0011025358324144863,-0.011808910359634939,0.030990592141671103,0.0261215218625781,0.017919075144508634
2020-01-23,15.71,22.99,28.96,9.19,19.47,-0.021183800623052917,0.027256478999106326,0.021516754850088082,0.017718715393133966,0.019371727748690892,True,False,False,False,True,0.016466117796073654,-0.0031565656565657463,0.005714285714285783,0.0,0.008108108108108025,-0.034782608695652195,-0.015410958904109595,0.020979020979021046,0.016129032258064724,-0.02413431269674715,-0.017525773195876337,0.015706806282722585,0.014606741573033544,-0.018743109151047377,-0.008743169398907069,0.009933774834437026,0.037479630635524286,-0.011808910359634939,0.030990592141671103,0.0261215218625781
2020-01-24,16.0,22.86,28.6,9.11,20.35,0.01845957988542324,-0.005654632448890751,-0.012430939226519278,-0.008705114254624613,0.04519774011299438,False,False,False,False,False,-0.021183800623052917,0.016466117796073654,-0.0031565656565657463,0.005714285714285783,0.027256478999106326,0.008108108108108025,-0.034782608695652195,-0.015410958904109595,0.021516754850088082,0.016129032258064724,-0.02413431269674715,-0.017525773195876337,0.017718715393133966,0.014606741573033544,-0.018743109151047377,-0.008743169398907069,0.019371727748690892,0.037479630635524286,-0.011808910359634939,0.030990592141671103
2020-01-27,15.63,22.26,28.25,8.9,20.12,-0.02312499999999995,-0.026246719160104903,-0.012237762237762295,-0.023051591657519133,-0.011302211302211318,True,True,True,False,True,0.01845957988542324,-0.021183800623052917,0.016466117796073654,-0.0031565656565657463,-0.005654632448890751,0.027256478999106326,0.008108108108108025,-0.034782608695652195,-0.012430939226519278,0.021516754850088082,0.016129032258064724,-0.02413431269674715,-0.008705114254624613,0.017718715393133966,0.014606741573033544,-0.018743109151047377,0.04519774011299438,0.019371727748690892,0.037479630635524286,-0.011808910359634939
2020-01-28,15.84,22.31,28.0,8.93,20.63,0.013435700575815668,0.002246181491464272,-0.008849557522123908,0.003370786516853963,0.025347912524850802,False,False,False,False,True,-0.02312499999999995,0.01845957988542324,-0.021183800623052917,0.016466117796073654,-0.026246719160104903,-0.005654632448890751,0.027256478999106326,0.008108108108108025,-0.012237762237762295,-0.012430939226519278,0.021516754850088082,0.016129032258064724,-0.023051591657519133,-0.008705114254624613,0.017718715393133966,0.014606741573033544,-0.011302211302211318,0.04519774011299438,0.019371727748690892,0.037479630635524286
2020-01-29,15.42,21.84,27.76,8.91,20.82,-0.02651515151515149,-0.021066786194531506,-0.008571428571428563,-0.002239641657334812,0.009209888511875874,True,True,True,True,False,0.013435700575815668,-0.02312499999999995,0.01845957988542324,-0.021183800623052917,0.002246181491464272,-0.026246719160104903,-0.005654632448890751,0.027256478999106326,-0.008849557522123908,-0.012237762237762295,-0.012430939226519278,0.021516754850088082,0.003370786516853963,-0.023051591657519133,-0.008705114254624613,0.017718715393133966,0.025347912524850802,-0.011302211302211318,0.04519774011299438,0.019371727748690892
2020-01-30,15.45,22.05,28.14,9.03,20.12,0.0019455252918287869,0.009615384615384581,0.0136887608069165,0.013468013468013407,-0.03362151777137368,False,False,False,False,False,-0.02651515151515149,0.013435700575815668,-0.02312499999999995,0.01845957988542324,-0.021066786194531506,0.002246181491464272,-0.026246719160104903,-0.005654632448890751,-0.008571428571428563,-0.008849557522123908,-0.012237762237762295,-0.012430939226519278,-0.002239641657334812,0.003370786516853963,-0.023051591657519133,-0.008705114254624613,0.009209888511875874,0.025347912524850802,-0.011302211302211318,0.04519774011299438
2020-01-31,15.04,21.81,27.84,8.78,19.35,-0.026537216828478982,-0.010884353741496655,-0.010660980810234588,-0.027685492801771905,-0.038270377733598426,False,True,True,True,True,0.0019455252918287869,-0.02651515151515149,0.013435700575815668,-0.02312499999999995,0.009615384615384581,-0.021066786194531506,0.002246181491464272,-0.026246719160104903,0.0136887608069165,-0.008571428571428563,-0.008849557522123908,-0.012237762237762295,0.013468013468013407,-0.002239641657334812,0.003370786516853963,-0.023051591657519133,-0.03362151777137368,0.009209888511875874,0.025347912524850802,-0.011302211302211318
2020-02-03,14.82,21.97,27.99,8.84,19.97,-0.014627659574467988,0.00733608436497013,0.005387931034482651,0.006833712984054774,0.0320413436692506,True,True,True,True,False,-0.026537216828478982,0.0019455252918287869,-0.02651515151515149,0.013435700575815668,-0.010884353741496655,0.009615384615384581,-0.021066786194531506,0.002246181491464272,-0.010660980810234588,0.0136887608069165,-0.008571428571428563,-0.008849557522123908,-0.027685492801771905,0.013468013468013407,-0.002239641657334812,0.003370786516853963,-0.038270377733598426,-0.03362151777137368,0.009209888511875874,0.025347912524850802
2020-02-04,14.87,22.05,28.18,8.85,19.9,0.003373819163292824,0.003641329085116052,0.0067881386209360794,0.0011312217194570096,-0.0035052578868303153,False,True,True,True,True,-0.014627659574467988,-0.026537216828478982,0.0019455252918287869,-0.02651515151515149,0.00733608436497013,-0.010884353741496655,0.009615384615384581,-0.021066786194531506,0.005387931034482651,-0.010660980810234588,0.0136887608069165,-0.008571428571428563,0.006833712984054774,-0.027685492801771905,0.013468013468013407,-0.002239641657334812,0.0320413436692506,-0.038270377733598426,-0.03362151777137368,0.009209888511875874
2020-02-05,14.53,22.45,28.22,8.86,20.32,-0.02286482851378613,0.01814058956916087,0.0014194464158978626,0.001129943502824915,0.02110552763819107,False,False,False,False,True,0.003373819163292824,-0.014627659574467988,-0.026537216828478982,0.0019455252918287869,0.003641329085116052,0.00733608436497013,-0.010884353741496655,0.009615384615384581,0.0067881386209360794,0.005387931034482651,-0.010660980810234588,0.0136887608069165,0.0011312217194570096,0.006833712984054774,-0.027685492801771905,0.013468013468013407,-0.0035052578868303153,0.0320413436692506,-0.038270377733598426,-0.03362151777137368
2020-02-06,14.21,22.14,28.09,8.8,21.04,-0.022023399862353688,-0.013808463251670289,-0.004606661941885193,-0.006772009029345272,0.03543307086614167,True,False,False,True,False,-0.02286482851378613,0.003373819163292824,-0.014627659574467988,-0.026537216828478982,0.01814058956916087,0.003641329085116052,0.00733608436497013,-0.010884353741496655,0.0014194464158978626,0.0067881386209360794,0.005387931034482651,-0.010660980810234588,0.001129943502824915,0.0011312217194570096,0.006833712984054774,-0.027685492801771905,0.02110552763819107,-0.0035052578868303153,0.0320413436692506,-0.038270377733598426
2020-02-07,14.25,22.07,28.17,8.77,20.18,0.0028149190710766714,-0.003161698283649539,0.002847988608045693,-0.003409090909091028,-0.040874524714828886,False,True,True,True,True,-0.022023399862353688,-0.02286482851378613,0.003373819163292824,-0.014627659574467988,-0.013808463251670289,0.01814058956916087,0.003641329085116052,0.00733608436497013,-0.004606661941885193,0.0014194464158978626,0.0067881386209360794,0.005387931034482651,-0.006772009029345272,0.001129943502824915,0.0011312217194570096,0.006833712984054774,0.03543307086614167,0.02110552763819107,-0.0035052578868303153,0.0320413436692506
2020-02-10,14.09,22.19,28.43,8.87,20.39,-0.011228070175438587,0.005437245129134682,0.009229676961306277,0.011402508551881407,0.010406342913775957,True,True,True,True,True,0.0028149190710766714,-0.022023399862353688,-0.02286482851378613,0.003373819163292824,-0.003161698283649539,-0.013808463251670289,0.01814058956916087,0.003641329085116052,0.002847988608045693,-0.004606661941885193,0.0014194464158978626,0.0067881386209360794,-0.003409090909091028,-0.006772009029345272,0.001129943502824915,0.0011312217194570096,-0.040874524714828886,0.03543307086614167,0.02110552763819107,-0.0035052578868303153
2020-02-11,14.15,22.79,29.63,9.0,21.14,0.004258339247693366,0.02703920684993233,0.042208934224410743,0.014656144306651742,0.03678273663560572,False,False,True,True,True,-0.011228070175438587,0.0028149190710766714,-0.022023399862353688,-0.02286482851378613,0.005437245129134682,-0.003161698283649539,-0.013808463251670289,0.01814058956916087,0.009229676961306277,0.002847988608045693,-0.004606661941885193,0.0014194464158978626,0.011402508551881407,-0.003409090909091028,-0.006772009029345272,0.001129943502824915,0.010406342913775957,-0.040874524714828886,0.03543307086614167,0.02110552763819107
2020-02-12,14.03,22.46,29.78,9.07,21.88,-0.008480565371024817,-0.014480035103115352,0.005062436719541097,0.007777777777777883,0.03500473036896867,False,False,False,False,True,0.004258339247693366,-0.011228070175438587,0.0028149190710766714,-0.022023399862353688,0.02703920684993233,0.005437245129134682,-0.003161698283649539,-0.013808463251670289,0.042208934224410743,0.009229676961306277,0.002847988608045693,-0.004606661941885193,0.014656144306651742,0.011402508551881407,-0.003409090909091028,-0.006772009029345272,0.03678273663560572,0.010406342913775957,-0.040874524714828886,0.03543307086614167
2020-02-13,13.71,21.94,29.25,9.06,22.38,-0.022808267997148857,-0.02315227070347281,-0.017797179314976486,-0.0011025358324144863,0.022851919561243106,True,False,False,False,False,-0.008480565371024817,0.004258339247693366,-0.011228070175438587,0.0028149190710766714,-0.014480035103115352,0.02703920684993233,0.005437245129134682,-0.003161698283649539,0.005062436719541097,0.042208934224410743,0.009229676961306277,0.002847988608045693,0.007777777777777883,0.014656144306651742,0.011402508551881407,-0.003409090909091028,0.03500473036896867,0.03678273663560572,0.010406342913775957,-0.040874524714828886
2020-02-14,13.82,21.34,28.87,8.97,22.38,0.008023340627279385,-0.027347310847766648,-0.01299145299145299,-0.009933774834437026,0.0,True,False,False,False,True,-0.022808267997148857,-0.008480565371024817,0.004258339247693366,-0.011228070175438587,-0.02315227070347281,-0.014480035103115352,0.02703920684993233,0.005437245129134682,-0.017797179314976486,0.005062436719541097,0.042208934224410743,0.009229676961306277,-0.0011025358324144863,0.007777777777777883,0.014656144306651742,0.011402508551881407,0.022851919561243106,0.03500473036896867,0.03678273663560572,0.010406342913775957
2020-02-17,13.98,21.23,28.72,8.95,22.48,0.011577424023154759,-0.005154639175257714,-0.005195704883962704,-0.0022296544035675936,0.0044682752457552155,False,False,True,False,False,0.008023340627279385,-0.022808267997148857,-0.008480565371024817,0.004258339247693366,-0.027347310847766648,-0.02315227070347281,-0.014480035103115352,0.02703920684993233,-0.01299145299145299,-0.017797179314976486,0.005062436719541097,0.042208934224410743,-0.009933774834437026,-0.0011025358324144863,0.007777777777777883,0.014656144306651742,0.0,0.022851919561243106,0.03500473036896867,0.03678273663560572
2020-02-18,13.63,21.11,28.69,9.07,21.95,-0.025035765379113006,-0.005652378709373629,-0.0010445682451252214,0.013407821229050487,-0.023576512455516063,False,True,True,True,True,0.011577424023154759,0.008023340627279385,-0.022808267997148857,-0.008480565371024817,-0.005154639175257714,-0.027347310847766648,-0.02315227070347281,-0.014480035103115352,-0.005195704883962704,-0.01299145299145299,-0.017797179314976486,0.005062436719541097,-0.0022296544035675936,-0.009933774834437026,-0.0011025358324144863,0.007777777777777883,0.0044682752457552155,0.0,0.022851919561243106,0.03500473036896867
2020-02-19,13.59,21.23,28.97,9.29,23.97,-0.0029347028613353476,0.0056845097110374,0.00975949808295562,0.02425578831312003,0.09202733485193626,True,False,False,False,False,-0.025035765379113006,0.011577424023154759,0.008023340627279385,-0.022808267997148857,-0.005652378709373629,-0.005154639175257714,-0.027347310847766648,-0.02315227070347281,-0.0010445682451252214,-0.005195704883962704,-0.01299145299145299,-0.017797179314976486,0.013407821229050487,-0.0022296544035675936,-0.009933774834437026,-0.0011025358324144863,-0.023576512455516063,0.0044682752457552155,0.0,0.022851919561243106
2020-02-20,13.62,20.75,28.94,9.15,23.32,0.002207505518763808,-0.022609514837494182,-0.0010355540214013192,-0.015069967707211918,-0.027117229870671666,True,False,False,False,True,-0.0029347028613353476,-0.025035765379113006,0.011577424023154759,0.008023340627279385,0.0056845097110374,-0.005652378709373629,-0.005154639175257714,-0.027347310847766648,0.00975949808295562,-0.0010445682451252214,-0.005195704883962704,-0.01299145299145299,0.02425578831312003,0.013407821229050487,-0.0022296544035675936,-0.009933774834437026,0.09202733485193626,-0.023576512455516063,0.0044682752457552155,0.0
2020-02-21,13.69,20.48,28.75,9.09,24.46,0.0051395007342143195,-0.01301204819277102,-0.006565307532826581,-0.006557377049180357,0.048885077186964,False,False,False,False,False,0.002207505518763808,-0.0029347028613353476,-0.025035765379113006,0.011577424023154759,-0.022609514837494182,0.0056845097110374,-0.005652378709373629,-0.005154639175257714,-0.0010355540214013192,0.00975949808295562,-0.0010445682451252214,-0.005195704883962704,-0.015069967707211918,0.02425578831312003,0.013407821229050487,-0.0022296544035675936,-0.027117229870671666,0.09202733485193626,-0.023576512455516063,0.0044682752457552155
2020-02-26,13.33,18.98,27.58,8.74,23.07,-0.02629656683710735,-0.0732421875,-0.04069565217391313,-0.03850385038503845,-0.056827473426001696,False,False,False,False,False,0.0051395007342143195,0.002207505518763808,-0.0029347028613353476,-0.025035765379113006,-0.01301204819277102,-0.022609514837494182,0.0056845097110374,-0.005652378709373629,-0.006565307532826581,-0.0010355540214013192,0.00975949808295562,-0.0010445682451252214,-0.006557377049180357,-0.015069967707211918,0.02425578831312003,0.013407821229050487,0.048885077186964,-0.027117229870671666,0.09202733485193626,-0.023576512455516063
2020-02-27,12.22,18.58,27.56,8.68,21.67,-0.08327081770442601,-0.021074815595363616,-0.0007251631617113397,-0.006864988558352492,-0.06068487212830509,True,True,True,True,False,-0.02629656683710735,0.0051395007342143195,0.002207505518763808,-0.0029347028613353476,-0.0732421875,-0.01301204819277102,-0.022609514837494182,0.0056845097110374,-0.04069565217391313,-0.006565307532826581,-0.0010355540214013192,0.00975949808295562,-0.03850385038503845,-0.006557377049180357,-0.015069967707211918,0.02425578831312003,-0.056827473426001696,0.048885077186964,-0.027117229870671666,0.09202733485193626
2020-02-28,12.25,19.03,27.99,8.81,21.26,0.002454991816693841,0.02421959095801962,0.015602322206095698,0.01497695852534564,-0.018920166128287952,True,True,True,True,True,-0.08327081770442601,-0.02629656683710735,0.0051395007342143195,0.002207505518763808,-0.021074815595363616,-0.0732421875,-0.01301204819277102,-0.022609514837494182,-0.0007251631617113397,-0.04069565217391313,-0.006565307532826581,-0.0010355540214013192,-0.006864988558352492,-0.03850385038503845,-0.006557377049180357,-0.015069967707211918,-0.06068487212830509,-0.056827473426001696,0.048885077186964,-0.027117229870671666
2020-03-02,12.4,19.25,28.0,9.01,23.15,0.012244897959183598,0.01156069364161838,0.00035727045373357136,0.022701475595913623,0.08889934148635925,True,False,False,False,True,0.002454991816693841,-0.08327081770442601,-0.02629656683710735,0.0051395007342143195,0.02421959095801962,-0.021074815595363616,-0.0732421875,-0.01301204819277102,0.015602322206095698,-0.0007251631617113397,-0.04069565217391313,-0.006565307532826581,0.01497695852534564,-0.006864988558352492,-0.03850385038503845,-0.006557377049180357,-0.018920166128287952,-0.06068487212830509,-0.056827473426001696,0.048885077186964
2020-03-03,12.42,18.94,27.71,8.84,23.61,0.001612903225806317,-0.016103896103896065,-0.010357142857142843,-0.018867924528301883,0.019870410367170743,True,True,True,True,True,0.012244897959183598,0.002454991816693841,-0.08327081770442601,-0.02629656683710735,0.01156069364161838,0.02421959095801962,-0.021074815595363616,-0.0732421875,0.00035727045373357136,0.015602322206095698,-0.0007251631617113397,-0.04069565217391313,0.022701475595913623,0.01497695852534564,-0.006864988558352492,-0.03850385038503845,0.08889934148635925,-0.018920166128287952,-0.06068487212830509,-0.056827473426001696
2020-03-04,12.9,19.09,28.0,8.95,23.88,0.03864734299516903,0.007919746568109787,0.010465535907614454,0.012443438914027105,0.011435832274459878,False,False,False,False,False,0.001612903225806317,0.012244897959183598,0.002454991816693841,-0.08327081770442601,-0.016103896103896065,0.01156069364161838,0.02421959095801962,-0.021074815595363616,-0.010357142857142843,0.00035727045373357136,0.015602322206095698,-0.0007251631617113397,-0.018867924528301883,0.022701475595913623,0.01497695852534564,-0.006864988558352492,0.019870410367170743,0.08889934148635925,-0.018920166128287952,-0.06068487212830509
2020-03-05,12.83,18.52,27.53,8.9,23.01,-0.005426356589147363,-0.029858564693556855,-0.016785714285714293,-0.005586592178770777,-0.03643216080402001,True,False,False,False,False,0.03864734299516903,0.001612903225806317,0.012244897959183598,0.002454991816693841,0.007919746568109787,-0.016103896103896065,0.01156069364161838,0.02421959095801962,0.010465535907614454,-0.010357142857142843,0.00035727045373357136,0.015602322206095698,0.012443438914027105,-0.018867924528301883,0.022701475595913623,0.01497695852534564,0.011435832274459878,0.019870410367170743,0.08889934148635925,-0.018920166128287952
2020-03-06,12.91,17.94,26.64,8.73,21.69,0.00623538581449723,-0.03131749460043187,-0.03232836905194336,-0.019101123595505642,-0.057366362451108266,False,False,False,False,False,-0.005426356589147363,0.03864734299516903,0.001612903225806317,0.012244897959183598,-0.029858564693556855,0.007919746568109787,-0.016103896103896065,0.01156069364161838,-0.016785714285714293,0.010465535907614454,-0.010357142857142843,0.00035727045373357136,-0.005586592178770777,0.012443438914027105,-0.018867924528301883,0.022701475595913623,-0.03643216080402001,0.011435832274459878,0.019870410367170743,0.08889934148635925
2020-03-09,12.36,16.18,25.45,8.38,19.59,-0.04260263361735095,-0.09810479375696779,-0.044669669669669676,-0.04009163802978233,-0.09681881051175667,False,True,True,True,True,0.00623538581449723,-0.005426356589147363,0.03864734299516903,0.001612903225806317,-0.03131749460043187,-0.029858564693556855,0.007919746568109787,-0.016103896103896065,-0.03232836905194336,-0.016785714285714293,0.010465535907614454,-0.010357142857142843,-0.019101123595505642,-0.005586592178770777,0.012443438914027105,-0.018867924528301883,-0.057366362451108266,-0.03643216080402001,0.011435832274459878,0.019870410367170743
2020-03-10,12.15,16.65,26.08,8.62,20.65,-0.016990291262135804,0.029048207663782355,0.024754420432220092,0.028639618138424527,0.054109239407861054,False,False,False,False,False,-0.04260263361735095,0.00623538581449723,-0.005426356589147363,0.03864734299516903,-0.09810479375696779,-0.03131749460043187,-0.029858564693556855,0.007919746568109787,-0.044669669669669676,-0.03232836905194336,-0.016785714285714293,0.010465535907614454,-0.04009163802978233,-0.019101123595505642,-0.005586592178770777,0.012443438914027105,-0.09681881051175667,-0.057366362451108266,-0.03643216080402001,0.011435832274459878
2020-03-11,11.58,15.33,24.77,8.1,19.31,-0.04691358024691361,-0.07927927927927925,-0.05023006134969321,-0.0603248259860788,-0.06489104116222755,False,False,False,False,False,-0.016990291262135804,-0.04260263361735095,0.00623538581449723,-0.005426356589147363,0.029048207663782355,-0.09810479375696779,-0.03131749460043187,-0.029858564693556855,0.024754420432220092,-0.044669669669669676,-0.03232836905194336,-0.016785714285714293,0.028639618138424527,-0.04009163802978233,-0.019101123595505642,-0.005586592178770777,0.054109239407861054,-0.09681881051175667,-0.057366362451108266,-0.03643216080402001
2020-03-12,9.76,13.37,22.27,7.47,16.26,-0.15716753022452512,-0.12785388127853892,-0.10092854259184503,-0.07777777777777772,-0.15794924909373365,True,True,True,True,True,-0.04691358024691361,-0.016990291262135804,-0.04260263361735095,0.00623538581449723,-0.07927927927927925,0.029048207663782355,-0.09810479375696779,-0.03131749460043187,-0.05023006134969321,0.024754420432220092,-0.044669669669669676,-0.03232836905194336,-0.0603248259860788,0.028639618138424527,-0.04009163802978233,-0.019101123595505642,-0.06489104116222755,0.054109239407861054,-0.09681881051175667,-0.057366362451108266
2020-03-13,10.7,15.56,24.73,7.69,17.01,0.09631147540983598,0.1637995512341064,0.11046250561293225,0.02945113788487297,0.046125461254612476,False,False,False,False,False,-0.15716753022452512,-0.04691358024691361,-0.016990291262135804,-0.04260263361735095,-0.12785388127853892,-0.07927927927927925,0.029048207663782355,-0.09810479375696779,-0.10092854259184503,-0.05023006134969321,0.024754420432220092,-0.044669669669669676,-0.07777777777777772,-0.0603248259860788,0.028639618138424527,-0.04009163802978233,-0.15794924909373365,-0.06489104116222755,0.054109239407861054,-0.09681881051175667
2020-03-16,9.29,13.33,22.27,7.61,13.51,-0.13177570093457946,-0.14331619537275064,-0.099474322684998,-0.01040312093628093,-0.20576131687242805,True,True,False,True,True,0.09631147540983598,-0.15716753022452512,-0.04691358024691361,-0.016990291262135804,0.1637995512341064,-0.12785388127853892,-0.07927927927927925,0.029048207663782355,0.11046250561293225,-0.10092854259184503,-0.05023006134969321,0.024754420432220092,0.02945113788487297,-0.07777777777777772,-0.0603248259860788,0.028639618138424527,0.046125461254612476,-0.15794924909373365,-0.06489104116222755,0.054109239407861054
2020-03-17,9.85,14.18,23.29,7.55,14.13,0.060279870828848336,0.06376594148537129,0.04580152671755733,-0.007884362680683377,0.04589193190229457,False,False,False,False,False,-0.13177570093457946,0.09631147540983598,-0.15716753022452512,-0.04691358024691361,-0.14331619537275064,0.1637995512341064,-0.12785388127853892,-0.07927927927927925,-0.099474322684998,0.11046250561293225,-0.10092854259184503,-0.05023006134969321,-0.01040312093628093,0.02945113788487297,-0.07777777777777772,-0.0603248259860788,-0.20576131687242805,0.046125461254612476,-0.15794924909373365,-0.06489104116222755
2020-03-18,9.43,13.03,21.3,7.4,13.04,-0.04263959390862948,-0.08110014104372354,-0.08544439673679682,-0.01986754966887405,-0.0771408351026186,True,False,False,True,True,0.060279870828848336,-0.13177570093457946,0.09631147540983598,-0.15716753022452512,0.06376594148537129,-0.14331619537275064,0.1637995512341064,-0.12785388127853892,0.04580152671755733,-0.099474322684998,0.11046250561293225,-0.10092854259184503,-0.007884362680683377,-0.01040312093628093,0.02945113788487297,-0.07777777777777772,0.04589193190229457,-0.20576131687242805,0.046125461254612476,-0.15794924909373365
2020-03-19,9.86,12.58,21.73,7.11,14.16,0.04559915164369022,-0.03453568687643893,0.020187793427230094,-0.03918918918918923,0.08588957055214741,True,True,False,False,True,-0.04263959390862948,0.060279870828848336,-0.13177570093457946,0.09631147540983598,-0.08110014104372354,0.06376594148537129,-0.14331619537275064,0.1637995512341064,-0.08544439673679682,0.04580152671755733,-0.099474322684998,0.11046250561293225,-0.01986754966887405,-0.007884362680683377,-0.01040312093628093,0.02945113788487297,-0.0771408351026186,0.04589193190229457,-0.20576131687242805,0.046125461254612476
2020-03-20,10.15,13.04,20.66,6.89,15.95,0.02941176470588247,0.0365659777424483,-0.04924068108605617,-0.030942334739803234,0.12641242937853092,False,False,False,False,True,0.04559915164369022,-0.04263959390862948,0.060279870828848336,-0.13177570093457946,-0.03453568687643893,-0.08110014104372354,0.06376594148537129,-0.14331619537275064,0.020187793427230094,-0.08544439673679682,0.04580152671755733,-0.099474322684998,-0.03918918918918923,-0.01986754966887405,-0.007884362680683377,-0.01040312093628093,0.08588957055214741,-0.0771408351026186,0.04589193190229457,-0.20576131687242805
2020-03-23,9.7,12.03,19.28,6.43,17.36,-0.044334975369458185,-0.07745398773006129,-0.06679574056147142,-0.06676342525399126,0.08840125391849529,False,True,True,True,True,0.02941176470588247,0.04559915164369022,-0.04263959390862948,0.060279870828848336,0.0365659777424483,-0.03453568687643893,-0.08110014104372354,0.06376594148537129,-0.04924068108605617,0.020187793427230094,-0.08544439673679682,0.04580152671755733,-0.030942334739803234,-0.03918918918918923,-0.01986754966887405,-0.007884362680683377,0.12641242937853092,0.08588957055214741,-0.0771408351026186,0.04589193190229457
2020-03-24,9.51,13.73,20.1,6.75,17.78,-0.019587628865979312,0.14131338320864506,0.04253112033195028,0.04976671850699854,0.024193548387096975,True,True,True,True,True,-0.044334975369458185,0.02941176470588247,0.04559915164369022,-0.04263959390862948,-0.07745398773006129,0.0365659777424483,-0.03453568687643893,-0.08110014104372354,-0.06679574056147142,-0.04924068108605617,0.020187793427230094,-0.08544439673679682,-0.06676342525399126,-0.030942334739803234,-0.03918918918918923,-0.01986754966887405,0.08840125391849529,0.12641242937853092,0.08588957055214741,-0.0771408351026186
2020-03-25,9.81,14.82,21.19,6.8,18.43,0.03154574132492116,0.07938820101966493,0.05422885572139302,0.007407407407407307,0.036557930258717564,True,True,False,True,True,-0.019587628865979312,-0.044334975369458185,0.02941176470588247,0.04559915164369022,0.14131338320864506,-0.07745398773006129,0.0365659777424483,-0.03453568687643893,0.04253112033195028,-0.06679574056147142,-0.04924068108605617,0.020187793427230094,0.04976671850699854,-0.06676342525399126,-0.030942334739803234,-0.03918918918918923,0.024193548387096975,0.08840125391849529,0.12641242937853092,0.08588957055214741
2020-03-26,10.78,15.34,22.54,6.79,18.72,0.09887869520897041,0.0350877192982455,0.06370929683813098,-0.0014705882352941124,0.015735214324470892,False,False,True,False,False,0.03154574132492116,-0.019587628865979312,-0.044334975369458185,0.02941176470588247,0.07938820101966493,0.14131338320864506,-0.07745398773006129,0.0365659777424483,0.05422885572139302,0.04253112033195028,-0.06679574056147142,-0.04924068108605617,0.007407407407407307,0.04976671850699854,-0.06676342525399126,-0.030942334739803234,0.036557930258717564,0.024193548387096975,0.08840125391849529,0.12641242937853092
2020-03-27,10.52,14.45,21.7,6.85,17.44,-0.024118738404452666,-0.058018252933507264,-0.037267080745341574,0.008836524300441795,-0.06837606837606824,True,True,True,True,False,0.09887869520897041,0.03154574132492116,-0.019587628865979312,-0.044334975369458185,0.0350877192982455,0.07938820101966493,0.14131338320864506,-0.07745398773006129,0.06370929683813098,0.05422885572139302,0.04253112033195028,-0.06679574056147142,-0.0014705882352941124,0.007407407407407307,0.04976671850699854,-0.06676342525399126,0.015735214324470892,0.036557930258717564,0.024193548387096975,0.08840125391849529
2020-03-30,10.57,14.77,22.35,7.02,16.78,0.004752851711026684,0.0221453287197233,0.02995391705069128,0.02481751824817513,-0.037844036697247674,False,False,False,False,False,-0.024118738404452666,0.09887869520897041,0.03154574132492116,-0.019587628865979312,-0.058018252933507264,0.0350877192982455,0.07938820101966493,0.14131338320864506,-0.037267080745341574,0.06370929683813098,0.05422885572139302,0.04253112033195028,0.008836524300441795,-0.0014705882352941124,0.007407407407407307,0.04976671850699854,-0.06837606837606824,0.015735214324470892,0.036557930258717564,0.024193548387096975
2020-03-31,10.04,14.44,21.61,6.89,16.56,-0.050141911069063516,-0.022342586323628955,-0.03310961968680093,-0.01851851851851849,-0.013110846245530494,False,False,False,False,False,0.004752851711026684,-0.024118738404452666,0.09887869520897041,0.03154574132492116,0.0221453287197233,-0.058018252933507264,0.0350877192982455,0.07938820101966493,0.02995391705069128,-0.037267080745341574,0.06370929683813098,0.05422885572139302,0.02481751824817513,0.008836524300441795,-0.0014705882352941124,0.007407407407407307,-0.037844036697247674,-0.06837606837606824,0.015735214324470892,0.036557930258717564
2020-04-01,9.85,13.81,20.34,6.7,15.99,-0.018924302788844605,-0.0436288088642659,-0.05876908838500694,-0.027576197387518042,-0.034420289855072395,True,True,True,True,True,-0.050141911069063516,0.004752851711026684,-0.024118738404452666,0.09887869520897041,-0.022342586323628955,0.0221453287197233,-0.058018252933507264,0.0350877192982455,-0.03310961968680093,0.02995391705069128,-0.037267080745341574,0.06370929683813098,-0.01851851851851849,0.02481751824817513,0.008836524300441795,-0.0014705882352941124,-0.013110846245530494,-0.037844036697247674,-0.06837606837606824,0.015735214324470892
2020-04-02,10.1,14.13,20.51,6.81,16.82,0.025380710659898442,0.023171614771904547,0.00835791543756148,0.016417910447761086,0.051907442151344574,False,False,False,False,False,-0.018924302788844605,-0.050141911069063516,0.004752851711026684,-0.024118738404452666,-0.0436288088642659,-0.022342586323628955,0.0221453287197233,-0.058018252933507264,-0.05876908838500694,-0.03310961968680093,0.02995391705069128,-0.037267080745341574,-0.027576197387518042,-0.01851851851851849,0.02481751824817513,0.008836524300441795,-0.034420289855072395,-0.013110846245530494,-0.037844036697247674,-0.06837606837606824
2020-04-03,9.6,13.57,19.58,6.58,16.22,-0.04950495049504955,-0.03963198867657469,-0.04534373476353015,-0.033773861967694496,-0.03567181926278251,True,True,True,True,True,0.025380710659898442,-0.018924302788844605,-0.050141911069063516,0.004752851711026684,0.023171614771904547,-0.0436288088642659,-0.022342586323628955,0.0221453287197233,0.00835791543756148,-0.05876908838500694,-0.03310961968680093,0.02995391705069128,0.016417910447761086,-0.027576197387518042,-0.01851851851851849,0.02481751824817513,0.051907442151344574,-0.034420289855072395,-0.013110846245530494,-0.037844036697247674
2020-04-06,9.99,14.95,20.58,6.96,16.41,0.04062500000000013,0.10169491525423724,0.05107252298263543,0.05775075987841949,0.011713933415536504,True,True,True,True,True,-0.04950495049504955,0.025380710659898442,-0.018924302788844605,-0.050141911069063516,-0.03963198867657469,0.023171614771904547,-0.0436288088642659,-0.022342586323628955,-0.04534373476353015,0.00835791543756148,-0.05876908838500694,-0.03310961968680093,-0.033773861967694496,0.016417910447761086,-0.027576197387518042,-0.01851851851851849,-0.03567181926278251,0.051907442151344574,-0.034420289855072395,-0.013110846245530494
2020-04-07,10.45,15.78,21.75,7.13,18.4,0.046046046046045896,0.05551839464882935,0.05685131195335291,0.024425287356321768,0.12126751980499684,False,True,True,True,True,0.04062500000000013,-0.04950495049504955,0.025380710659898442,-0.018924302788844605,0.10169491525423724,-0.03963198867657469,0.023171614771904547,-0.0436288088642659,0.05107252298263543,-0.04534373476353015,0.00835791543756148,-0.05876908838500694,0.05775075987841949,-0.033773861967694496,0.016417910447761086,-0.027576197387518042,0.011713933415536504,-0.03567181926278251,0.051907442151344574,-0.034420289855072395
2020-04-08,10.37,16.06,22.49,7.48,19.72,-0.007655502392344471,0.017743979721166037,0.03402298850574703,0.04908835904628339,0.07173913043478253,False,False,False,False,False,0.046046046046045896,0.04062500000000013,-0.04950495049504955,0.025380710659898442,0.05551839464882935,0.10169491525423724,-0.03963198867657469,0.023171614771904547,0.05685131195335291,0.05107252298263543,-0.04534373476353015,0.00835791543756148,0.024425287356321768,0.05775075987841949,-0.033773861967694496,0.016417910447761086,0.12126751980499684,0.011713933415536504,-0.03567181926278251,0.051907442151344574
2020-04-09,10.19,15.89,22.29,7.42,18.89,-0.017357762777241992,-0.010585305105852982,-0.008892841262783446,-0.008021390374331583,-0.04208924949290049,False,True,True,True,True,-0.007655502392344471,0.046046046046045896,0.04062500000000013,-0.04950495049504955,0.017743979721166037,0.05551839464882935,0.10169491525423724,-0.03963198867657469,0.03402298850574703,0.05685131195335291,0.05107252298263543,-0.04534373476353015,0.04908835904628339,0.024425287356321768,0.05775075987841949,-0.033773861967694496,0.07173913043478253,0.12126751980499684,0.011713933415536504,-0.03567181926278251
2020-04-13,10.19,16.32,22.33,7.56,19.36,0.0,0.02706104468218995,0.0017945266935845972,0.018867924528301883,0.024880889359449432,False,True,True,True,False,-0.017357762777241992,-0.007655502392344471,0.046046046046045896,0.04062500000000013,-0.010585305105852982,0.017743979721166037,0.05551839464882935,0.10169491525423724,-0.008892841262783446,0.03402298850574703,0.05685131195335291,0.05107252298263543,-0.008021390374331583,0.04908835904628339,0.024425287356321768,0.05775075987841949,-0.04208924949290049,0.07173913043478253,0.12126751980499684,0.011713933415536504
2020-04-14,10.19,16.71,22.36,7.57,19.19,0.0,0.023897058823529438,0.0013434841021049415,0.001322751322751392,-0.008780991735537147,False,False,False,False,False,0.0,-0.017357762777241992,-0.007655502392344471,0.046046046046045896,0.02706104468218995,-0.010585305105852982,0.017743979721166037,0.05551839464882935,0.0017945266935845972,-0.008892841262783446,0.03402298850574703,0.05685131195335291,0.018867924528301883,-0.008021390374331583,0.04908835904628339,0.024425287356321768,0.024880889359449432,-0.04208924949290049,0.07173913043478253,0.12126751980499684
2020-04-15,10.03,16.06,21.81,7.49,18.74,-0.015701668302257166,-0.03889886295631373,-0.024597495527728164,-0.010568031704095149,-0.02344971339239199,False,False,True,False,True,0.0,0.0,-0.017357762777241992,-0.007655502392344471,0.023897058823529438,0.02706104468218995,-0.010585305105852982,0.017743979721166037,0.0013434841021049415,0.0017945266935845972,-0.008892841262783446,0.03402298850574703,0.001322751322751392,0.018867924528301883,-0.008021390374331583,0.04908835904628339,-0.008780991735537147,0.024880889359449432,-0.04208924949290049,0.07173913043478253
2020-04-16,9.65,15.74,21.55,7.53,18.75,-0.03788634097706867,-0.01992528019925266,-0.011921137093076517,0.005340453938584844,0.0005336179295625243,True,True,False,True,True,-0.015701668302257166,0.0,0.0,-0.017357762777241992,-0.03889886295631373,0.023897058823529438,0.02706104468218995,-0.010585305105852982,-0.024597495527728164,0.0013434841021049415,0.0017945266935845972,-0.008892841262783446,-0.010568031704095149,0.001322751322751392,0.018867924528301883,-0.008021390374331583,-0.02344971339239199,-0.008780991735537147,0.024880889359449432,-0.04208924949290049
2020-04-17,9.77,15.95,21.68,7.38,18.97,0.012435233160621673,0.013341804320203154,0.00603248259860778,-0.019920318725099695,0.011733333333333373,True,False,False,False,True,-0.03788634097706867,-0.015701668302257166,0.0,0.0,-0.01992528019925266,-0.03889886295631373,0.023897058823529438,0.02706104468218995,-0.011921137093076517,-0.024597495527728164,0.0013434841021049415,0.0017945266935845972,0.005340453938584844,-0.010568031704095149,0.001322751322751392,0.018867924528301883,0.0005336179295625243,-0.02344971339239199,-0.008780991735537147,0.024880889359449432
2020-04-20,9.78,15.57,21.58,7.33,19.28,0.0010235414534287557,-0.023824451410658254,-0.004612546125461359,-0.006775067750677488,0.016341591987348636,True,False,False,False,True,0.012435233160621673,-0.03788634097706867,-0.015701668302257166,0.0,0.013341804320203154,-0.01992528019925266,-0.03889886295631373,0.023897058823529438,0.00603248259860778,-0.011921137093076517,-0.024597495527728164,0.0013434841021049415,-0.019920318725099695,0.005340453938584844,-0.010568031704095149,0.001322751322751392,0.011733333333333373,0.0005336179295625243,-0.02344971339239199,-0.008780991735537147
2020-04-22,9.79,15.57,21.35,7.33,20.18,0.0010224948875254825,0.0,-0.01065801668211297,0.0,0.04668049792531104,False,False,False,False,False,0.0010235414534287557,0.012435233160621673,-0.03788634097706867,-0.015701668302257166,-0.023824451410658254,0.013341804320203154,-0.01992528019925266,-0.03889886295631373,-0.004612546125461359,0.00603248259860778,-0.011921137093076517,-0.024597495527728164,-0.006775067750677488,-0.019920318725099695,0.005340453938584844,-0.010568031704095149,0.016341591987348636,0.011733333333333373,0.0005336179295625243,-0.02344971339239199
2020-04-23,9.73,15.12,20.81,7.25,19.53,-0.006128702757916105,-0.028901734104046284,-0.02529274004683857,-0.010914051841746208,-0.03221010901883048,False,False,False,False,False,0.0010224948875254825,0.0010235414534287557,0.012435233160621673,-0.03788634097706867,0.0,-0.023824451410658254,0.013341804320203154,-0.01992528019925266,-0.01065801668211297,-0.004612546125461359,0.00603248259860778,-0.011921137093076517,0.0,-0.006775067750677488,-0.019920318725099695,0.005340453938584844,0.04668049792531104,0.016341591987348636,0.011733333333333373,0.0005336179295625243
2020-04-24,9.36,13.46,20.07,6.82,19.09,-0.038026721479959,-0.10978835978835966,-0.035559827006246936,-0.059310344827586126,-0.022529441884280632,True,True,True,True,True,-0.006128702757916105,0.0010224948875254825,0.0010235414534287557,0.012435233160621673,-0.028901734104046284,0.0,-0.023824451410658254,0.013341804320203154,-0.02529274004683857,-0.01065801668211297,-0.004612546125461359,0.00603248259860778,-0.010914051841746208,0.0,-0.006775067750677488,-0.019920318725099695,-0.03221010901883048,0.04668049792531104,0.016341591987348636,0.011733333333333373
2020-04-27,9.78,13.9,20.31,7.09,20.02,0.044871794871794934,0.0326894502228825,0.01195814648729443,0.03958944281524923,0.04871660555264534,True,True,True,True,True,-0.038026721479959,-0.006128702757916105,0.0010224948875254825,0.0010235414534287557,-0.10978835978835966,-0.028901734104046284,0.0,-0.023824451410658254,-0.035559827006246936,-0.02529274004683857,-0.01065801668211297,-0.004612546125461359,-0.059310344827586126,-0.010914051841746208,0.0,-0.006775067750677488,-0.022529441884280632,-0.03221010901883048,0.04668049792531104,0.016341591987348636
2020-04-28,9.86,15.27,22.02,7.44,20.51,0.008179959100204526,0.09856115107913666,0.084194977843427,0.04936530324400579,0.02447552447552459,False,True,True,True,False,0.044871794871794934,-0.038026721479959,-0.006128702757916105,0.0010224948875254825,0.0326894502228825,-0.10978835978835966,-0.028901734104046284,0.0,0.01195814648729443,-0.035559827006246936,-0.02529274004683857,-0.01065801668211297,0.03958944281524923,-0.059310344827586126,-0.010914051841746208,0.0,0.04871660555264534,-0.022529441884280632,-0.03221010901883048,0.04668049792531104
2020-04-29,9.83,15.86,22.26,7.69,20.42,-0.0030425963488842633,0.03863785199738046,0.010899182561308063,0.03360215053763449,-0.004388103364212581,False,False,False,False,False,0.008179959100204526,0.044871794871794934,-0.038026721479959,-0.006128702757916105,0.09856115107913666,0.0326894502228825,-0.10978835978835966,-0.028901734104046284,0.084194977843427,0.01195814648729443,-0.035559827006246936,-0.02529274004683857,0.04936530324400579,0.03958944281524923,-0.059310344827586126,-0.010914051841746208,0.02447552447552459,0.04871660555264534,-0.022529441884280632,-0.03221010901883048
2020-04-30,9.55,14.84,21.55,7.37,19.7,-0.028484231943031513,-0.06431273644388391,-0.0318957771787961,-0.04161248374512361,-0.0352595494613126,True,False,False,False,False,-0.0030425963488842633,0.008179959100204526,0.044871794871794934,-0.038026721479959,0.03863785199738046,0.09856115107913666,0.0326894502228825,-0.10978835978835966,0.010899182561308063,0.084194977843427,0.01195814648729443,-0.035559827006246936,0.03360215053763449,0.04936530324400579,0.03958944281524923,-0.059310344827586126,-0.004388103364212581,0.02447552447552459,0.04871660555264534,-0.022529441884280632
2020-05-04,9.91,14.27,20.68,7.11,19.65,0.03769633507853398,-0.03840970350404316,-0.04037122969837592,-0.035278154681139706,-0.002538071065989911,True,False,True,True,False,-0.028484231943031513,-0.0030425963488842633,0.008179959100204526,0.044871794871794934,-0.06431273644388391,0.03863785199738046,0.09856115107913666,0.0326894502228825,-0.0318957771787961,0.010899182561308063,0.084194977843427,0.01195814648729443,-0.04161248374512361,0.03360215053763449,0.04936530324400579,0.03958944281524923,-0.0352595494613126,-0.004388103364212581,0.02447552447552459,0.04871660555264534
2020-05-05,10.06,14.25,21.37,7.16,19.24,0.015136226034308864,-0.0014015416958653715,0.033365570599613203,0.007032348804500765,-0.020865139949109435,False,False,False,False,False,0.03769633507853398,-0.028484231943031513,-0.0030425963488842633,0.008179959100204526,-0.03840970350404316,-0.06431273644388391,0.03863785199738046,0.09856115107913666,-0.04037122969837592,-0.0318957771787961,0.010899182561308063,0.084194977843427,-0.035278154681139706,-0.04161248374512361,0.03360215053763449,0.04936530324400579,-0.002538071065989911,-0.0352595494613126,-0.004388103364212581,0.02447552447552459
2020-05-06,9.97,13.92,21.08,7.09,19.15,-0.008946322067594381,-0.023157894736842155,-0.01357042583060375,-0.009776536312849249,-0.004677754677754664,False,False,False,False,True,0.015136226034308864,0.03769633507853398,-0.028484231943031513,-0.0030425963488842633,-0.0014015416958653715,-0.03840970350404316,-0.06431273644388391,0.03863785199738046,0.033365570599613203,-0.04037122969837592,-0.0318957771787961,0.010899182561308063,0.007032348804500765,-0.035278154681139706,-0.04161248374512361,0.03360215053763449,-0.020865139949109435,-0.002538071065989911,-0.0352595494613126,-0.004388103364212581
2020-05-07,9.72,13.47,20.39,6.9,19.28,-0.025075225677031132,-0.032327586206896464,-0.032732447817836685,-0.026798307475317307,0.006788511749347359,True,True,True,True,False,-0.008946322067594381,0.015136226034308864,0.03769633507853398,-0.028484231943031513,-0.023157894736842155,-0.0014015416958653715,-0.03840970350404316,-0.06431273644388391,-0.01357042583060375,0.033365570599613203,-0.04037122969837592,-0.0318957771787961,-0.009776536312849249,0.007032348804500765,-0.035278154681139706,-0.04161248374512361,-0.004677754677754664,-0.020865139949109435,-0.002538071065989911,-0.0352595494613126
2020-05-08,10.14,14.07,20.92,7.06,18.86,0.043209876543209846,0.04454342984409787,0.02599313388916147,0.02318840579710124,-0.021784232365145262,False,False,False,True,True,-0.025075225677031132,-0.008946322067594381,0.015136226034308864,0.03769633507853398,-0.032327586206896464,-0.023157894736842155,-0.0014015416958653715,-0.03840970350404316,-0.032732447817836685,-0.01357042583060375,0.033365570599613203,-0.04037122969837592,-0.026798307475317307,-0.009776536312849249,0.007032348804500765,-0.035278154681139706,0.006788511749347359,-0.004677754677754664,-0.020865139949109435,-0.002538071065989911
2020-05-11,10.06,13.82,21.28,6.97,19.15,-0.007889546351084853,-0.01776830135039087,0.017208413001912115,-0.012747875354107596,0.015376458112407176,False,False,False,False,False,0.043209876543209846,-0.025075225677031132,-0.008946322067594381,0.015136226034308864,0.04454342984409787,-0.032327586206896464,-0.023157894736842155,-0.0014015416958653715,0.02599313388916147,-0.032732447817836685,-0.01357042583060375,0.033365570599613203,0.02318840579710124,-0.026798307475317307,-0.009776536312849249,0.007032348804500765,-0.021784232365145262,0.006788511749347359,-0.004677754677754664,-0.020865139949109435
2020-05-12,9.87,13.38,20.49,6.7,18.49,-0.018886679920477212,-0.03183791606367581,-0.03712406015037606,-0.038737446197991354,-0.034464751958224515,False,False,True,False,True,-0.007889546351084853,0.043209876543209846,-0.025075225677031132,-0.008946322067594381,-0.01776830135039087,0.04454342984409787,-0.032327586206896464,-0.023157894736842155,0.017208413001912115,0.02599313388916147,-0.032732447817836685,-0.01357042583060375,-0.012747875354107596,0.02318840579710124,-0.026798307475317307,-0.009776536312849249,0.015376458112407176,-0.021784232365145262,0.006788511749347359,-0.004677754677754664
2020-05-13,9.49,13.28,20.44,6.92,18.74,-0.03850050658561288,-0.007473841554559102,-0.0024402147388968842,0.032835820895522394,0.013520822065981708,True,True,True,True,False,-0.018886679920477212,-0.007889546351084853,0.043209876543209846,-0.025075225677031132,-0.03183791606367581,-0.01776830135039087,0.04454342984409787,-0.032327586206896464,-0.03712406015037606,0.017208413001912115,0.02599313388916147,-0.032732447817836685,-0.038737446197991354,-0.012747875354107596,0.02318840579710124,-0.026798307475317307,-0.034464751958224515,0.015376458112407176,-0.021784232365145262,0.006788511749347359
2020-05-14,9.89,13.86,21.07,6.95,18.42,0.04214963119072701,0.04367469879518082,0.03082191780821919,0.004335260115607031,-0.01707577374599767,False,False,False,False,False,-0.03850050658561288,-0.018886679920477212,-0.007889546351084853,0.043209876543209846,-0.007473841554559102,-0.03183791606367581,-0.01776830135039087,0.04454342984409787,-0.0024402147388968842,-0.03712406015037606,0.017208413001912115,0.02599313388916147,0.032835820895522394,-0.038737446197991354,-0.012747875354107596,0.02318840579710124,0.013520822065981708,-0.034464751958224515,0.015376458112407176,-0.021784232365145262
2020-05-15,9.81,13.37,20.24,6.65,17.96,-0.008088978766430777,-0.03535353535353536,-0.039392501186521156,-0.043165467625899234,-0.02497285559174811,True,True,True,True,True,0.04214963119072701,-0.03850050658561288,-0.018886679920477212,-0.007889546351084853,0.04367469879518082,-0.007473841554559102,-0.03183791606367581,-0.01776830135039087,0.03082191780821919,-0.0024402147388968842,-0.03712406015037606,0.017208413001912115,0.004335260115607031,0.032835820895522394,-0.038737446197991354,-0.012747875354107596,-0.01707577374599767,0.013520822065981708,-0.034464751958224515,0.015376458112407176
2020-05-18,10.19,14.01,20.96,6.93,18.06,0.038735983690112,0.04786836200448774,0.035573122529644285,0.042105263157894646,0.0055679287305121505,False,False,False,False,True,-0.008088978766430777,0.04214963119072701,-0.03850050658561288,-0.018886679920477212,-0.03535353535353536,0.04367469879518082,-0.007473841554559102,-0.03183791606367581,-0.039392501186521156,0.03082191780821919,-0.0024402147388968842,-0.03712406015037606,-0.043165467625899234,0.004335260115607031,0.032835820895522394,-0.038737446197991354,-0.02497285559174811,-0.01707577374599767,0.013520822065981708,-0.034464751958224515
2020-05-19,10.06,13.53,20.21,6.75,18.21,-0.012757605495583801,-0.03426124197002145,-0.035782442748091614,-0.025974025974025983,0.008305647840531671,True,True,True,True,True,0.038735983690112,-0.008088978766430777,0.04214963119072701,-0.03850050658561288,0.04786836200448774,-0.03535353535353536,0.04367469879518082,-0.007473841554559102,0.035573122529644285,-0.039392501186521156,0.03082191780821919,-0.0024402147388968842,0.042105263157894646,-0.043165467625899234,0.004335260115607031,0.032835820895522394,0.0055679287305121505,-0.02497285559174811,-0.01707577374599767,0.013520822065981708
2020-05-20,10.23,13.79,20.34,6.79,18.56,0.016898608349900535,0.01921655580192172,0.00643245917862445,0.00592592592592589,0.019220208676551165,False,True,True,True,False,-0.012757605495583801,0.038735983690112,-0.008088978766430777,0.04214963119072701,-0.03426124197002145,0.04786836200448774,-0.03535353535353536,0.04367469879518082,-0.035782442748091614,0.035573122529644285,-0.039392501186521156,0.03082191780821919,-0.025974025974025983,0.042105263157894646,-0.043165467625899234,0.004335260115607031,0.008305647840531671,0.0055679287305121505,-0.02497285559174811,-0.01707577374599767
2020-05-21,10.01,14.63,21.09,7.06,18.47,-0.021505376344086113,0.06091370558375653,0.03687315634218291,0.03976435935198808,-0.004849137931034475,False,False,True,True,False,0.016898608349900535,-0.012757605495583801,0.038735983690112,-0.008088978766430777,0.01921655580192172,-0.03426124197002145,0.04786836200448774,-0.03535353535353536,0.00643245917862445,-0.035782442748091614,0.035573122529644285,-0.039392501186521156,0.00592592592592589,-0.025974025974025983,0.042105263157894646,-0.043165467625899234,0.019220208676551165,0.008305647840531671,0.0055679287305121505,-0.02497285559174811
2020-05-22,9.89,14.4,21.21,7.26,18.37,-0.011988011988011915,-0.015721120984278913,0.005689900426742556,0.028328611898017053,-0.005414185165132479,True,True,True,True,True,-0.021505376344086113,0.016898608349900535,-0.012757605495583801,0.038735983690112,0.06091370558375653,0.01921655580192172,-0.03426124197002145,0.04786836200448774,0.03687315634218291,0.00643245917862445,-0.035782442748091614,0.035573122529644285,0.03976435935198808,0.00592592592592589,-0.025974025974025983,0.042105263157894646,-0.004849137931034475,0.019220208676551165,0.008305647840531671,0.0055679287305121505
2020-05-25,10.34,15.55,22.23,7.46,18.76,0.0455005055611728,0.07986111111111116,0.048090523338047975,0.02754820936639124,0.02123026673924877,True,False,False,False,True,-0.011988011988011915,-0.021505376344086113,0.016898608349900535,-0.012757605495583801,-0.015721120984278913,0.06091370558375653,0.01921655580192172,-0.03426124197002145,0.005689900426742556,0.03687315634218291,0.00643245917862445,-0.035782442748091614,0.028328611898017053,0.03976435935198808,0.00592592592592589,-0.025974025974025983,-0.005414185165132479,-0.004849137931034475,0.019220208676551165,0.008305647840531671
2020-05-26,10.56,14.85,21.47,7.25,19.93,0.021276595744680993,-0.04501607717041811,-0.03418803418803429,-0.02815013404825739,0.062366737739872,True,True,True,True,True,0.0455005055611728,-0.011988011988011915,-0.021505376344086113,0.016898608349900535,0.07986111111111116,-0.015721120984278913,0.06091370558375653,0.01921655580192172,0.048090523338047975,0.005689900426742556,0.03687315634218291,0.00643245917862445,0.02754820936639124,0.028328611898017053,0.03976435935198808,0.00592592592592589,0.02123026673924877,-0.005414185165132479,-0.004849137931034475,0.019220208676551165
2020-05-27,11.27,15.08,22.29,7.31,20.01,0.0672348484848484,0.01548821548821544,0.03819282720074524,0.008275862068965356,0.004014049172102352,False,False,False,False,True,0.021276595744680993,0.0455005055611728,-0.011988011988011915,-0.021505376344086113,-0.04501607717041811,0.07986111111111116,-0.015721120984278913,0.06091370558375653,-0.03418803418803429,0.048090523338047975,0.005689900426742556,0.03687315634218291,-0.02815013404825739,0.02754820936639124,0.028328611898017053,0.03976435935198808,0.062366737739872,0.02123026673924877,-0.005414185165132479,-0.004849137931034475
2020-05-28,10.8,14.95,21.78,7.24,20.06,-0.041703637976929775,-0.008620689655172487,-0.02288021534320317,-0.009575923392612817,0.002498750624687407,False,True,False,False,True,0.0672348484848484,0.021276595744680993,0.0455005055611728,-0.011988011988011915,0.01548821548821544,-0.04501607717041811,0.07986111111111116,-0.015721120984278913,0.03819282720074524,-0.03418803418803429,0.048090523338047975,0.005689900426742556,0.008275862068965356,-0.02815013404825739,0.02754820936639124,0.028328611898017053,0.004014049172102352,0.062366737739872,0.02123026673924877,-0.005414185165132479
2020-05-29,10.51,15.06,21.51,7.22,20.63,-0.026851851851851904,0.007357859531772704,-0.012396694214875992,-0.002762430939226568,0.02841475573280161,True,True,True,True,True,-0.041703637976929775,0.0672348484848484,0.021276595744680993,0.0455005055611728,-0.008620689655172487,0.01548821548821544,-0.04501607717041811,0.07986111111111116,-0.02288021534320317,0.03819282720074524,-0.03418803418803429,0.048090523338047975,-0.009575923392612817,0.008275862068965356,-0.02815013404825739,0.02754820936639124,0.002498750624687407,0.004014049172102352,0.062366737739872,0.02123026673924877
2020-06-01,10.61,15.54,22.12,7.42,20.79,0.009514747859181716,0.031872509960159334,0.028358902835890154,0.027700831024930705,0.007755695588948175,True,True,True,True,True,-0.026851851851851904,-0.041703637976929775,0.0672348484848484,0.021276595744680993,0.007357859531772704,-0.008620689655172487,0.01548821548821544,-0.04501607717041811,-0.012396694214875992,-0.02288021534320317,0.03819282720074524,-0.03418803418803429,-0.002762430939226568,-0.009575923392612817,0.008275862068965356,-0.02815013404825739,0.02841475573280161,0.002498750624687407,0.004014049172102352,0.062366737739872
2020-06-02,10.93,16.13,23.29,7.68,20.92,0.03016022620169645,0.03796653796653793,0.05289330922242308,0.03504043126684642,0.006253006253006399,True,True,True,True,True,0.009514747859181716,-0.026851851851851904,-0.041703637976929775,0.0672348484848484,0.031872509960159334,0.007357859531772704,-0.008620689655172487,0.01548821548821544,0.028358902835890154,-0.012396694214875992,-0.02288021534320317,0.03819282720074524,0.027700831024930705,-0.002762430939226568,-0.009575923392612817,0.008275862068965356,0.007755695588948175,0.02841475573280161,0.002498750624687407,0.004014049172102352
2020-06-03,11.16,16.86,24.03,7.91,21.01,0.02104300091491318,0.045257284562926214,0.03177329325890943,0.02994791666666674,0.004302103250477973,True,True,True,True,True,0.03016022620169645,0.009514747859181716,-0.026851851851851904,-0.041703637976929775,0.03796653796653793,0.031872509960159334,0.007357859531772704,-0.008620689655172487,0.05289330922242308,0.028358902835890154,-0.012396694214875992,-0.02288021534320317,0.03504043126684642,0.027700831024930705,-0.002762430939226568,-0.009575923392612817,0.006253006253006399,0.007755695588948175,0.02841475573280161,0.002498750624687407
2020-06-04,11.27,16.93,24.72,7.98,21.6,0.009856630824372603,0.004151838671411667,0.028714107365792607,0.008849557522123908,0.028081865778200932,True,True,False,True,True,0.02104300091491318,0.03016022620169645,0.009514747859181716,-0.026851851851851904,0.045257284562926214,0.03796653796653793,0.031872509960159334,0.007357859531772704,0.03177329325890943,0.05289330922242308,0.028358902835890154,-0.012396694214875992,0.02994791666666674,0.03504043126684642,0.027700831024930705,-0.002762430939226568,0.004302103250477973,0.006253006253006399,0.007755695588948175,0.02841475573280161
2020-06-05,11.84,17.31,25.24,7.98,21.86,0.0505767524401064,0.022445363260484186,0.021035598705501535,0.0,0.012037037037036846,True,True,True,True,True,0.009856630824372603,0.02104300091491318,0.03016022620169645,0.009514747859181716,0.004151838671411667,0.045257284562926214,0.03796653796653793,0.031872509960159334,0.028714107365792607,0.03177329325890943,0.05289330922242308,0.028358902835890154,0.008849557522123908,0.02994791666666674,0.03504043126684642,0.027700831024930705,0.028081865778200932,0.004302103250477973,0.006253006253006399,0.007755695588948175
2020-06-08,12.3,18.14,25.81,8.17,22.59,0.038851351351351315,0.04794916233391122,0.022583201267828867,0.023809523809523725,0.03339432753888372,False,False,True,False,False,0.0505767524401064,0.009856630824372603,0.02104300091491318,0.03016022620169645,0.022445363260484186,0.004151838671411667,0.045257284562926214,0.03796653796653793,0.021035598705501535,0.028714107365792607,0.03177329325890943,0.05289330922242308,0.0,0.008849557522123908,0.02994791666666674,0.03504043126684642,0.012037037037036846,0.028081865778200932,0.004302103250477973,0.006253006253006399
2020-06-09,12.06,17.96,25.54,8.18,22.59,-0.019512195121951237,-0.009922822491730932,-0.010461061604029376,0.001223990208078396,0.0,False,False,False,False,False,0.038851351351351315,0.0505767524401064,0.009856630824372603,0.02104300091491318,0.04794916233391122,0.022445363260484186,0.004151838671411667,0.045257284562926214,0.022583201267828867,0.021035598705501535,0.028714107365792607,0.03177329325890943,0.023809523809523725,0.0,0.008849557522123908,0.02994791666666674,0.03339432753888372,0.012037037037036846,0.028081865778200932,0.004302103250477973
2020-06-10,11.76,17.24,24.63,7.98,22.19,-0.024875621890547372,-0.04008908685968837,-0.03563038371182459,-0.024449877750611138,-0.01770694997786626,False,False,False,False,False,-0.019512195121951237,0.038851351351351315,0.0505767524401064,0.009856630824372603,-0.009922822491730932,0.04794916233391122,0.022445363260484186,0.004151838671411667,-0.010461061604029376,0.022583201267828867,0.021035598705501535,0.028714107365792607,0.001223990208078396,0.023809523809523725,0.0,0.008849557522123908,0.0,0.03339432753888372,0.012037037037036846,0.028081865778200932
2020-06-12,11.43,16.84,24.0,7.77,21.82,-0.028061224489795977,-0.023201856148491795,-0.025578562728379994,-0.026315789473684292,-0.01667417755745837,False,False,False,False,True,-0.024875621890547372,-0.019512195121951237,0.038851351351351315,0.0505767524401064,-0.04008908685968837,-0.009922822491730932,0.04794916233391122,0.022445363260484186,-0.03563038371182459,-0.010461061604029376,0.022583201267828867,0.021035598705501535,-0.024449877750611138,0.001223990208078396,0.023809523809523725,0.0,-0.01770694997786626,0.0,0.03339432753888372,0.012037037037036846
2020-06-15,11.31,16.55,23.35,7.63,21.83,-0.010498687664041939,-0.017220902612826605,-0.027083333333333237,-0.018018018018017945,0.0004582951420712966,False,True,True,True,True,-0.028061224489795977,-0.024875621890547372,-0.019512195121951237,0.038851351351351315,-0.023201856148491795,-0.04008908685968837,-0.009922822491730932,0.04794916233391122,-0.025578562728379994,-0.03563038371182459,-0.010461061604029376,0.022583201267828867,-0.026315789473684292,-0.024449877750611138,0.001223990208078396,0.023809523809523725,-0.01667417755745837,-0.01770694997786626,0.0,0.03339432753888372
2020-06-16,11.17,17.09,23.84,7.72,22.08,-0.012378426171529622,0.03262839879154078,0.020985010706638052,0.011795543905635641,0.011452130096197832,True,True,True,True,True,-0.010498687664041939,-0.028061224489795977,-0.024875621890547372,-0.019512195121951237,-0.017220902612826605,-0.023201856148491795,-0.04008908685968837,-0.009922822491730932,-0.027083333333333237,-0.025578562728379994,-0.03563038371182459,-0.010461061604029376,-0.018018018018017945,-0.026315789473684292,-0.024449877750611138,0.001223990208078396,0.0004582951420712966,-0.01667417755745837,-0.01770694997786626,0.0
2020-06-17,11.6,17.32,24.05,7.9,22.77,0.038495971351835356,0.01345816266822708,0.008808724832214843,0.023316062176165886,0.03125,False,False,True,True,False,-0.012378426171529622,-0.010498687664041939,-0.028061224489795977,-0.024875621890547372,0.03262839879154078,-0.017220902612826605,-0.023201856148491795,-0.04008908685968837,0.020985010706638052,-0.027083333333333237,-0.025578562728379994,-0.03563038371182459,0.011795543905635641,-0.018018018018017945,-0.026315789473684292,-0.024449877750611138,0.011452130096197832,0.0004582951420712966,-0.01667417755745837,-0.01770694997786626
2020-06-18,11.52,17.31,24.67,8.01,22.75,-0.006896551724137945,-0.0005773672055428003,0.025779625779625892,0.013924050632911245,-0.0008783487044355942,True,False,False,True,True,0.038495971351835356,-0.012378426171529622,-0.010498687664041939,-0.028061224489795977,0.01345816266822708,0.03262839879154078,-0.017220902612826605,-0.023201856148491795,0.008808724832214843,0.020985010706638052,-0.027083333333333237,-0.025578562728379994,0.023316062176165886,0.011795543905635641,-0.018018018018017945,-0.026315789473684292,0.03125,0.011452130096197832,0.0004582951420712966,-0.01667417755745837
2020-06-19,11.66,16.93,25.89,7.91,22.79,0.012152777777777901,-0.021952628538417063,0.04945277665180381,-0.012484394506866336,0.0017582417582417964,True,False,False,False,False,-0.006896551724137945,0.038495971351835356,-0.012378426171529622,-0.010498687664041939,-0.0005773672055428003,0.01345816266822708,0.03262839879154078,-0.017220902612826605,0.025779625779625892,0.008808724832214843,0.020985010706638052,-0.027083333333333237,0.013924050632911245,0.023316062176165886,0.011795543905635641,-0.018018018018017945,-0.0008783487044355942,0.03125,0.011452130096197832,0.0004582951420712966
2020-06-22,11.89,16.63,24.83,7.91,22.49,0.019725557461406584,-0.017720023626698223,-0.04094244882193909,0.0,-0.013163668275559481,False,True,False,False,True,0.012152777777777901,-0.006896551724137945,0.038495971351835356,-0.012378426171529622,-0.021952628538417063,-0.0005773672055428003,0.01345816266822708,0.03262839879154078,0.04945277665180381,0.025779625779625892,0.008808724832214843,0.020985010706638052,-0.012484394506866336,0.013924050632911245,0.023316062176165886,0.011795543905635641,0.0017582417582417964,-0.0008783487044355942,0.03125,0.011452130096197832
2020-06-23,11.74,16.64,24.61,7.91,22.75,-0.012615643397813292,0.000601322910402935,-0.008860249697945966,0.0,0.011560693641618602,False,False,False,False,False,0.019725557461406584,0.012152777777777901,-0.006896551724137945,0.038495971351835356,-0.017720023626698223,-0.021952628538417063,-0.0005773672055428003,0.01345816266822708,-0.04094244882193909,0.04945277665180381,0.025779625779625892,0.008808724832214843,0.0,-0.012484394506866336,0.013924050632911245,0.023316062176165886,-0.013163668275559481,0.0017582417582417964,-0.0008783487044355942,0.03125
2020-06-24,11.52,16.27,24.08,7.77,22.71,-0.01873935264054516,-0.022235576923076983,-0.02153596099146693,-0.017699115044247815,-0.0017582417582416854,True,True,True,True,True,-0.012615643397813292,0.019725557461406584,0.012152777777777901,-0.006896551724137945,0.000601322910402935,-0.017720023626698223,-0.021952628538417063,-0.0005773672055428003,-0.008860249697945966,-0.04094244882193909,0.04945277665180381,0.025779625779625892,0.0,0.0,-0.012484394506866336,0.013924050632911245,0.011560693641618602,-0.013163668275559481,0.0017582417582417964,-0.0008783487044355942
2020-06-25,11.95,16.62,24.22,7.83,24.27,0.03732638888888884,0.021511985248924503,0.005813953488372103,0.007722007722007707,0.06869220607661819,False,False,False,False,True,-0.01873935264054516,-0.012615643397813292,0.019725557461406584,0.012152777777777901,-0.022235576923076983,0.000601322910402935,-0.017720023626698223,-0.021952628538417063,-0.02153596099146693,-0.008860249697945966,-0.04094244882193909,0.04945277665180381,-0.017699115044247815,0.0,0.0,-0.012484394506866336,-0.0017582417582416854,0.011560693641618602,-0.013163668275559481,0.0017582417582417964
2020-06-26,11.75,16.15,23.65,7.67,24.66,-0.0167364016736401,-0.02827918170878474,-0.02353426919900914,-0.020434227330779042,0.01606922126081578,True,True,True,True,False,0.03732638888888884,-0.01873935264054516,-0.012615643397813292,0.019725557461406584,0.021511985248924503,-0.022235576923076983,0.000601322910402935,-0.017720023626698223,0.005813953488372103,-0.02153596099146693,-0.008860249697945966,-0.04094244882193909,0.007722007722007707,-0.017699115044247815,0.0,0.0,0.06869220607661819,-0.0017582417582416854,0.011560693641618602,-0.013163668275559481
2020-06-29,12.01,16.56,24.26,7.74,24.64,0.02212765957446816,0.025386996904024794,0.02579281183932358,0.009126466753585527,-0.0008110300081103361,False,False,False,False,True,-0.0167364016736401,0.03732638888888884,-0.01873935264054516,-0.012615643397813292,-0.02827918170878474,0.021511985248924503,-0.022235576923076983,0.000601322910402935,-0.02353426919900914,0.005813953488372103,-0.02153596099146693,-0.008860249697945966,-0.020434227330779042,0.007722007722007707,-0.017699115044247815,0.0,0.01606922126081578,0.06869220607661819,-0.0017582417582416854,0.011560693641618602
2020-06-30,11.91,16.05,23.54,7.6,24.98,-0.008326394671107407,-0.030797101449275277,-0.02967848309975274,-0.01808785529715773,0.01379870129870131,True,True,True,True,True,0.02212765957446816,-0.0167364016736401,0.03732638888888884,-0.01873935264054516,0.025386996904024794,-0.02827918170878474,0.021511985248924503,-0.022235576923076983,0.02579281183932358,-0.02353426919900914,0.005813953488372103,-0.02153596099146693,0.009126466753585527,-0.020434227330779042,0.007722007722007707,-0.017699115044247815,-0.0008110300081103361,0.01606922126081578,0.06869220607661819,-0.0017582417582416854
2020-07-01,12.1,16.32,23.86,7.74,25.54,0.015952980688497043,0.016822429906542036,0.0135938827527613,0.018421052631579116,0.022417934347477964,False,True,True,True,True,-0.008326394671107407,0.02212765957446816,-0.0167364016736401,0.03732638888888884,-0.030797101449275277,0.025386996904024794,-0.02827918170878474,0.021511985248924503,-0.02967848309975274,0.02579281183932358,-0.02353426919900914,0.005813953488372103,-0.01808785529715773,0.009126466753585527,-0.020434227330779042,0.007722007722007707,0.01379870129870131,-0.0008110300081103361,0.01606922126081578,0.06869220607661819
2020-07-02,11.94,16.47,24.12,7.9,26.02,-0.013223140495867813,0.009191176470588092,0.010896898575021075,0.02067183462532296,0.018794048551292075,False,False,True,False,True,0.015952980688497043,-0.008326394671107407,0.02212765957446816,-0.0167364016736401,0.016822429906542036,-0.030797101449275277,0.025386996904024794,-0.02827918170878474,0.0135938827527613,-0.02967848309975274,0.02579281183932358,-0.02353426919900914,0.018421052631579116,-0.01808785529715773,0.009126466753585527,-0.020434227330779042,0.022417934347477964,0.01379870129870131,-0.0008110300081103361,0.01606922126081578
2020-07-03,11.91,16.47,24.09,7.97,26.22,-0.002512562814070307,0.0,-0.0012437810945273853,0.008860759493670711,0.00768639508070712,True,True,True,True,False,-0.013223140495867813,0.015952980688497043,-0.008326394671107407,0.02212765957446816,0.009191176470588092,0.016822429906542036,-0.030797101449275277,0.025386996904024794,0.010896898575021075,0.0135938827527613,-0.02967848309975274,0.02579281183932358,0.02067183462532296,0.018421052631579116,-0.01808785529715773,0.009126466753585527,0.018794048551292075,0.022417934347477964,0.01379870129870131,-0.0008110300081103361
2020-07-06,12.1,17.57,24.89,8.1,25.84,0.015952980688497043,0.066788099574985,0.03320880033208806,0.016311166875784266,-0.01449275362318836,True,False,False,False,True,-0.002512562814070307,-0.013223140495867813,0.015952980688497043,-0.008326394671107407,0.0,0.009191176470588092,0.016822429906542036,-0.030797101449275277,-0.0012437810945273853,0.010896898575021075,0.0135938827527613,-0.02967848309975274,0.008860759493670711,0.02067183462532296,0.018421052631579116,-0.01808785529715773,0.00768639508070712,0.018794048551292075,0.022417934347477964,0.01379870129870131
2020-07-07,12.17,16.85,24.3,7.94,26.18,0.005785123966942196,-0.0409789413773477,-0.023704298915226962,-0.01975308641975304,0.013157894736842035,True,True,True,True,True,0.015952980688497043,-0.002512562814070307,-0.013223140495867813,0.015952980688497043,0.066788099574985,0.0,0.009191176470588092,0.016822429906542036,0.03320880033208806,-0.0012437810945273853,0.010896898575021075,0.0135938827527613,0.016311166875784266,0.008860759493670711,0.02067183462532296,0.018421052631579116,-0.01449275362318836,0.00768639508070712,0.018794048551292075,0.022417934347477964
2020-07-08,12.39,17.42,24.69,8.05,26.37,0.018077239112571863,0.033827893175074175,0.0160493827160495,0.01385390428211597,0.007257448433919178,False,False,False,False,True,0.005785123966942196,0.015952980688497043,-0.002512562814070307,-0.013223140495867813,-0.0409789413773477,0.066788099574985,0.0,0.009191176470588092,-0.023704298915226962,0.03320880033208806,-0.0012437810945273853,0.010896898575021075,-0.01975308641975304,0.016311166875784266,0.008860759493670711,0.02067183462532296,0.013157894736842035,-0.01449275362318836,0.00768639508070712,0.018794048551292075
2020-07-09,12.33,17.2,24.67,8.05,26.45,-0.004842615012106588,-0.012629161882893314,-0.000810044552450373,0.0,0.0030337504740234333,True,True,False,True,True,0.018077239112571863,0.005785123966942196,0.015952980688497043,-0.002512562814070307,0.033827893175074175,-0.0409789413773477,0.066788099574985,0.0,0.0160493827160495,-0.023704298915226962,0.03320880033208806,-0.0012437810945273853,0.01385390428211597,-0.01975308641975304,0.016311166875784266,0.008860759493670711,0.007257448433919178,0.013157894736842035,-0.01449275362318836,0.00768639508070712
2020-07-10,12.51,17.33,24.8,8.04,26.56,0.014598540145985384,0.007558139534883601,0.005269558167815047,-0.001242236024844967,0.0041587901701323204,False,False,False,False,True,-0.004842615012106588,0.018077239112571863,0.005785123966942196,0.015952980688497043,-0.012629161882893314,0.033827893175074175,-0.0409789413773477,0.066788099574985,-0.000810044552450373,0.0160493827160495,-0.023704298915226962,0.03320880033208806,0.0,0.01385390428211597,-0.01975308641975304,0.016311166875784266,0.0030337504740234333,0.007257448433919178,0.013157894736842035,-0.01449275362318836
2020-07-13,11.79,16.98,24.52,7.98,26.68,-0.05755395683453246,-0.020196191575302835,-0.011290322580645218,-0.007462686567163979,0.004518072289156683,False,True,True,True,False,0.014598540145985384,-0.004842615012106588,0.018077239112571863,0.005785123966942196,0.007558139534883601,-0.012629161882893314,0.033827893175074175,-0.0409789413773477,0.005269558167815047,-0.000810044552450373,0.0160493827160495,-0.023704298915226962,-0.001242236024844967,0.0,0.01385390428211597,-0.01975308641975304,0.0041587901701323204,0.0030337504740234333,0.007257448433919178,0.013157894736842035
2020-07-14,11.72,17.22,24.74,7.99,26.22,-0.005937234944868419,0.014134275618374437,0.00897226753670477,0.0012531328320801727,-0.017241379310344862,True,True,True,True,True,-0.05755395683453246,0.014598540145985384,-0.004842615012106588,0.018077239112571863,-0.020196191575302835,0.007558139534883601,-0.012629161882893314,0.033827893175074175,-0.011290322580645218,0.005269558167815047,-0.000810044552450373,0.0160493827160495,-0.007462686567163979,-0.001242236024844967,0.0,0.01385390428211597,0.004518072289156683,0.0041587901701323204,0.0030337504740234333,0.007257448433919178
2020-07-15,12.04,17.58,24.89,8.01,26.39,0.027303754266211566,0.020905923344947785,0.006063055780113347,0.0025031289111387967,0.006483600305110748,False,False,False,False,True,-0.005937234944868419,-0.05755395683453246,0.014598540145985384,-0.004842615012106588,0.014134275618374437,-0.020196191575302835,0.007558139534883601,-0.012629161882893314,0.00897226753670477,-0.011290322580645218,0.005269558167815047,-0.000810044552450373,0.0012531328320801727,-0.007462686567163979,-0.001242236024844967,0.0,-0.017241379310344862,0.004518072289156683,0.0041587901701323204,0.0030337504740234333
2020-07-16,11.84,17.29,24.53,7.99,26.49,-0.01661129568106301,-0.016496018202502793,-0.0144636400160707,-0.0024968789013731785,0.0037893141341416303,True,True,True,True,True,0.027303754266211566,-0.005937234944868419,-0.05755395683453246,0.014598540145985384,0.020905923344947785,0.014134275618374437,-0.020196191575302835,0.007558139534883601,0.006063055780113347,0.00897226753670477,-0.011290322580645218,0.005269558167815047,0.0025031289111387967,0.0012531328320801727,-0.007462686567163979,-0.001242236024844967,0.006483600305110748,-0.017241379310344862,0.004518072289156683,0.0041587901701323204
2020-07-17,11.93,17.62,24.63,8.08,28.21,0.007601351351351315,0.01908617698091386,0.0040766408479411265,0.01126408010012514,0.06493016232540594,False,True,True,True,True,-0.01661129568106301,0.027303754266211566,-0.005937234944868419,-0.05755395683453246,-0.016496018202502793,0.020905923344947785,0.014134275618374437,-0.020196191575302835,-0.0144636400160707,0.006063055780113347,0.00897226753670477,-0.011290322580645218,-0.0024968789013731785,0.0025031289111387967,0.0012531328320801727,-0.007462686567163979,0.0037893141341416303,0.006483600305110748,-0.017241379310344862,0.004518072289156683
2020-07-20,11.9,17.84,24.88,8.13,29.22,-0.0025146689019278634,0.012485811577752415,0.010150223304912664,0.006188118811881305,0.03580290677064868,True,True,True,True,False,0.007601351351351315,-0.01661129568106301,0.027303754266211566,-0.005937234944868419,0.01908617698091386,-0.016496018202502793,0.020905923344947785,0.014134275618374437,0.0040766408479411265,-0.0144636400160707,0.006063055780113347,0.00897226753670477,0.01126408010012514,-0.0024968789013731785,0.0025031289111387967,0.0012531328320801727,0.06493016232540594,0.0037893141341416303,0.006483600305110748,-0.017241379310344862
2020-07-21,12.37,18.14,25.12,8.24,29.08,0.03949579831932759,0.01681614349775784,0.009646302250803984,0.013530135301353052,-0.00479123887748123,True,False,True,False,True,-0.0025146689019278634,0.007601351351351315,-0.01661129568106301,0.027303754266211566,0.012485811577752415,0.01908617698091386,-0.016496018202502793,0.020905923344947785,0.010150223304912664,0.0040766408479411265,-0.0144636400160707,0.006063055780113347,0.006188118811881305,0.01126408010012514,-0.0024968789013731785,0.0025031289111387967,0.03580290677064868,0.06493016232540594,0.0037893141341416303,0.006483600305110748
2020-07-22,12.39,17.92,24.83,8.32,33.12,0.0016168148746968924,-0.012127894156560015,-0.011544585987261269,0.009708737864077666,0.13892709766162303,False,False,False,False,False,0.03949579831932759,-0.0025146689019278634,0.007601351351351315,-0.01661129568106301,0.01681614349775784,0.012485811577752415,0.01908617698091386,-0.016496018202502793,0.009646302250803984,0.010150223304912664,0.0040766408479411265,-0.0144636400160707,0.013530135301353052,0.006188118811881305,0.01126408010012514,-0.0024968789013731785,-0.00479123887748123,0.03580290677064868,0.06493016232540594,0.0037893141341416303
2020-07-23,12.13,17.69,24.41,8.21,32.53,-0.02098466505246166,-0.012834821428571397,-0.016915022150624126,-0.013221153846153744,-0.01781400966183566,True,False,False,False,False,0.0016168148746968924,0.03949579831932759,-0.0025146689019278634,0.007601351351351315,-0.012127894156560015,0.01681614349775784,0.012485811577752415,0.01908617698091386,-0.011544585987261269,0.009646302250803984,0.010150223304912664,0.0040766408479411265,0.009708737864077666,0.013530135301353052,0.006188118811881305,0.01126408010012514,0.13892709766162303,-0.00479123887748123,0.03580290677064868,0.06493016232540594
2020-07-24,12.58,17.56,24.29,8.21,32.4,0.0370981038746907,-0.007348784624081506,-0.004916018025399427,0.0,-0.003996311097448579,True,True,True,True,True,-0.02098466505246166,0.0016168148746968924,0.03949579831932759,-0.0025146689019278634,-0.012834821428571397,-0.012127894156560015,0.01681614349775784,0.012485811577752415,-0.016915022150624126,-0.011544585987261269,0.009646302250803984,0.010150223304912664,-0.013221153846153744,0.009708737864077666,0.013530135301353052,0.006188118811881305,-0.01781400966183566,0.13892709766162303,-0.00479123887748123,0.03580290677064868
2020-07-27,12.87,18.29,25.18,8.43,34.03,0.0230524642289347,0.041571753986332505,0.036640592836558294,0.026796589524969328,0.05030864197530871,False,False,False,False,False,0.0370981038746907,-0.02098466505246166,0.0016168148746968924,0.03949579831932759,-0.007348784624081506,-0.012834821428571397,-0.012127894156560015,0.01681614349775784,-0.004916018025399427,-0.016915022150624126,-0.011544585987261269,0.009646302250803984,0.0,-0.013221153846153744,0.009708737864077666,0.013530135301353052,-0.003996311097448579,-0.01781400966183566,0.13892709766162303,-0.00479123887748123
2020-07-28,12.71,18.15,25.15,8.4,32.69,-0.012432012432012307,-0.007654455986878084,-0.0011914217633042234,-0.003558718861209842,-0.039377020276226915,True,True,True,True,False,0.0230524642289347,0.0370981038746907,-0.02098466505246166,0.0016168148746968924,0.041571753986332505,-0.007348784624081506,-0.012834821428571397,-0.012127894156560015,0.036640592836558294,-0.004916018025399427,-0.016915022150624126,-0.011544585987261269,0.026796589524969328,0.0,-0.013221153846153744,0.009708737864077666,0.05030864197530871,-0.003996311097448579,-0.01781400966183566,0.13892709766162303
2020-07-29,12.76,18.69,25.61,8.66,32.59,0.003933910306844979,0.02975206611570269,0.01829025844930432,0.030952380952380842,-0.0030590394616089034,False,False,False,False,True,-0.012432012432012307,0.0230524642289347,0.0370981038746907,-0.02098466505246166,-0.007654455986878084,0.041571753986332505,-0.007348784624081506,-0.012834821428571397,-0.0011914217633042234,0.036640592836558294,-0.004916018025399427,-0.016915022150624126,-0.003558718861209842,0.026796589524969328,0.0,-0.013221153846153744,-0.039377020276226915,0.05030864197530871,-0.003996311097448579,-0.01781400966183566
2020-07-30,12.26,18.22,25.28,8.59,33.09,-0.039184952978056464,-0.025147137506688177,-0.012885591565794496,-0.008083140877598205,0.015342129487572853,False,False,False,False,False,0.003933910306844979,-0.012432012432012307,0.0230524642289347,0.0370981038746907,0.02975206611570269,-0.007654455986878084,0.041571753986332505,-0.007348784624081506,0.01829025844930432,-0.0011914217633042234,0.036640592836558294,-0.004916018025399427,0.030952380952380842,-0.003558718861209842,0.026796589524969328,0.0,-0.0030590394616089034,-0.039377020276226915,0.05030864197530871,-0.003996311097448579
2020-07-31,11.71,17.57,24.44,8.43,32.77,-0.04486133768352352,-0.03567508232711303,-0.03322784810126578,-0.0186263096623982,-0.00967059534602599,False,False,False,True,False,-0.039184952978056464,0.003933910306844979,-0.012432012432012307,0.0230524642289347,-0.025147137506688177,0.02975206611570269,-0.007654455986878084,0.041571753986332505,-0.012885591565794496,0.01829025844930432,-0.0011914217633042234,0.036640592836558294,-0.008083140877598205,0.030952380952380842,-0.003558718861209842,0.026796589524969328,0.015342129487572853,-0.0030590394616089034,-0.039377020276226915,0.05030864197530871
2020-08-03,11.55,17.5,24.75,8.4,32.39,-0.013663535439795038,-0.003984063745019917,0.012684124386251883,-0.003558718861209842,-0.011595971925541737,False,False,False,False,True,-0.04486133768352352,-0.039184952978056464,0.003933910306844979,-0.012432012432012307,-0.03567508232711303,-0.025147137506688177,0.02975206611570269,-0.007654455986878084,-0.03322784810126578,-0.012885591565794496,0.01829025844930432,-0.0011914217633042234,-0.0186263096623982,-0.008083140877598205,0.030952380952380842,-0.003558718861209842,-0.00967059534602599,0.015342129487572853,-0.0030590394616089034,-0.039377020276226915
2020-08-04,11.29,16.98,23.66,8.12,32.5,-0.022510822510822592,-0.029714285714285693,-0.04404040404040399,-0.03333333333333344,0.0033961099104662384,False,True,True,False,True,-0.013663535439795038,-0.04486133768352352,-0.039184952978056464,0.003933910306844979,-0.003984063745019917,-0.03567508232711303,-0.025147137506688177,0.02975206611570269,0.012684124386251883,-0.03322784810126578,-0.012885591565794496,0.01829025844930432,-0.003558718861209842,-0.0186263096623982,-0.008083140877598205,0.030952380952380842,-0.011595971925541737,-0.00967059534602599,0.015342129487572853,-0.0030590394616089034
2020-08-05,11.1,17.08,18.45,8.22,33.18,-0.016829052258635957,0.005889281507655886,-0.22020287404902794,0.012315270935960854,0.020923076923076822,True,False,True,True,True,-0.022510822510822592,-0.013663535439795038,-0.04486133768352352,-0.039184952978056464,-0.029714285714285693,-0.003984063745019917,-0.03567508232711303,-0.025147137506688177,-0.04404040404040399,0.012684124386251883,-0.03322784810126578,-0.012885591565794496,-0.03333333333333344,-0.003558718861209842,-0.0186263096623982,-0.008083140877598205,0.0033961099104662384,-0.011595971925541737,-0.00967059534602599,0.015342129487572853
2020-08-06,11.17,15.48,18.75,8.3,33.98,0.006306306306306242,-0.09367681498829028,0.016260162601626105,0.009732360097323589,0.024110910186859513,True,False,False,False,False,-0.016829052258635957,-0.022510822510822592,-0.013663535439795038,-0.04486133768352352,0.005889281507655886,-0.029714285714285693,-0.003984063745019917,-0.03567508232711303,-0.22020287404902794,-0.04404040404040399,0.012684124386251883,-0.03322784810126578,0.012315270935960854,-0.03333333333333344,-0.003558718861209842,-0.0186263096623982,0.020923076923076822,0.0033961099104662384,-0.011595971925541737,-0.00967059534602599
2020-08-07,11.21,15.38,18.41,8.24,33.31,0.0035810205908684,-0.006459948320413411,-0.018133333333333335,-0.0072289156626507145,-0.01971748087110048,False,True,True,True,True,0.006306306306306242,-0.016829052258635957,-0.022510822510822592,-0.013663535439795038,-0.09367681498829028,0.005889281507655886,-0.029714285714285693,-0.003984063745019917,0.016260162601626105,-0.22020287404902794,-0.04404040404040399,0.012684124386251883,0.009732360097323589,0.012315270935960854,-0.03333333333333344,-0.003558718861209842,0.024110910186859513,0.020923076923076822,0.0033961099104662384,-0.011595971925541737
2020-08-10,11.15,15.51,18.62,8.35,33.57,-0.00535236396074934,0.00845253576072813,0.011406844106463865,0.013349514563106624,0.007805463824677172,True,False,False,False,False,0.0035810205908684,0.006306306306306242,-0.016829052258635957,-0.022510822510822592,-0.006459948320413411,-0.09367681498829028,0.005889281507655886,-0.029714285714285693,-0.018133333333333335,0.016260162601626105,-0.22020287404902794,-0.04404040404040399,-0.0072289156626507145,0.009732360097323589,0.012315270935960854,-0.03333333333333344,-0.01971748087110048,0.024110910186859513,0.020923076923076822,0.0033961099104662384
2020-08-11,11.3,15.31,18.48,8.24,32.78,0.013452914798206317,-0.012894906511927706,-0.007518796992481258,-0.013173652694610682,-0.023532916294310424,True,False,False,False,True,-0.00535236396074934,0.0035810205908684,0.006306306306306242,-0.016829052258635957,0.00845253576072813,-0.006459948320413411,-0.09367681498829028,0.005889281507655886,0.011406844106463865,-0.018133333333333335,0.016260162601626105,-0.22020287404902794,0.013349514563106624,-0.0072289156626507145,0.009732360097323589,0.012315270935960854,0.007805463824677172,-0.01971748087110048,0.024110910186859513,0.020923076923076822
2020-08-12,11.36,15.23,18.41,8.17,33.09,0.005309734513274211,-0.0052253429131287055,-0.0037878787878787845,-0.008495145631068013,0.009456985967053244,False,False,False,False,True,0.013452914798206317,-0.00535236396074934,0.0035810205908684,0.006306306306306242,-0.012894906511927706,0.00845253576072813,-0.006459948320413411,-0.09367681498829028,-0.007518796992481258,0.011406844106463865,-0.018133333333333335,0.016260162601626105,-0.013173652694610682,0.013349514563106624,-0.0072289156626507145,0.009732360097323589,-0.023532916294310424,0.007805463824677172,-0.01971748087110048,0.024110910186859513
2020-08-13,11.13,14.79,17.91,8.1,33.52,-0.02024647887323927,-0.028890347997373667,-0.0271591526344378,-0.008567931456548328,0.012994862496222392,True,True,True,False,True,0.005309734513274211,0.013452914798206317,-0.00535236396074934,0.0035810205908684,-0.0052253429131287055,-0.012894906511927706,0.00845253576072813,-0.006459948320413411,-0.0037878787878787845,-0.007518796992481258,0.011406844106463865,-0.018133333333333335,-0.008495145631068013,-0.013173652694610682,0.013349514563106624,-0.0072289156626507145,0.009456985967053244,-0.023532916294310424,0.007805463824677172,-0.01971748087110048
2020-08-14,11.17,14.91,17.91,8.14,33.66,0.003593890386343057,0.008113590263691739,0.0,0.004938271604938427,0.004176610978520179,False,False,False,False,False,-0.02024647887323927,0.005309734513274211,0.013452914798206317,-0.00535236396074934,-0.028890347997373667,-0.0052253429131287055,-0.012894906511927706,0.00845253576072813,-0.0271591526344378,-0.0037878787878787845,-0.007518796992481258,0.011406844106463865,-0.008567931456548328,-0.008495145631068013,-0.013173652694610682,0.013349514563106624,0.012994862496222392,0.009456985967053244,-0.023532916294310424,0.007805463824677172
2020-08-17,10.83,14.51,17.55,8.05,33.07,-0.0304386750223814,-0.02682763246143527,-0.02010050251256279,-0.011056511056511065,-0.01752822341057625,True,True,True,True,False,0.003593890386343057,-0.02024647887323927,0.005309734513274211,0.013452914798206317,0.008113590263691739,-0.028890347997373667,-0.0052253429131287055,-0.012894906511927706,0.0,-0.0271591526344378,-0.0037878787878787845,-0.007518796992481258,0.004938271604938427,-0.008567931456548328,-0.008495145631068013,-0.013173652694610682,0.004176610978520179,0.012994862496222392,0.009456985967053244,-0.023532916294310424
2020-08-18,11.02,14.72,17.77,8.13,32.94,0.01754385964912286,0.01447277739490005,0.012535612535612417,0.009937888198757738,-0.003931055337163647,False,False,False,False,False,-0.0304386750223814,0.003593890386343057,-0.02024647887323927,0.005309734513274211,-0.02682763246143527,0.008113590263691739,-0.028890347997373667,-0.0052253429131287055,-0.02010050251256279,0.0,-0.0271591526344378,-0.0037878787878787845,-0.011056511056511065,0.004938271604938427,-0.008567931456548328,-0.008495145631068013,-0.01752822341057625,0.004176610978520179,0.012994862496222392,0.009456985967053244
2020-08-19,10.83,14.67,17.71,7.95,32.05,-0.01724137931034475,-0.0033967391304348116,-0.003376477208778761,-0.022140221402214055,-0.02701882210078932,True,False,False,False,True,0.01754385964912286,-0.0304386750223814,0.003593890386343057,-0.02024647887323927,0.01447277739490005,-0.02682763246143527,0.008113590263691739,-0.028890347997373667,0.012535612535612417,-0.02010050251256279,0.0,-0.0271591526344378,0.009937888198757738,-0.011056511056511065,0.004938271604938427,-0.008567931456548328,-0.003931055337163647,-0.01752822341057625,0.004176610978520179,0.012994862496222392
2020-08-20,10.85,14.57,17.66,7.85,32.71,0.001846722068328699,-0.0068166325835037345,-0.0028232636928289256,-0.012578616352201366,0.020592823712948682,True,True,False,True,True,-0.01724137931034475,0.01754385964912286,-0.0304386750223814,0.003593890386343057,-0.0033967391304348116,0.01447277739490005,-0.02682763246143527,0.008113590263691739,-0.003376477208778761,0.012535612535612417,-0.02010050251256279,0.0,-0.022140221402214055,0.009937888198757738,-0.011056511056511065,0.004938271604938427,-0.02701882210078932,-0.003931055337163647,-0.01752822341057625,0.004176610978520179
2020-08-21,10.93,14.64,17.69,7.73,32.89,0.007373271889400845,0.0048043925875085325,0.001698754246885592,-0.015286624203821542,0.005502904310608292,False,True,True,True,False,0.001846722068328699,-0.01724137931034475,0.01754385964912286,-0.0304386750223814,-0.0068166325835037345,-0.0033967391304348116,0.01447277739490005,-0.02682763246143527,-0.0028232636928289256,-0.003376477208778761,0.012535612535612417,-0.02010050251256279,-0.012578616352201366,-0.022140221402214055,0.009937888198757738,-0.011056511056511065,0.020592823712948682,-0.02701882210078932,-0.003931055337163647,-0.01752822341057625
2020-08-24,10.83,14.86,17.93,7.77,32.34,-0.009149130832570851,0.015027322404371546,0.013566986998303943,0.005174644243208126,-0.01672240802675573,False,False,False,False,True,0.007373271889400845,0.001846722068328699,-0.01724137931034475,0.01754385964912286,0.0048043925875085325,-0.0068166325835037345,-0.0033967391304348116,0.01447277739490005,0.001698754246885592,-0.0028232636928289256,-0.003376477208778761,0.012535612535612417,-0.015286624203821542,-0.012578616352201366,-0.022140221402214055,0.009937888198757738,0.005502904310608292,0.020592823712948682,-0.02701882210078932,-0.003931055337163647
2020-08-25,10.74,14.86,17.86,7.67,33.23,-0.008310249307479256,0.0,-0.003904071388733943,-0.01287001287001277,0.027520098948670135,False,False,False,False,False,-0.009149130832570851,0.007373271889400845,0.001846722068328699,-0.01724137931034475,0.015027322404371546,0.0048043925875085325,-0.0068166325835037345,-0.0033967391304348116,0.013566986998303943,0.001698754246885592,-0.0028232636928289256,-0.003376477208778761,0.005174644243208126,-0.015286624203821542,-0.012578616352201366,-0.022140221402214055,-0.01672240802675573,0.005502904310608292,0.020592823712948682,-0.02701882210078932
2020-08-26,10.7,14.52,17.47,7.46,32.32,-0.003724394785847407,-0.02288021534320317,-0.021836506159014557,-0.027379400260756137,-0.0273848931688232,False,True,True,True,False,-0.008310249307479256,-0.009149130832570851,0.007373271889400845,0.001846722068328699,0.0,0.015027322404371546,0.0048043925875085325,-0.0068166325835037345,-0.003904071388733943,0.013566986998303943,0.001698754246885592,-0.0028232636928289256,-0.01287001287001277,0.005174644243208126,-0.015286624203821542,-0.012578616352201366,0.027520098948670135,-0.01672240802675573,0.005502904310608292,0.020592823712948682
2020-08-27,10.68,14.83,17.64,7.52,32.25,-0.0018691588785045843,0.02134986225895319,0.009730967372638899,0.008042895442359255,-0.0021658415841584455,True,True,True,True,True,-0.003724394785847407,-0.008310249307479256,-0.009149130832570851,0.007373271889400845,-0.02288021534320317,0.0,0.015027322404371546,0.0048043925875085325,-0.021836506159014557,-0.003904071388733943,0.013566986998303943,0.001698754246885592,-0.027379400260756137,-0.01287001287001277,0.005174644243208126,-0.015286624203821542,-0.0273848931688232,0.027520098948670135,-0.01672240802675573,0.005502904310608292
2020-08-28,10.74,15.11,17.82,7.6,32.69,0.005617977528090012,0.018880647336479983,0.010204081632652962,0.010638297872340496,0.013643410852713034,False,False,False,False,False,-0.0018691588785045843,-0.003724394785847407,-0.008310249307479256,-0.009149130832570851,0.02134986225895319,-0.02288021534320317,0.0,0.015027322404371546,0.009730967372638899,-0.021836506159014557,-0.003904071388733943,0.013566986998303943,0.008042895442359255,-0.027379400260756137,-0.01287001287001277,0.005174644243208126,-0.0021658415841584455,-0.0273848931688232,0.027520098948670135,-0.01672240802675573
2020-08-31,10.37,14.42,17.31,7.49,31.44,-0.03445065176908757,-0.04566512243547316,-0.028619528619528656,-0.014473684210526194,-0.038237993270113124,True,True,False,True,True,0.005617977528090012,-0.0018691588785045843,-0.003724394785847407,-0.008310249307479256,0.018880647336479983,0.02134986225895319,-0.02288021534320317,0.0,0.010204081632652962,0.009730967372638899,-0.021836506159014557,-0.003904071388733943,0.010638297872340496,0.008042895442359255,-0.027379400260756137,-0.01287001287001277,0.013643410852713034,-0.0021658415841584455,-0.0273848931688232,0.027520098948670135
2020-09-01,10.66,14.87,17.78,7.45,32.57,0.027965284474445573,0.03120665742024964,0.027151935297516028,-0.005340453938584733,0.03594147582697205,True,False,False,False,False,-0.03445065176908757,0.005617977528090012,-0.0018691588785045843,-0.003724394785847407,-0.04566512243547316,0.018880647336479983,0.02134986225895319,-0.02288021534320317,-0.028619528619528656,0.010204081632652962,0.009730967372638899,-0.021836506159014557,-0.014473684210526194,0.010638297872340496,0.008042895442359255,-0.027379400260756137,-0.038237993270113124,0.013643410852713034,-0.0021658415841584455,-0.0273848931688232
2020-09-02,10.75,14.87,17.71,7.4,32.51,0.008442776735459567,0.0,-0.003937007874015741,-0.006711409395973145,-0.001842186060792228,False,True,True,True,False,0.027965284474445573,-0.03445065176908757,0.005617977528090012,-0.0018691588785045843,0.03120665742024964,-0.04566512243547316,0.018880647336479983,0.02134986225895319,0.027151935297516028,-0.028619528619528656,0.010204081632652962,0.009730967372638899,-0.005340453938584733,-0.014473684210526194,0.010638297872340496,0.008042895442359255,0.03594147582697205,-0.038237993270113124,0.013643410852713034,-0.0021658415841584455
2020-09-03,10.61,15.44,17.94,7.49,31.35,-0.013023255813953583,0.03833221250840624,0.012987012987013102,0.012162162162162149,-0.03568132882190089,False,False,True,True,True,0.008442776735459567,0.027965284474445573,-0.03445065176908757,0.005617977528090012,0.0,0.03120665742024964,-0.04566512243547316,0.018880647336479983,-0.003937007874015741,0.027151935297516028,-0.028619528619528656,0.010204081632652962,-0.006711409395973145,-0.005340453938584733,-0.014473684210526194,0.010638297872340496,-0.001842186060792228,0.03594147582697205,-0.038237993270113124,0.013643410852713034
2020-09-04,10.61,15.42,18.24,7.52,31.38,0.0,-0.0012953367875647714,0.01672240802675562,0.004005340453938411,0.000956937799043045,False,False,False,False,False,-0.013023255813953583,0.008442776735459567,0.027965284474445573,-0.03445065176908757,0.03833221250840624,0.0,0.03120665742024964,-0.04566512243547316,0.012987012987013102,-0.003937007874015741,0.027151935297516028,-0.028619528619528656,0.012162162162162149,-0.006711409395973145,-0.005340453938584733,-0.014473684210526194,-0.03568132882190089,-0.001842186060792228,0.03594147582697205,-0.038237993270113124
2020-09-08,10.4,15.12,17.84,7.51,30.65,-0.01979264844486328,-0.01945525291828798,-0.021929824561403466,-0.0013297872340425343,-0.0232632249840663,False,True,True,False,True,0.0,-0.013023255813953583,0.008442776735459567,0.027965284474445573,-0.0012953367875647714,0.03833221250840624,0.0,0.03120665742024964,0.01672240802675562,0.012987012987013102,-0.003937007874015741,0.027151935297516028,0.004005340453938411,0.012162162162162149,-0.006711409395973145,-0.005340453938584733,0.000956937799043045,-0.03568132882190089,-0.001842186060792228,0.03594147582697205
2020-09-09,10.4,15.16,17.74,7.59,31.59,0.0,0.002645502645502784,-0.005605381165919354,0.010652463382157196,0.030668841761827048,False,False,False,False,False,-0.01979264844486328,0.0,-0.013023255813953583,0.008442776735459567,-0.01945525291828798,-0.0012953367875647714,0.03833221250840624,0.0,-0.021929824561403466,0.01672240802675562,0.012987012987013102,-0.003937007874015741,-0.0013297872340425343,0.004005340453938411,0.012162162162162149,-0.006711409395973145,-0.0232632249840663,0.000956937799043045,-0.03568132882190089,-0.001842186060792228
2020-09-10,10.37,14.65,17.44,7.42,30.37,-0.0028846153846154854,-0.03364116094986802,-0.016910935738444044,-0.022397891963109373,-0.03861981639759415,False,False,False,False,False,0.0,-0.01979264844486328,0.0,-0.013023255813953583,0.002645502645502784,-0.01945525291828798,-0.0012953367875647714,0.03833221250840624,-0.005605381165919354,-0.021929824561403466,0.01672240802675562,0.012987012987013102,0.010652463382157196,-0.0013297872340425343,0.004005340453938411,0.012162162162162149,0.030668841761827048,-0.0232632249840663,0.000956937799043045,-0.03568132882190089
2020-09-11,10.14,14.32,17.2,7.35,30.21,-0.022179363548698094,-0.022525597269624553,-0.013761467889908396,-0.009433962264150941,-0.0052683569311821055,True,True,True,True,True,-0.0028846153846154854,0.0,-0.01979264844486328,0.0,-0.03364116094986802,0.002645502645502784,-0.01945525291828798,-0.0012953367875647714,-0.016910935738444044,-0.005605381165919354,-0.021929824561403466,0.01672240802675562,-0.022397891963109373,0.010652463382157196,-0.0013297872340425343,0.004005340453938411,-0.03861981639759415,0.030668841761827048,-0.0232632249840663,0.000956937799043045
2020-09-14,10.59,14.54,17.43,7.41,30.81,0.044378698224851965,0.015363128491620026,0.013372093023255927,0.008163265306122547,0.019860973187686204,True,False,False,False,True,-0.022179363548698094,-0.0028846153846154854,0.0,-0.01979264844486328,-0.022525597269624553,-0.03364116094986802,0.002645502645502784,-0.01945525291828798,-0.013761467889908396,-0.016910935738444044,-0.005605381165919354,-0.021929824561403466,-0.009433962264150941,-0.022397891963109373,0.010652463382157196,-0.0013297872340425343,-0.0052683569311821055,-0.03861981639759415,0.030668841761827048,-0.0232632249840663
2020-09-15,10.86,14.35,17.25,7.37,31.18,0.025495750708215192,-0.013067400275103114,-0.0103270223752151,-0.005398110661268607,0.012009087958455122,False,True,False,False,False,0.044378698224851965,-0.022179363548698094,-0.0028846153846154854,0.0,0.015363128491620026,-0.022525597269624553,-0.03364116094986802,0.002645502645502784,0.013372093023255927,-0.013761467889908396,-0.016910935738444044,-0.005605381165919354,0.008163265306122547,-0.009433962264150941,-0.022397891963109373,0.010652463382157196,0.019860973187686204,-0.0052683569311821055,-0.03861981639759415,0.030668841761827048
2020-09-16,10.58,14.44,17.13,7.33,30.62,-0.025782688766114115,0.006271777003484358,-0.006956521739130528,-0.005427408412483015,-0.017960230917254627,True,True,True,True,False,0.025495750708215192,0.044378698224851965,-0.022179363548698094,-0.0028846153846154854,-0.013067400275103114,0.015363128491620026,-0.022525597269624553,-0.03364116094986802,-0.0103270223752151,0.013372093023255927,-0.013761467889908396,-0.016910935738444044,-0.005398110661268607,0.008163265306122547,-0.009433962264150941,-0.022397891963109373,0.012009087958455122,0.019860973187686204,-0.0052683569311821055,-0.03861981639759415
2020-09-17,11.09,14.5,17.14,7.41,30.57,0.04820415879017004,0.0041551246537396835,0.0005837711617047159,0.01091405184174632,-0.0016329196603527274,False,False,False,False,False,-0.025782688766114115,0.025495750708215192,0.044378698224851965,-0.022179363548698094,0.006271777003484358,-0.013067400275103114,0.015363128491620026,-0.022525597269624553,-0.006956521739130528,-0.0103270223752151,0.013372093023255927,-0.013761467889908396,-0.005427408412483015,-0.005398110661268607,0.008163265306122547,-0.009433962264150941,-0.017960230917254627,0.012009087958455122,0.019860973187686204,-0.0052683569311821055
2020-09-18,10.78,14.24,16.9,7.19,30.16,-0.027953110910730383,-0.017931034482758568,-0.014002333722287208,-0.029689608636977005,-0.01341184167484466,False,False,True,False,True,0.04820415879017004,-0.025782688766114115,0.025495750708215192,0.044378698224851965,0.0041551246537396835,0.006271777003484358,-0.013067400275103114,0.015363128491620026,0.0005837711617047159,-0.006956521739130528,-0.0103270223752151,0.013372093023255927,0.01091405184174632,-0.005427408412483015,-0.005398110661268607,0.008163265306122547,-0.0016329196603527274,-0.017960230917254627,0.012009087958455122,0.019860973187686204
2020-09-21,10.72,13.99,16.79,7.22,30.85,-0.0055658627087197265,-0.0175561797752809,-0.0065088757396449815,0.004172461752433909,0.02287798408488073,True,True,False,True,True,-0.027953110910730383,0.04820415879017004,-0.025782688766114115,0.025495750708215192,-0.017931034482758568,0.0041551246537396835,0.006271777003484358,-0.013067400275103114,-0.014002333722287208,0.0005837711617047159,-0.006956521739130528,-0.0103270223752151,-0.029689608636977005,0.01091405184174632,-0.005427408412483015,-0.005398110661268607,-0.01341184167484466,-0.0016329196603527274,-0.017960230917254627,0.012009087958455122
2020-09-22,10.78,14.13,16.84,7.15,31.44,0.005597014925373012,0.010007147962830532,0.0029779630732580387,-0.00969529085872567,0.01912479740680717,False,False,False,False,False,-0.0055658627087197265,-0.027953110910730383,0.04820415879017004,-0.025782688766114115,-0.0175561797752809,-0.017931034482758568,0.0041551246537396835,0.006271777003484358,-0.0065088757396449815,-0.014002333722287208,0.0005837711617047159,-0.006956521739130528,0.004172461752433909,-0.029689608636977005,0.01091405184174632,-0.005427408412483015,0.02287798408488073,-0.01341184167484466,-0.0016329196603527274,-0.017960230917254627
2020-09-23,10.48,13.76,16.52,7.0,30.41,-0.027829313543599188,-0.026185421089879757,-0.019002375296912177,-0.020979020979021046,-0.032760814249363945,True,True,True,True,True,0.005597014925373012,-0.0055658627087197265,-0.027953110910730383,0.04820415879017004,0.010007147962830532,-0.0175561797752809,-0.017931034482758568,0.0041551246537396835,0.0029779630732580387,-0.0065088757396449815,-0.014002333722287208,0.0005837711617047159,-0.00969529085872567,0.004172461752433909,-0.029689608636977005,0.01091405184174632,0.01912479740680717,0.02287798408488073,-0.01341184167484466,-0.0016329196603527274
2020-09-24,10.67,13.98,16.76,7.23,31.38,0.018129770992366456,0.015988372093023395,0.014527845036319764,0.03285714285714292,0.03189740217033865,True,False,True,False,False,-0.027829313543599188,0.005597014925373012,-0.0055658627087197265,-0.027953110910730383,-0.026185421089879757,0.010007147962830532,-0.0175561797752809,-0.017931034482758568,-0.019002375296912177,0.0029779630732580387,-0.0065088757396449815,-0.014002333722287208,-0.020979020979021046,-0.00969529085872567,0.004172461752433909,-0.029689608636977005,-0.032760814249363945,0.01912479740680717,0.02287798408488073,-0.01341184167484466
2020-09-25,10.82,13.95,16.72,7.28,31.26,0.014058106841612128,-0.0021459227467811592,-0.0023866348448688957,0.006915629322268302,-0.003824091778202643,False,False,False,False,False,0.018129770992366456,-0.027829313543599188,0.005597014925373012,-0.0055658627087197265,0.015988372093023395,-0.026185421089879757,0.010007147962830532,-0.0175561797752809,0.014527845036319764,-0.019002375296912177,0.0029779630732580387,-0.0065088757396449815,0.03285714285714292,-0.020979020979021046,-0.00969529085872567,0.004172461752433909,0.03189740217033865,-0.032760814249363945,0.01912479740680717,0.02287798408488073
2020-09-28,10.51,13.82,16.71,7.11,30.62,-0.02865064695009245,-0.009318996415770497,-0.0005980861244018199,-0.02335164835164838,-0.02047344849648114,False,False,False,False,True,0.014058106841612128,0.018129770992366456,-0.027829313543599188,0.005597014925373012,-0.0021459227467811592,0.015988372093023395,-0.026185421089879757,0.010007147962830532,-0.0023866348448688957,0.014527845036319764,-0.019002375296912177,0.0029779630732580387,0.006915629322268302,0.03285714285714292,-0.020979020979021046,-0.00969529085872567,-0.003824091778202643,0.03189740217033865,-0.032760814249363945,0.01912479740680717
2020-09-29,10.4,13.57,16.37,7.0,31.61,-0.010466222645099887,-0.01808972503617945,-0.020347097546379422,-0.015471167369901617,0.03233180927498358,True,True,True,True,True,-0.02865064695009245,0.014058106841612128,0.018129770992366456,-0.027829313543599188,-0.009318996415770497,-0.0021459227467811592,0.015988372093023395,-0.026185421089879757,-0.0005980861244018199,-0.0023866348448688957,0.014527845036319764,-0.019002375296912177,-0.02335164835164838,0.006915629322268302,0.03285714285714292,-0.020979020979021046,-0.02047344849648114,-0.003824091778202643,0.03189740217033865,-0.032760814249363945
2020-09-30,10.56,13.67,16.41,7.07,31.98,0.01538461538461533,0.00736919675755332,0.0024434941967013124,0.010000000000000009,0.01170515659601401,True,True,True,True,True,-0.010466222645099887,-0.02865064695009245,0.014058106841612128,0.018129770992366456,-0.01808972503617945,-0.009318996415770497,-0.0021459227467811592,0.015988372093023395,-0.020347097546379422,-0.0005980861244018199,-0.0023866348448688957,0.014527845036319764,-0.015471167369901617,-0.02335164835164838,0.006915629322268302,0.03285714285714292,0.03233180927498358,-0.02047344849648114,-0.003824091778202643,0.03189740217033865
2020-10-01,10.7,13.69,16.49,7.11,32.57,0.01325757575757569,0.001463057790782596,0.0048750761730651515,0.005657708628005631,0.018449030644152487,False,True,True,True,True,0.01538461538461533,-0.010466222645099887,-0.02865064695009245,0.014058106841612128,0.00736919675755332,-0.01808972503617945,-0.009318996415770497,-0.0021459227467811592,0.0024434941967013124,-0.020347097546379422,-0.0005980861244018199,-0.0023866348448688957,0.010000000000000009,-0.015471167369901617,-0.02335164835164838,0.006915629322268302,0.01170515659601401,0.03233180927498358,-0.02047344849648114,-0.003824091778202643
2020-10-02,10.56,13.76,16.53,7.18,32.64,-0.013084112149532645,0.0051132213294375894,0.0024257125530626755,0.009845288326300938,0.002149217070924081,True,True,False,True,True,0.01325757575757569,0.01538461538461533,-0.010466222645099887,-0.02865064695009245,0.001463057790782596,0.00736919675755332,-0.01808972503617945,-0.009318996415770497,0.0048750761730651515,0.0024434941967013124,-0.020347097546379422,-0.0005980861244018199,0.005657708628005631,0.010000000000000009,-0.015471167369901617,-0.02335164835164838,0.018449030644152487,0.01170515659601401,0.03233180927498358,-0.02047344849648114
2020-10-05,10.79,14.06,16.57,7.12,34.17,0.021780303030302983,0.0218023255813955,0.002419842710223774,-0.00835654596100277,0.046875,True,False,False,False,True,-0.013084112149532645,0.01325757575757569,0.01538461538461533,-0.010466222645099887,0.0051132213294375894,0.001463057790782596,0.00736919675755332,-0.01808972503617945,0.0024257125530626755,0.0048750761730651515,0.0024434941967013124,-0.020347097546379422,0.009845288326300938,0.005657708628005631,0.010000000000000009,-0.015471167369901617,0.002149217070924081,0.018449030644152487,0.01170515659601401,0.03233180927498358
2020-10-06,11.24,13.98,16.52,7.12,34.8,0.0417052826691382,-0.005689900426742556,-0.0030175015087507973,0.0,0.018437225636523058,True,False,False,False,True,0.021780303030302983,-0.013084112149532645,0.01325757575757569,0.01538461538461533,0.0218023255813955,0.0051132213294375894,0.001463057790782596,0.00736919675755332,0.002419842710223774,0.0024257125530626755,0.0048750761730651515,0.0024434941967013124,-0.00835654596100277,0.009845288326300938,0.005657708628005631,0.010000000000000009,0.046875,0.002149217070924081,0.018449030644152487,0.01170515659601401
2020-10-07,11.4,13.8,16.46,7.12,35.62,0.014234875444839812,-0.012875536480686622,-0.00363196125907983,0.0,0.023563218390804552,True,True,True,True,True,0.0417052826691382,0.021780303030302983,-0.013084112149532645,0.01325757575757569,-0.005689900426742556,0.0218023255813955,0.0051132213294375894,0.001463057790782596,-0.0030175015087507973,0.002419842710223774,0.0024257125530626755,0.0048750761730651515,0.0,-0.00835654596100277,0.009845288326300938,0.005657708628005631,0.018437225636523058,0.046875,0.002149217070924081,0.018449030644152487
2020-10-08,11.52,14.58,17.29,7.43,36.6,0.010526315789473717,0.05652173913043468,0.05042527339003633,0.0435393258426966,0.027512633352049454,False,False,False,False,True,0.014234875444839812,0.0417052826691382,0.021780303030302983,-0.013084112149532645,-0.012875536480686622,-0.005689900426742556,0.0218023255813955,0.0051132213294375894,-0.00363196125907983,-0.0030175015087507973,0.002419842710223774,0.0024257125530626755,0.0,0.0,-0.00835654596100277,0.009845288326300938,0.023563218390804552,0.018437225636523058,0.046875,0.002149217070924081
2020-10-09,11.43,14.55,17.23,7.34,37.44,-0.0078125,-0.002057613168724215,-0.003470213996529692,-0.012113055181695809,0.022950819672131084,True,True,True,False,True,0.010526315789473717,0.014234875444839812,0.0417052826691382,0.021780303030302983,0.05652173913043468,-0.012875536480686622,-0.005689900426742556,0.0218023255813955,0.05042527339003633,-0.00363196125907983,-0.0030175015087507973,0.002419842710223774,0.0435393258426966,0.0,0.0,-0.00835654596100277,0.027512633352049454,0.023563218390804552,0.018437225636523058,0.046875
2020-10-13,11.58,14.56,17.18,7.41,38.53,0.013123359580052618,0.0006872852233676952,-0.0029019152640743506,0.0095367847411445,0.02911324786324787,True,True,False,False,True,-0.0078125,0.010526315789473717,0.014234875444839812,0.0417052826691382,-0.002057613168724215,0.05652173913043468,-0.012875536480686622,-0.005689900426742556,-0.003470213996529692,0.05042527339003633,-0.00363196125907983,-0.0030175015087507973,-0.012113055181695809,0.0435393258426966,0.0,0.0,0.022950819672131084,0.027512633352049454,0.023563218390804552,0.018437225636523058
2020-10-14,11.63,14.59,17.05,7.36,39.23,0.0043177892918826455,0.002060439560439553,-0.0075669383003491575,-0.006747638326585648,0.01816766156241889,False,False,True,False,True,0.013123359580052618,-0.0078125,0.010526315789473717,0.014234875444839812,0.0006872852233676952,-0.002057613168724215,0.05652173913043468,-0.012875536480686622,-0.0029019152640743506,-0.003470213996529692,0.05042527339003633,-0.00363196125907983,0.0095367847411445,-0.012113055181695809,0.0435393258426966,0.0,0.02911324786324787,0.022950819672131084,0.027512633352049454,0.023563218390804552
2020-10-15,11.32,14.56,16.94,7.38,39.32,-0.02665520206362859,-0.0020562028786840214,-0.006451612903225823,0.0027173913043476716,0.002294162630639862,False,False,False,False,True,0.0043177892918826455,0.013123359580052618,-0.0078125,0.010526315789473717,0.002060439560439553,0.0006872852233676952,-0.002057613168724215,0.05652173913043468,-0.0075669383003491575,-0.0029019152640743506,-0.003470213996529692,0.05042527339003633,-0.006747638326585648,0.0095367847411445,-0.012113055181695809,0.0435393258426966,0.01816766156241889,0.02911324786324787,0.022950819672131084,0.027512633352049454
2020-10-16,11.18,14.17,16.66,7.24,39.94,-0.012367491166077826,-0.0267857142857143,-0.016528925619834767,-0.01897018970189701,0.01576805696846373,False,True,True,True,True,-0.02665520206362859,0.0043177892918826455,0.013123359580052618,-0.0078125,-0.0020562028786840214,0.002060439560439553,0.0006872852233676952,-0.002057613168724215,-0.006451612903225823,-0.0075669383003491575,-0.0029019152640743506,-0.003470213996529692,0.0027173913043476716,-0.006747638326585648,0.0095367847411445,-0.012113055181695809,0.002294162630639862,0.01816766156241889,0.02911324786324787,0.022950819672131084
2020-10-19,11.08,14.34,16.79,7.32,39.95,-0.008944543828264706,0.011997177134791759,0.007803121248499245,0.011049723756906049,0.0002503755633451732,True,True,True,True,True,-0.012367491166077826,-0.02665520206362859,0.0043177892918826455,0.013123359580052618,-0.0267857142857143,-0.0020562028786840214,0.002060439560439553,0.0006872852233676952,-0.016528925619834767,-0.006451612903225823,-0.0075669383003491575,-0.0029019152640743506,-0.01897018970189701,0.0027173913043476716,-0.006747638326585648,0.0095367847411445,0.01576805696846373,0.002294162630639862,0.01816766156241889,0.02911324786324787
2020-10-20,11.27,14.88,17.35,7.47,40.67,0.017148014440433235,0.03765690376569042,0.03335318642048857,0.020491803278688492,0.018022528160200224,False,True,True,True,False,-0.008944543828264706,-0.012367491166077826,-0.02665520206362859,0.0043177892918826455,0.011997177134791759,-0.0267857142857143,-0.0020562028786840214,0.002060439560439553,0.007803121248499245,-0.016528925619834767,-0.006451612903225823,-0.0075669383003491575,0.011049723756906049,-0.01897018970189701,0.0027173913043476716,-0.006747638326585648,0.0002503755633451732,0.01576805696846373,0.002294162630639862,0.01816766156241889
2020-10-21,11.26,15.01,17.46,7.65,38.17,-0.0008873114463175957,0.008736559139784772,0.006340057636887497,0.024096385542168752,-0.06147037128104249,True,True,False,True,True,0.017148014440433235,-0.008944543828264706,-0.012367491166077826,-0.02665520206362859,0.03765690376569042,0.011997177134791759,-0.0267857142857143,-0.0020562028786840214,0.03335318642048857,0.007803121248499245,-0.016528925619834767,-0.006451612903225823,0.020491803278688492,0.011049723756906049,-0.01897018970189701,0.0027173913043476716,0.018022528160200224,0.0002503755633451732,0.01576805696846373,0.002294162630639862
2020-10-22,11.43,15.52,18.17,7.56,39.97,0.015097690941385356,0.03397734843437705,0.040664375715922185,-0.01176470588235301,0.04715745349751099,True,False,True,False,False,-0.0008873114463175957,0.017148014440433235,-0.008944543828264706,-0.012367491166077826,0.008736559139784772,0.03765690376569042,0.011997177134791759,-0.0267857142857143,0.006340057636887497,0.03335318642048857,0.007803121248499245,-0.016528925619834767,0.024096385542168752,0.020491803278688492,0.011049723756906049,-0.01897018970189701,-0.06147037128104249,0.018022528160200224,0.0002503755633451732,0.01576805696846373
2020-10-23,11.7,15.49,17.98,7.61,39.76,0.023622047244094446,-0.0019329896907216426,-0.010456796917996725,0.006613756613756738,-0.005253940455341555,True,True,True,True,True,0.015097690941385356,-0.0008873114463175957,0.017148014440433235,-0.008944543828264706,0.03397734843437705,0.008736559139784772,0.03765690376569042,0.011997177134791759,0.040664375715922185,0.006340057636887497,0.03335318642048857,0.007803121248499245,-0.01176470588235301,0.024096385542168752,0.020491803278688492,0.011049723756906049,0.04715745349751099,-0.06147037128104249,0.018022528160200224,0.0002503755633451732
2020-10-26,11.96,15.67,18.15,7.72,40.28,0.022222222222222365,0.01162040025823119,0.009454949944382562,0.014454664914586024,0.01307847082494984,False,False,False,False,True,0.023622047244094446,0.015097690941385356,-0.0008873114463175957,0.017148014440433235,-0.0019329896907216426,0.03397734843437705,0.008736559139784772,0.03765690376569042,-0.010456796917996725,0.040664375715922185,0.006340057636887497,0.03335318642048857,0.006613756613756738,-0.01176470588235301,0.024096385542168752,0.020491803278688492,-0.005253940455341555,0.04715745349751099,-0.06147037128104249,0.018022528160200224
2020-10-27,11.56,15.26,17.68,7.53,40.52,-0.03344481605351168,-0.0261646458200383,-0.025895316804407598,-0.024611398963730546,0.005958291956305928,False,False,False,False,False,0.022222222222222365,0.023622047244094446,0.015097690941385356,-0.0008873114463175957,0.01162040025823119,-0.0019329896907216426,0.03397734843437705,0.008736559139784772,0.009454949944382562,-0.010456796917996725,0.040664375715922185,0.006340057636887497,0.014454664914586024,0.006613756613756738,-0.01176470588235301,0.024096385542168752,0.01307847082494984,-0.005253940455341555,0.04715745349751099,-0.06147037128104249
2020-10-28,11.26,14.34,16.98,7.28,38.53,-0.02595155709342567,-0.0602883355176933,-0.039592760180995445,-0.033200531208499307,-0.04911154985192501,False,False,True,True,True,-0.03344481605351168,0.022222222222222365,0.023622047244094446,0.015097690941385356,-0.0261646458200383,0.01162040025823119,-0.0019329896907216426,0.03397734843437705,-0.025895316804407598,0.009454949944382562,-0.010456796917996725,0.040664375715922185,-0.024611398963730546,0.014454664914586024,0.006613756613756738,-0.01176470588235301,0.005958291956305928,0.01307847082494984,-0.005253940455341555,0.04715745349751099
2020-10-29,10.86,14.23,17.29,7.29,38.96,-0.035523978685612856,-0.007670850767085069,0.018256772673733712,0.0013736263736263687,0.01116013495977164,False,False,False,False,False,-0.02595155709342567,-0.03344481605351168,0.022222222222222365,0.023622047244094446,-0.0602883355176933,-0.0261646458200383,0.01162040025823119,-0.0019329896907216426,-0.039592760180995445,-0.025895316804407598,0.009454949944382562,-0.010456796917996725,-0.033200531208499307,-0.024611398963730546,0.014454664914586024,0.006613756613756738,-0.04911154985192501,0.005958291956305928,0.01307847082494984,-0.005253940455341555
2020-10-30,10.26,13.8,16.88,7.19,36.92,-0.05524861878453036,-0.03021784961349261,-0.023713128976286857,-0.013717421124828433,-0.052361396303901464,True,True,False,True,True,-0.035523978685612856,-0.02595155709342567,-0.03344481605351168,0.022222222222222365,-0.007670850767085069,-0.0602883355176933,-0.0261646458200383,0.01162040025823119,0.018256772673733712,-0.039592760180995445,-0.025895316804407598,0.009454949944382562,0.0013736263736263687,-0.033200531208499307,-0.024611398963730546,0.014454664914586024,0.01116013495977164,-0.04911154985192501,0.005958291956305928,0.01307847082494984
2020-11-03,10.77,14.15,17.13,7.19,37.64,0.04970760233918137,0.0253623188405796,0.014810426540284416,0.0,0.019501625135427858,True,False,True,True,True,-0.05524861878453036,-0.035523978685612856,-0.02595155709342567,-0.03344481605351168,-0.03021784961349261,-0.007670850767085069,-0.0602883355176933,-0.0261646458200383,-0.023713128976286857,0.018256772673733712,-0.039592760180995445,-0.025895316804407598,-0.013717421124828433,0.0013736263736263687,-0.033200531208499307,-0.024611398963730546,-0.052361396303901464,0.01116013495977164,-0.04911154985192501,0.005958291956305928
2020-11-04,10.8,14.15,17.8,7.31,40.02,0.002785515320334442,0.0,0.03911266783420908,0.016689847009735637,0.06323060573857608,True,True,True,True,True,0.04970760233918137,-0.05524861878453036,-0.035523978685612856,-0.02595155709342567,0.0253623188405796,-0.03021784961349261,-0.007670850767085069,-0.0602883355176933,0.014810426540284416,-0.023713128976286857,0.018256772673733712,-0.039592760180995445,0.0,-0.013717421124828433,0.0013736263736263687,-0.033200531208499307,0.019501625135427858,-0.052361396303901464,0.01116013495977164,-0.04911154985192501
2020-11-05,11.23,14.43,18.19,7.69,41.74,0.03981481481481475,0.01978798586572439,0.02191011235955065,0.051983584131326976,0.04297851074462766,False,True,False,True,False,0.002785515320334442,0.04970760233918137,-0.05524861878453036,-0.035523978685612856,0.0,0.0253623188405796,-0.03021784961349261,-0.007670850767085069,0.03911266783420908,0.014810426540284416,-0.023713128976286857,0.018256772673733712,0.016689847009735637,0.0,-0.013717421124828433,0.0013736263736263687,0.06323060573857608,0.019501625135427858,-0.052361396303901464,0.01116013495977164
2020-11-06,11.16,14.44,18.26,7.65,40.89,-0.006233303650934996,0.0006930006930006005,0.003848268279274425,-0.005201560468140465,-0.020364159080019206,True,True,True,True,False,0.03981481481481475,0.002785515320334442,0.04970760233918137,-0.05524861878453036,0.01978798586572439,0.0,0.0253623188405796,-0.03021784961349261,0.02191011235955065,0.03911266783420908,0.014810426540284416,-0.023713128976286857,0.051983584131326976,0.016689847009735637,0.0,-0.013717421124828433,0.04297851074462766,0.06323060573857608,0.019501625135427858,-0.052361396303901464
2020-11-09,11.98,15.76,19.49,7.82,39.98,0.07347670250896066,0.09141274238227148,0.06736035049288036,0.022222222222222143,-0.02225483003179274,True,True,True,True,False,-0.006233303650934996,0.03981481481481475,0.002785515320334442,0.04970760233918137,0.0006930006930006005,0.01978798586572439,0.0,0.0253623188405796,0.003848268279274425,0.02191011235955065,0.03911266783420908,0.014810426540284416,-0.005201560468140465,0.051983584131326976,0.016689847009735637,0.0,-0.020364159080019206,0.04297851074462766,0.06323060573857608,0.019501625135427858
2020-11-10,12.81,16.64,20.01,8.08,38.47,0.06928213689482465,0.055837563451776706,0.02668034889687032,0.03324808184143224,-0.03776888444222104,False,True,True,False,True,0.07347670250896066,-0.006233303650934996,0.03981481481481475,0.002785515320334442,0.09141274238227148,0.0006930006930006005,0.01978798586572439,0.0,0.06736035049288036,0.003848268279274425,0.02191011235955065,0.03911266783420908,0.022222222222222143,-0.005201560468140465,0.051983584131326976,0.016689847009735637,-0.02225483003179274,-0.020364159080019206,0.04297851074462766,0.06323060573857608
2020-11-11,12.55,16.67,19.94,8.09,39.23,-0.020296643247462942,0.0018028846153845812,-0.0034982508745626806,0.0012376237623761277,0.019755653756173608,False,False,False,False,True,0.06928213689482465,0.07347670250896066,-0.006233303650934996,0.03981481481481475,0.055837563451776706,0.09141274238227148,0.0006930006930006005,0.01978798586572439,0.02668034889687032,0.06736035049288036,0.003848268279274425,0.02191011235955065,0.03324808184143224,0.022222222222222143,-0.005201560468140465,0.051983584131326976,-0.03776888444222104,-0.02225483003179274,-0.020364159080019206,0.04297851074462766
2020-11-12,12.32,16.08,19.41,7.89,39.34,-0.018326693227091684,-0.03539292141571704,-0.026579739217652998,-0.024721878862793645,0.0028039765485599055,True,True,True,True,True,-0.020296643247462942,0.06928213689482465,0.07347670250896066,-0.006233303650934996,0.0018028846153845812,0.055837563451776706,0.09141274238227148,0.0006930006930006005,-0.0034982508745626806,0.02668034889687032,0.06736035049288036,0.003848268279274425,0.0012376237623761277,0.03324808184143224,0.022222222222222143,-0.005201560468140465,0.019755653756173608,-0.03776888444222104,-0.02225483003179274,-0.020364159080019206
2020-11-13,12.73,16.52,19.83,7.96,40.34,0.03327922077922074,0.027363184079602032,0.021638330757341562,0.00887198986058313,0.025419420437214013,True,True,True,True,False,-0.018326693227091684,-0.020296643247462942,0.06928213689482465,0.07347670250896066,-0.03539292141571704,0.0018028846153845812,0.055837563451776706,0.09141274238227148,-0.026579739217652998,-0.0034982508745626806,0.02668034889687032,0.06736035049288036,-0.024721878862793645,0.0012376237623761277,0.03324808184143224,0.022222222222222143,0.0028039765485599055,0.019755653756173608,-0.03776888444222104,-0.02225483003179274
2020-11-16,12.94,17.25,20.37,8.0,39.71,0.0164964650432049,0.04418886198547223,0.027231467473525006,0.005025125628140614,-0.015617253346554394,True,True,True,False,True,0.03327922077922074,-0.018326693227091684,-0.020296643247462942,0.06928213689482465,0.027363184079602032,-0.03539292141571704,0.0018028846153845812,0.055837563451776706,0.021638330757341562,-0.026579739217652998,-0.0034982508745626806,0.02668034889687032,0.00887198986058313,-0.024721878862793645,0.0012376237623761277,0.03324808184143224,0.025419420437214013,0.0028039765485599055,0.019755653756173608,-0.03776888444222104
2020-11-17,13.02,17.34,20.35,8.06,39.77,0.0061823802163833985,0.00521739130434784,-0.0009818360333824216,0.007500000000000062,0.0015109544195417435,False,False,False,False,False,0.0164964650432049,0.03327922077922074,-0.018326693227091684,-0.020296643247462942,0.04418886198547223,0.027363184079602032,-0.03539292141571704,0.0018028846153845812,0.027231467473525006,0.021638330757341562,-0.026579739217652998,-0.0034982508745626806,0.005025125628140614,0.00887198986058313,-0.024721878862793645,0.0012376237623761277,-0.015617253346554394,0.025419420437214013,0.0028039765485599055,0.019755653756173608
2020-11-18,12.5,16.94,19.88,7.88,39.48,-0.03993855606758834,-0.02306805074971152,-0.023095823095823254,-0.022332506203474045,-0.007291928589389096,False,False,True,True,False,0.0061823802163833985,0.0164964650432049,0.03327922077922074,-0.018326693227091684,0.00521739130434784,0.04418886198547223,0.027363184079602032,-0.03539292141571704,-0.0009818360333824216,0.027231467473525006,0.021638330757341562,-0.026579739217652998,0.007500000000000062,0.005025125628140614,0.00887198986058313,-0.024721878862793645,0.0015109544195417435,-0.015617253346554394,0.025419420437214013,0.0028039765485599055
2020-11-19,12.41,16.94,19.97,7.89,39.4,-0.007199999999999984,0.0,0.00452716297786715,0.0012690355329949554,-0.0020263424518742745,False,False,False,False,False,-0.03993855606758834,0.0061823802163833985,0.0164964650432049,0.03327922077922074,-0.02306805074971152,0.00521739130434784,0.04418886198547223,0.027363184079602032,-0.023095823095823254,-0.0009818360333824216,0.027231467473525006,0.021638330757341562,-0.022332506203474045,0.007500000000000062,0.005025125628140614,0.00887198986058313,-0.007291928589389096,0.0015109544195417435,-0.015617253346554394,0.025419420437214013
2020-11-20,12.13,16.78,19.75,7.84,38.95,-0.02256244963738918,-0.009445100354191216,-0.011016524787180737,-0.006337135614702172,-0.011421319796954155,True,True,True,True,False,-0.007199999999999984,-0.03993855606758834,0.0061823802163833985,0.0164964650432049,0.0,-0.02306805074971152,0.00521739130434784,0.04418886198547223,0.00452716297786715,-0.023095823095823254,-0.0009818360333824216,0.027231467473525006,0.0012690355329949554,-0.022332506203474045,0.007500000000000062,0.005025125628140614,-0.0020263424518742745,-0.007291928589389096,0.0015109544195417435,-0.015617253346554394
2020-11-23,12.35,16.82,20.03,7.95,38.22,0.018136850783182057,0.0023837902264600697,0.014177215189873582,0.0140306122448981,-0.01874197689345325,True,True,True,True,False,-0.02256244963738918,-0.007199999999999984,-0.03993855606758834,0.0061823802163833985,-0.009445100354191216,0.0,-0.02306805074971152,0.00521739130434784,-0.011016524787180737,0.00452716297786715,-0.023095823095823254,-0.0009818360333824216,-0.006337135614702172,0.0012690355329949554,-0.022332506203474045,0.007500000000000062,-0.011421319796954155,-0.0020263424518742745,-0.007291928589389096,0.0015109544195417435
2020-11-24,12.43,17.44,20.47,8.05,37.46,0.006477732793522373,0.0368608799048753,0.02196704942586103,0.012578616352201255,-0.019884877027734116,False,False,False,False,True,0.018136850783182057,-0.02256244963738918,-0.007199999999999984,-0.03993855606758834,0.0023837902264600697,-0.009445100354191216,0.0,-0.02306805074971152,0.014177215189873582,-0.011016524787180737,0.00452716297786715,-0.023095823095823254,0.0140306122448981,-0.006337135614702172,0.0012690355329949554,-0.022332506203474045,-0.01874197689345325,-0.011421319796954155,-0.0020263424518742745,-0.007291928589389096
2020-11-25,12.21,17.15,20.26,8.04,37.64,-0.017699115044247704,-0.01662844036697264,-0.010258915486077047,-0.001242236024844967,0.00480512546716505,False,False,False,False,True,0.006477732793522373,0.018136850783182057,-0.02256244963738918,-0.007199999999999984,0.0368608799048753,0.0023837902264600697,-0.009445100354191216,0.0,0.02196704942586103,0.014177215189873582,-0.011016524787180737,0.00452716297786715,0.012578616352201255,0.0140306122448981,-0.006337135614702172,0.0012690355329949554,-0.019884877027734116,-0.01874197689345325,-0.011421319796954155,-0.0020263424518742745
2020-11-26,12.15,16.86,19.9,7.91,37.83,-0.004914004914004955,-0.016909620991253593,-0.017769002961500635,-0.016169154228855565,0.005047821466524827,False,False,True,True,False,-0.017699115044247704,0.006477732793522373,0.018136850783182057,-0.02256244963738918,-0.01662844036697264,0.0368608799048753,0.0023837902264600697,-0.009445100354191216,-0.010258915486077047,0.02196704942586103,0.014177215189873582,-0.011016524787180737,-0.001242236024844967,0.012578616352201255,0.0140306122448981,-0.006337135614702172,0.00480512546716505,-0.019884877027734116,-0.01874197689345325,-0.011421319796954155
2020-11-27,12.06,16.74,20.08,7.99,37.49,-0.007407407407407418,-0.007117437722420017,0.009045226130653283,0.010113780025284402,-0.008987575997885133,False,False,False,False,False,-0.004914004914004955,-0.017699115044247704,0.006477732793522373,0.018136850783182057,-0.016909620991253593,-0.01662844036697264,0.0368608799048753,0.0023837902264600697,-0.017769002961500635,-0.010258915486077047,0.02196704942586103,0.014177215189873582,-0.016169154228855565,-0.001242236024844967,0.012578616352201255,0.0140306122448981,0.005047821466524827,0.00480512546716505,-0.019884877027734116,-0.01874197689345325
2020-11-30,11.78,16.46,19.8,7.68,35.82,-0.02321724709784423,-0.016726403823177916,-0.013944223107569598,-0.038798498122653347,-0.04454521205654849,True,True,True,True,True,-0.007407407407407418,-0.004914004914004955,-0.017699115044247704,0.006477732793522373,-0.007117437722420017,-0.016909620991253593,-0.01662844036697264,0.0368608799048753,0.009045226130653283,-0.017769002961500635,-0.010258915486077047,0.02196704942586103,0.010113780025284402,-0.016169154228855565,-0.001242236024844967,0.012578616352201255,-0.008987575997885133,0.005047821466524827,0.00480512546716505,-0.019884877027734116
2020-12-01,12.37,17.33,20.59,8.15,35.83,0.05008488964346358,0.05285540704738745,0.03989898989898988,0.06119791666666674,0.0002791736460077132,True,True,False,True,False,-0.02321724709784423,-0.007407407407407418,-0.004914004914004955,-0.017699115044247704,-0.016726403823177916,-0.007117437722420017,-0.016909620991253593,-0.01662844036697264,-0.013944223107569598,0.009045226130653283,-0.017769002961500635,-0.010258915486077047,-0.038798498122653347,0.010113780025284402,-0.016169154228855565,-0.001242236024844967,-0.04454521205654849,-0.008987575997885133,0.005047821466524827,0.00480512546716505
2020-12-02,12.54,17.49,20.61,8.09,35.65,0.013742926434923142,0.009232544720138458,0.0009713453132589311,-0.007361963190184118,-0.005023723137036029,False,False,True,False,True,0.05008488964346358,-0.02321724709784423,-0.007407407407407418,-0.004914004914004955,0.05285540704738745,-0.016726403823177916,-0.007117437722420017,-0.016909620991253593,0.03989898989898988,-0.013944223107569598,0.009045226130653283,-0.017769002961500635,0.06119791666666674,-0.038798498122653347,0.010113780025284402,-0.016169154228855565,0.0002791736460077132,-0.04454521205654849,-0.008987575997885133,0.005047821466524827
2020-12-03,12.38,17.37,20.61,8.27,35.99,-0.012759170653907415,-0.006861063464836947,0.0,0.02224969097651419,0.009537166900420946,True,True,False,True,False,0.013742926434923142,0.05008488964346358,-0.02321724709784423,-0.007407407407407418,0.009232544720138458,0.05285540704738745,-0.016726403823177916,-0.007117437722420017,0.0009713453132589311,0.03989898989898988,-0.013944223107569598,0.009045226130653283,-0.007361963190184118,0.06119791666666674,-0.038798498122653347,0.010113780025284402,-0.005023723137036029,0.0002791736460077132,-0.04454521205654849,-0.008987575997885133
2020-12-04,12.42,17.46,20.72,8.22,34.95,0.003231017770597644,0.005181347150259086,0.005337214944201918,-0.006045949214026458,-0.028896915809947132,True,True,False,True,False,-0.012759170653907415,0.013742926434923142,0.05008488964346358,-0.02321724709784423,-0.006861063464836947,0.009232544720138458,0.05285540704738745,-0.016726403823177916,0.0,0.0009713453132589311,0.03989898989898988,-0.013944223107569598,0.02224969097651419,-0.007361963190184118,0.06119791666666674,-0.038798498122653347,0.009537166900420946,-0.005023723137036029,0.0002791736460077132,-0.04454521205654849
2020-12-07,12.61,17.52,20.78,8.22,34.86,0.015297906602254496,0.0034364261168384758,0.0028957528957529455,0.0,-0.0025751072961374133,True,False,True,False,True,0.003231017770597644,-0.012759170653907415,0.013742926434923142,0.05008488964346358,0.005181347150259086,-0.006861063464836947,0.009232544720138458,0.05285540704738745,0.005337214944201918,0.0,0.0009713453132589311,0.03989898989898988,-0.006045949214026458,0.02224969097651419,-0.007361963190184118,0.06119791666666674,-0.028896915809947132,0.009537166900420946,-0.005023723137036029,0.0002791736460077132
2020-12-08,12.68,17.33,20.64,8.23,35.39,0.0055511498810467685,-0.01084474885844755,-0.006737247353224229,0.0012165450121655041,0.01520367183017779,True,False,False,True,False,0.015297906602254496,0.003231017770597644,-0.012759170653907415,0.013742926434923142,0.0034364261168384758,0.005181347150259086,-0.006861063464836947,0.009232544720138458,0.0028957528957529455,0.005337214944201918,0.0,0.0009713453132589311,0.0,-0.006045949214026458,0.02224969097651419,-0.007361963190184118,-0.0025751072961374133,-0.028896915809947132,0.009537166900420946,-0.005023723137036029
2020-12-09,12.86,17.29,20.86,8.23,34.56,0.014195583596214423,-0.002308136180034559,0.01065891472868219,0.0,-0.023452952811528593,True,True,True,True,False,0.0055511498810467685,0.015297906602254496,0.003231017770597644,-0.012759170653907415,-0.01084474885844755,0.0034364261168384758,0.005181347150259086,-0.006861063464836947,-0.006737247353224229,0.0028957528957529455,0.005337214944201918,0.0,0.0012165450121655041,0.0,-0.006045949214026458,0.02224969097651419,0.01520367183017779,-0.0025751072961374133,-0.028896915809947132,0.009537166900420946
2020-12-10,13.22,18.04,21.47,8.34,34.56,0.02799377916018675,0.04337767495662237,0.029242569511025884,0.013365735115431265,0.0,False,False,True,False,False,0.014195583596214423,0.0055511498810467685,0.015297906602254496,0.003231017770597644,-0.002308136180034559,-0.01084474885844755,0.0034364261168384758,0.005181347150259086,0.01065891472868219,-0.006737247353224229,0.0028957528957529455,0.005337214944201918,0.0,0.0012165450121655041,0.0,-0.006045949214026458,-0.023452952811528593,0.01520367183017779,-0.0025751072961374133,-0.028896915809947132
2020-12-11,13.06,18.02,21.34,8.38,34.56,-0.012102874432677768,-0.0011086474501108556,-0.006054960409874188,0.004796163069544557,0.0,False,True,False,False,False,0.02799377916018675,0.014195583596214423,0.0055511498810467685,0.015297906602254496,0.04337767495662237,-0.002308136180034559,-0.01084474885844755,0.0034364261168384758,0.029242569511025884,0.01065891472868219,-0.006737247353224229,0.0028957528957529455,0.013365735115431265,0.0,0.0012165450121655041,0.0,0.0,-0.023452952811528593,0.01520367183017779,-0.0025751072961374133
2020-12-14,12.91,18.06,21.0,8.38,34.35,-0.011485451761102605,0.002219755826859071,-0.015932521087160256,0.0,-0.006076388888888951,True,True,True,True,True,-0.012102874432677768,0.02799377916018675,0.014195583596214423,0.0055511498810467685,-0.0011086474501108556,0.04337767495662237,-0.002308136180034559,-0.01084474885844755,-0.006054960409874188,0.029242569511025884,0.01065891472868219,-0.006737247353224229,0.004796163069544557,0.013365735115431265,0.0,0.0012165450121655041,0.0,0.0,-0.023452952811528593,0.01520367183017779
2020-12-15,13.11,18.16,21.15,8.46,35.42,0.015491866769945739,0.005537098560354448,0.0071428571428571175,0.009546539379474916,0.031149927219796147,True,True,True,True,True,-0.011485451761102605,-0.012102874432677768,0.02799377916018675,0.014195583596214423,0.002219755826859071,-0.0011086474501108556,0.04337767495662237,-0.002308136180034559,-0.015932521087160256,-0.006054960409874188,0.029242569511025884,0.01065891472868219,0.0,0.004796163069544557,0.013365735115431265,0.0,-0.006076388888888951,0.0,0.0,-0.023452952811528593
2020-12-16,13.33,18.58,21.66,8.53,35.68,0.016781083142639153,0.02312775330396466,0.02411347517730511,0.008274231678486732,0.007340485601355029,True,True,False,False,True,0.015491866769945739,-0.011485451761102605,-0.012102874432677768,0.02799377916018675,0.005537098560354448,0.002219755826859071,-0.0011086474501108556,0.04337767495662237,0.0071428571428571175,-0.015932521087160256,-0.006054960409874188,0.029242569511025884,0.009546539379474916,0.0,0.004796163069544557,0.013365735115431265,0.031149927219796147,-0.006076388888888951,0.0,0.0
2020-12-17,13.53,18.82,21.66,8.53,36.89,0.015003750937734317,0.012917115177610405,0.0,0.0,0.033912556053811604,True,False,True,False,False,0.016781083142639153,0.015491866769945739,-0.011485451761102605,-0.012102874432677768,0.02312775330396466,0.005537098560354448,0.002219755826859071,-0.0011086474501108556,0.02411347517730511,0.0071428571428571175,-0.015932521087160256,-0.006054960409874188,0.008274231678486732,0.009546539379474916,0.0,0.004796163069544557,0.007340485601355029,0.031149927219796147,-0.006076388888888951,0.0
2020-12-18,13.71,18.67,21.62,8.54,35.47,0.01330376940133049,-0.007970244420828831,-0.001846722068328699,0.0011723329425556983,-0.038492816481431325,False,False,False,False,False,0.015003750937734317,0.016781083142639153,0.015491866769945739,-0.011485451761102605,0.012917115177610405,0.02312775330396466,0.005537098560354448,0.002219755826859071,0.0,0.02411347517730511,0.0071428571428571175,-0.015932521087160256,0.0,0.008274231678486732,0.009546539379474916,0.0,0.033912556053811604,0.007340485601355029,0.031149927219796147,-0.006076388888888951
2020-12-21,13.33,18.22,21.13,8.53,35.07,-0.027716994894237845,-0.024102838778789604,-0.02266419981498624,-0.0011709601873536313,-0.01127713560755561,True,True,False,True,True,0.01330376940133049,0.015003750937734317,0.016781083142639153,0.015491866769945739,-0.007970244420828831,0.012917115177610405,0.02312775330396466,0.005537098560354448,-0.001846722068328699,0.0,0.02411347517730511,0.0071428571428571175,0.0011723329425556983,0.0,0.008274231678486732,0.009546539379474916,-0.038492816481431325,0.033912556053811604,0.007340485601355029,0.031149927219796147
2020-12-22,13.41,18.51,21.26,8.43,35.47,0.006001500375093727,0.01591657519209666,0.006152389966871841,-0.011723329425556872,0.01140575990875381,False,True,True,True,False,-0.027716994894237845,0.01330376940133049,0.015003750937734317,0.016781083142639153,-0.024102838778789604,-0.007970244420828831,0.012917115177610405,0.02312775330396466,-0.02266419981498624,-0.001846722068328699,0.0,0.02411347517730511,-0.0011709601873536313,0.0011723329425556983,0.0,0.008274231678486732,-0.01127713560755561,-0.038492816481431325,0.033912556053811604,0.007340485601355029
2020-12-23,13.4,18.9,21.59,8.64,35.37,-0.0007457121551081025,0.021069692058346634,0.015522107243649996,0.02491103202846978,-0.0028192839018890137,True,True,True,True,True,0.006001500375093727,-0.027716994894237845,0.01330376940133049,0.015003750937734317,0.01591657519209666,-0.024102838778789604,-0.007970244420828831,0.012917115177610405,0.006152389966871841,-0.02266419981498624,-0.001846722068328699,0.0,-0.011723329425556872,-0.0011709601873536313,0.0011723329425556983,0.0,0.01140575990875381,-0.01127713560755561,-0.038492816481431325,0.033912556053811604
2020-12-28,13.64,19.06,21.92,8.66,36.77,0.017910447761193993,0.00846560846560851,0.015284854099119949,0.0023148148148146586,0.03958156629912368,True,False,True,False,False,-0.0007457121551081025,0.006001500375093727,-0.027716994894237845,0.01330376940133049,0.021069692058346634,0.01591657519209666,-0.024102838778789604,-0.007970244420828831,0.015522107243649996,0.006152389966871841,-0.02266419981498624,-0.001846722068328699,0.02491103202846978,-0.011723329425556872,-0.0011709601873536313,0.0011723329425556983,-0.0028192839018890137,0.01140575990875381,-0.01127713560755561,-0.038492816481431325
2020-12-29,13.79,19.06,21.83,8.77,36.6,0.010997067448680342,0.0,-0.0041058394160585765,0.01270207852193983,-0.004623334239869492,False,False,False,False,True,0.017910447761193993,-0.0007457121551081025,0.006001500375093727,-0.027716994894237845,0.00846560846560851,0.021069692058346634,0.01591657519209666,-0.024102838778789604,0.015284854099119949,0.015522107243649996,0.006152389966871841,-0.02266419981498624,0.0023148148148146586,0.02491103202846978,-0.011723329425556872,-0.0011709601873536313,0.03958156629912368,-0.0028192839018890137,0.01140575990875381,-0.01127713560755561
2020-12-30,13.53,18.69,21.53,8.68,36.89,-0.018854242204496052,-0.019412381951731228,-0.013742556115437288,-0.010262257696693311,0.007923497267759538,False,False,False,False,False,0.010997067448680342,0.017910447761193993,-0.0007457121551081025,0.006001500375093727,0.0,0.00846560846560851,0.021069692058346634,0.01591657519209666,-0.0041058394160585765,0.015284854099119949,0.015522107243649996,0.006152389966871841,0.01270207852193983,0.0023148148148146586,0.02491103202846978,-0.011723329425556872,-0.004623334239869492,0.03958156629912368,-0.0028192839018890137,0.01140575990875381
2021-01-04,13.39,18.23,21.17,8.61,36.35,-0.010347376201034653,-0.02461209202782244,-0.016720854621458447,-0.008064516129032251,-0.014638113309839995,True,False,False,False,True,-0.018854242204496052,0.010997067448680342,0.017910447761193993,-0.0007457121551081025,-0.019412381951731228,0.0,0.00846560846560851,0.021069692058346634,-0.013742556115437288,-0.0041058394160585765,0.015284854099119949,0.015522107243649996,-0.010262257696693311,0.01270207852193983,0.0023148148148146586,0.02491103202846978,0.007923497267759538,-0.004623334239869492,0.03958156629912368,-0.0028192839018890137
2021-01-05,13.67,18.14,21.12,8.54,38.58,0.020911127707244237,-0.004936917169500843,-0.002361832782239004,-0.008130081300813052,0.06134800550206321,True,True,True,True,True,-0.010347376201034653,-0.018854242204496052,0.010997067448680342,0.017910447761193993,-0.02461209202782244,-0.019412381951731228,0.0,0.00846560846560851,-0.016720854621458447,-0.013742556115437288,-0.0041058394160585765,0.015284854099119949,-0.008064516129032251,-0.010262257696693311,0.01270207852193983,0.0023148148148146586,-0.014638113309839995,0.007923497267759538,-0.004623334239869492,0.03958156629912368
2021-01-06,13.88,18.52,21.6,8.58,39.72,0.015362106803218811,0.02094818081587646,0.022727272727272707,0.004683840749414525,0.029548989113530322,False,True,True,True,True,0.020911127707244237,-0.010347376201034653,-0.018854242204496052,0.010997067448680342,-0.004936917169500843,-0.02461209202782244,-0.019412381951731228,0.0,-0.002361832782239004,-0.016720854621458447,-0.013742556115437288,-0.0041058394160585765,-0.008130081300813052,-0.008064516129032251,-0.010262257696693311,0.01270207852193983,0.06134800550206321,-0.014638113309839995,0.007923497267759538,-0.004623334239869492
2021-01-07,13.88,19.05,22.29,8.87,41.24,0.0,0.028617710583153322,0.03194444444444433,0.0337995337995336,0.038267875125881146,True,False,False,True,True,0.015362106803218811,0.020911127707244237,-0.010347376201034653,-0.018854242204496052,0.02094818081587646,-0.004936917169500843,-0.02461209202782244,-0.019412381951731228,0.022727272727272707,-0.002361832782239004,-0.016720854621458447,-0.013742556115437288,0.004683840749414525,-0.008130081300813052,-0.008064516129032251,-0.010262257696693311,0.029548989113530322,0.06134800550206321,-0.014638113309839995,0.007923497267759538
2021-01-08,14.29,18.9,22.36,8.79,43.73,0.029538904899135243,-0.007874015748031593,0.003140421713772934,-0.009019165727170209,0.06037827352085334,False,False,False,False,False,0.0,0.015362106803218811,0.020911127707244237,-0.010347376201034653,0.028617710583153322,0.02094818081587646,-0.004936917169500843,-0.02461209202782244,0.03194444444444433,0.022727272727272707,-0.002361832782239004,-0.016720854621458447,0.0337995337995336,0.004683840749414525,-0.008130081300813052,-0.008064516129032251,0.038267875125881146,0.029548989113530322,0.06134800550206321,-0.014638113309839995
2021-01-11,13.92,18.62,21.92,8.51,42.39,-0.025892232330300802,-0.014814814814814725,-0.019677996422182376,-0.03185437997724683,-0.030642579464898123,True,True,True,True,True,0.029538904899135243,0.0,0.015362106803218811,0.020911127707244237,-0.007874015748031593,0.028617710583153322,0.02094818081587646,-0.004936917169500843,0.003140421713772934,0.03194444444444433,0.022727272727272707,-0.002361832782239004,-0.009019165727170209,0.0337995337995336,0.004683840749414525,-0.008130081300813052,0.06037827352085334,0.038267875125881146,0.029548989113530322,0.06134800550206321
2021-01-12,14.53,18.63,22.01,8.6,43.87,0.04382183908045967,0.0005370569280342963,0.0041058394160584655,0.010575793184488758,0.034913894786506194,False,False,False,False,True,-0.025892232330300802,0.029538904899135243,0.0,0.015362106803218811,-0.014814814814814725,-0.007874015748031593,0.028617710583153322,0.02094818081587646,-0.019677996422182376,0.003140421713772934,0.03194444444444433,0.022727272727272707,-0.03185437997724683,-0.009019165727170209,0.0337995337995336,0.004683840749414525,-0.030642579464898123,0.06037827352085334,0.038267875125881146,0.029548989113530322
2021-01-13,13.98,18.28,21.67,8.56,43.97,-0.037852718513420425,-0.01878690284487372,-0.015447523852794132,-0.0046511627906975495,0.0022794620469570592,True,True,True,True,False,0.04382183908045967,-0.025892232330300802,0.029538904899135243,0.0,0.0005370569280342963,-0.014814814814814725,-0.007874015748031593,0.028617710583153322,0.0041058394160584655,-0.019677996422182376,0.003140421713772934,0.03194444444444433,0.010575793184488758,-0.03185437997724683,-0.009019165727170209,0.0337995337995336,0.034913894786506194,-0.030642579464898123,0.06037827352085334,0.038267875125881146
2021-01-14,14.13,18.86,22.15,8.83,43.77,0.010729613733905685,0.03172866520787743,0.02215043839409314,0.031542056074766345,-0.0045485558335227605,False,False,False,False,False,-0.037852718513420425,0.04382183908045967,-0.025892232330300802,0.029538904899135243,-0.01878690284487372,0.0005370569280342963,-0.014814814814814725,-0.007874015748031593,-0.015447523852794132,0.0041058394160584655,-0.019677996422182376,0.003140421713772934,-0.0046511627906975495,0.010575793184488758,-0.03185437997724683,-0.009019165727170209,0.0022794620469570592,0.034913894786506194,-0.030642579464898123,0.06037827352085334
2021-01-15,13.86,18.16,21.51,8.49,41.97,-0.019108280254777177,-0.03711558854718977,-0.028893905191873404,-0.03850509626274068,-0.04112405757368065,True,True,False,False,True,0.010729613733905685,-0.037852718513420425,0.04382183908045967,-0.025892232330300802,0.03172866520787743,-0.01878690284487372,0.0005370569280342963,-0.014814814814814725,0.02215043839409314,-0.015447523852794132,0.0041058394160584655,-0.019677996422182376,0.031542056074766345,-0.0046511627906975495,0.010575793184488758,-0.03185437997724683,-0.0045485558335227605,0.0022794620469570592,0.034913894786506194,-0.030642579464898123
2021-01-18,14.09,18.24,21.44,8.49,44.91,0.016594516594516717,0.004405286343612147,-0.0032543003254300595,0.0,0.07005003573981416,True,False,False,False,False,-0.019108280254777177,0.010729613733905685,-0.037852718513420425,0.04382183908045967,-0.03711558854718977,0.03172866520787743,-0.01878690284487372,0.0005370569280342963,-0.028893905191873404,0.02215043839409314,-0.015447523852794132,0.0041058394160584655,-0.03850509626274068,0.031542056074766345,-0.0046511627906975495,0.010575793184488758,-0.04112405757368065,-0.0045485558335227605,0.0022794620469570592,0.034913894786506194
2021-01-19,14.14,17.9,21.27,8.37,43.64,0.0035486160397446564,-0.018640350877192957,-0.00792910447761197,-0.014134275618374659,-0.028278779781785723,False,False,False,False,False,0.016594516594516717,-0.019108280254777177,0.010729613733905685,-0.037852718513420425,0.004405286343612147,-0.03711558854718977,0.03172866520787743,-0.01878690284487372,-0.0032543003254300595,-0.028893905191873404,0.02215043839409314,-0.015447523852794132,0.0,-0.03850509626274068,0.031542056074766345,-0.0046511627906975495,0.07005003573981416,-0.04112405757368065,-0.0045485558335227605,0.0022794620469570592
2021-01-20,13.92,17.54,20.95,8.37,43.2,-0.015558698727015652,-0.020111731843575398,-0.015044663845792172,0.0,-0.010082493125572856,False,False,False,False,False,0.0035486160397446564,0.016594516594516717,-0.019108280254777177,0.010729613733905685,-0.018640350877192957,0.004405286343612147,-0.03711558854718977,0.03172866520787743,-0.00792910447761197,-0.0032543003254300595,-0.028893905191873404,0.02215043839409314,-0.014134275618374659,0.0,-0.03850509626274068,0.031542056074766345,-0.028278779781785723,0.07005003573981416,-0.04112405757368065,-0.0045485558335227605
2021-01-21,13.56,17.23,20.63,8.25,42.69,-0.025862068965517238,-0.01767388825541616,-0.015274463007159955,-0.014336917562723928,-0.011805555555555625,False,False,False,False,True,-0.015558698727015652,0.0035486160397446564,0.016594516594516717,-0.019108280254777177,-0.020111731843575398,-0.018640350877192957,0.004405286343612147,-0.03711558854718977,-0.015044663845792172,-0.00792910447761197,-0.0032543003254300595,-0.028893905191873404,0.0,-0.014134275618374659,0.0,-0.03850509626274068,-0.010082493125572856,-0.028278779781785723,0.07005003573981416,-0.04112405757368065
2021-01-22,13.16,16.94,20.12,8.23,43.33,-0.029498525073746285,-0.016831108531630834,-0.024721279689772113,-0.002424242424242329,0.014991801358632095,True,False,False,False,False,-0.025862068965517238,-0.015558698727015652,0.0035486160397446564,0.016594516594516717,-0.01767388825541616,-0.020111731843575398,-0.018640350877192957,0.004405286343612147,-0.015274463007159955,-0.015044663845792172,-0.00792910447761197,-0.0032543003254300595,-0.014336917562723928,0.0,-0.014134275618374659,0.0,-0.011805555555555625,-0.010082493125572856,-0.028278779781785723,0.07005003573981416
2021-01-26,13.38,16.58,19.7,8.14,43.32,0.016717325227963542,-0.02125147579693054,-0.020874751491053778,-0.010935601458080146,-0.00023078698361411742,False,True,True,True,False,-0.029498525073746285,-0.025862068965517238,-0.015558698727015652,0.0035486160397446564,-0.016831108531630834,-0.01767388825541616,-0.020111731843575398,-0.018640350877192957,-0.024721279689772113,-0.015274463007159955,-0.015044663845792172,-0.00792910447761197,-0.002424242424242329,-0.014336917562723928,0.0,-0.014134275618374659,0.014991801358632095,-0.011805555555555625,-0.010082493125572856,-0.028278779781785723
2021-01-27,13.37,16.72,19.77,8.17,42.98,-0.0007473841554560545,0.008443908323281013,0.0035532994923856975,0.0036855036855036882,-0.007848568790397081,True,True,True,True,False,0.016717325227963542,-0.029498525073746285,-0.025862068965517238,-0.015558698727015652,-0.02125147579693054,-0.016831108531630834,-0.01767388825541616,-0.020111731843575398,-0.020874751491053778,-0.024721279689772113,-0.015274463007159955,-0.015044663845792172,-0.010935601458080146,-0.002424242424242329,-0.014336917562723928,0.0,-0.00023078698361411742,0.014991801358632095,-0.011805555555555625,-0.010082493125572856
2021-01-28,13.5,17.23,20.53,8.31,42.85,0.00972326103216159,0.03050239234449781,0.03844208396560456,0.017135862913096656,-0.003024662633783093,False,False,False,False,False,-0.0007473841554560545,0.016717325227963542,-0.029498525073746285,-0.025862068965517238,0.008443908323281013,-0.02125147579693054,-0.016831108531630834,-0.01767388825541616,0.0035532994923856975,-0.020874751491053778,-0.024721279689772113,-0.015274463007159955,0.0036855036855036882,-0.010935601458080146,-0.002424242424242329,-0.014336917562723928,-0.007848568790397081,-0.00023078698361411742,0.014991801358632095,-0.011805555555555625
2021-01-29,13.13,16.72,19.95,8.19,40.81,-0.027407407407407325,-0.029599535693557888,-0.028251339503166162,-0.014440433212996484,-0.04760793465577595,True,True,True,True,True,0.00972326103216159,-0.0007473841554560545,0.016717325227963542,-0.029498525073746285,0.03050239234449781,0.008443908323281013,-0.02125147579693054,-0.016831108531630834,0.03844208396560456,0.0035532994923856975,-0.020874751491053778,-0.024721279689772113,0.017135862913096656,0.0036855036855036882,-0.010935601458080146,-0.002424242424242329,-0.003024662633783093,-0.007848568790397081,-0.00023078698361411742,0.014991801358632095
2021-02-01,13.55,17.08,20.35,8.21,41.18,0.031987814166031914,0.021531100478468845,0.020050125313283207,0.0024420024420026554,0.009066405292820434,True,False,True,False,True,-0.027407407407407325,0.00972326103216159,-0.0007473841554560545,0.016717325227963542,-0.029599535693557888,0.03050239234449781,0.008443908323281013,-0.02125147579693054,-0.028251339503166162,0.03844208396560456,0.0035532994923856975,-0.020874751491053778,-0.014440433212996484,0.017135862913096656,0.0036855036855036882,-0.010935601458080146,-0.04760793465577595,-0.003024662633783093,-0.007848568790397081,-0.00023078698361411742
2021-02-02,13.56,17.05,20.05,8.35,41.4,0.0007380073800737907,-0.0017564402810302804,-0.014742014742014753,0.017052375152253108,0.005342399222923788,True,True,False,False,True,0.031987814166031914,-0.027407407407407325,0.00972326103216159,-0.0007473841554560545,0.021531100478468845,-0.029599535693557888,0.03050239234449781,0.008443908323281013,0.020050125313283207,-0.028251339503166162,0.03844208396560456,0.0035532994923856975,0.0024420024420026554,-0.014440433212996484,0.017135862913096656,0.0036855036855036882,0.009066405292820434,-0.04760793465577595,-0.003024662633783093,-0.007848568790397081
2021-02-03,13.62,17.15,19.98,8.31,43.19,0.004424778761061843,0.00586510263929596,-0.003491271820448838,-0.004790419161676551,0.04323671497584547,False,True,False,False,False,0.0007380073800737907,0.031987814166031914,-0.027407407407407325,0.00972326103216159,-0.0017564402810302804,0.021531100478468845,-0.029599535693557888,0.03050239234449781,-0.014742014742014753,0.020050125313283207,-0.028251339503166162,0.03844208396560456,0.017052375152253108,0.0024420024420026554,-0.014440433212996484,0.017135862913096656,0.005342399222923788,0.009066405292820434,-0.04760793465577595,-0.003024662633783093
2021-02-04,13.55,17.68,19.9,8.26,41.68,-0.0051395007342143195,0.03090379008746358,-0.004004004004004136,-0.006016847172081952,-0.0349617967122019,False,False,True,False,False,0.004424778761061843,0.0007380073800737907,0.031987814166031914,-0.027407407407407325,0.00586510263929596,-0.0017564402810302804,0.021531100478468845,-0.029599535693557888,-0.003491271820448838,-0.014742014742014753,0.020050125313283207,-0.028251339503166162,-0.004790419161676551,0.017052375152253108,0.0024420024420026554,-0.014440433212996484,0.04323671497584547,0.005342399222923788,0.009066405292820434,-0.04760793465577595
2021-02-05,13.48,17.56,19.8,8.3,41.16,-0.005166051660516646,-0.006787330316742168,-0.005025125628140614,0.004842615012106588,-0.01247600767754331,False,False,False,False,True,-0.0051395007342143195,0.004424778761061843,0.0007380073800737907,0.031987814166031914,0.03090379008746358,0.00586510263929596,-0.0017564402810302804,0.021531100478468845,-0.004004004004004136,-0.003491271820448838,-0.014742014742014753,0.020050125313283207,-0.006016847172081952,-0.004790419161676551,0.017052375152253108,0.0024420024420026554,-0.0349617967122019,0.04323671497584547,0.005342399222923788,0.009066405292820434
2021-02-08,12.98,17.25,19.44,8.17,41.64,-0.0370919881305638,-0.01765375854214113,-0.018181818181818188,-0.015662650602409678,0.011661807580175099,True,True,True,True,False,-0.005166051660516646,-0.0051395007342143195,0.004424778761061843,0.0007380073800737907,-0.006787330316742168,0.03090379008746358,0.00586510263929596,-0.0017564402810302804,-0.005025125628140614,-0.004004004004004136,-0.003491271820448838,-0.014742014742014753,0.004842615012106588,-0.006016847172081952,-0.004790419161676551,0.017052375152253108,-0.01247600767754331,-0.0349617967122019,0.04323671497584547,0.005342399222923788
2021-02-09,13.0,17.41,19.56,8.18,41.41,0.0015408320493066618,0.00927536231884063,0.006172839506172645,0.001223990208078396,-0.005523535062440077,True,False,False,False,True,-0.0370919881305638,-0.005166051660516646,-0.0051395007342143195,0.004424778761061843,-0.01765375854214113,-0.006787330316742168,0.03090379008746358,0.00586510263929596,-0.018181818181818188,-0.005025125628140614,-0.004004004004004136,-0.003491271820448838,-0.015662650602409678,0.004842615012106588,-0.006016847172081952,-0.004790419161676551,0.011661807580175099,-0.01247600767754331,-0.0349617967122019,0.04323671497584547
2021-02-10,13.04,17.24,19.43,8.08,41.9,0.003076923076922977,-0.009764503159104043,-0.00664621676891608,-0.012224938875305624,0.011832890606133795,False,True,True,True,True,0.0015408320493066618,-0.0370919881305638,-0.005166051660516646,-0.0051395007342143195,0.00927536231884063,-0.01765375854214113,-0.006787330316742168,0.03090379008746358,0.006172839506172645,-0.018181818181818188,-0.005025125628140614,-0.004004004004004136,0.001223990208078396,-0.015662650602409678,0.004842615012106588,-0.006016847172081952,-0.005523535062440077,0.011661807580175099,-0.01247600767754331,-0.0349617967122019
2021-02-11,12.99,17.29,19.44,8.1,42.37,-0.0038343558282207812,0.0029002320185615993,0.0005146680391148184,0.0024752475247524774,0.011217183770882988,False,True,False,False,False,0.003076923076922977,0.0015408320493066618,-0.0370919881305638,-0.005166051660516646,-0.009764503159104043,0.00927536231884063,-0.01765375854214113,-0.006787330316742168,-0.00664621676891608,0.006172839506172645,-0.018181818181818188,-0.005025125628140614,-0.012224938875305624,0.001223990208078396,-0.015662650602409678,0.004842615012106588,0.011832890606133795,-0.005523535062440077,0.011661807580175099,-0.01247600767754331
2021-02-12,12.85,17.32,19.42,8.06,42.21,-0.010777521170130866,0.001735106998264957,-0.0010288065843621075,-0.004938271604938205,-0.0037762567854613405,True,False,False,True,False,-0.0038343558282207812,0.003076923076922977,0.0015408320493066618,-0.0370919881305638,0.0029002320185615993,-0.009764503159104043,0.00927536231884063,-0.01765375854214113,0.0005146680391148184,-0.00664621676891608,0.006172839506172645,-0.018181818181818188,0.0024752475247524774,-0.012224938875305624,0.001223990208078396,-0.015662650602409678,0.011217183770882988,0.011832890606133795,-0.005523535062440077,0.011661807580175099
2021-02-17,13.27,17.15,19.47,8.05,40.89,0.03268482490272384,-0.009815242494226384,0.002574665293511691,-0.001240694789081842,-0.03127221037668804,False,False,False,False,False,-0.010777521170130866,-0.0038343558282207812,0.003076923076922977,0.0015408320493066618,0.001735106998264957,0.0029002320185615993,-0.009764503159104043,0.00927536231884063,-0.0010288065843621075,0.0005146680391148184,-0.00664621676891608,0.006172839506172645,-0.004938271604938205,0.0024752475247524774,-0.012224938875305624,0.001223990208078396,-0.0037762567854613405,0.011217183770882988,0.011832890606133795,-0.005523535062440077
2021-02-18,12.85,16.91,19.46,8.02,40.61,-0.03165033911077619,-0.013994169096209874,-0.0005136106831020726,-0.003726708074534346,-0.00684764000978233,True,False,False,False,False,0.03268482490272384,-0.010777521170130866,-0.0038343558282207812,0.003076923076922977,-0.009815242494226384,0.001735106998264957,0.0029002320185615993,-0.009764503159104043,0.002574665293511691,-0.0010288065843621075,0.0005146680391148184,-0.00664621676891608,-0.001240694789081842,-0.004938271604938205,0.0024752475247524774,-0.012224938875305624,-0.03127221037668804,-0.0037762567854613405,0.011217183770882988,0.011832890606133795
2021-02-19,12.94,16.85,19.3,7.99,40.54,0.007003891050583633,-0.003548196333530429,-0.008221993833504637,-0.0037406483790523026,-0.0017237133710908958,False,False,False,False,False,-0.03165033911077619,0.03268482490272384,-0.010777521170130866,-0.0038343558282207812,-0.013994169096209874,-0.009815242494226384,0.001735106998264957,0.0029002320185615993,-0.0005136106831020726,0.002574665293511691,-0.0010288065843621075,0.0005146680391148184,-0.003726708074534346,-0.001240694789081842,-0.004938271604938205,0.0024752475247524774,-0.00684764000978233,-0.03127221037668804,-0.0037762567854613405,0.011217183770882988
2021-02-22,12.67,15.89,18.23,7.86,40.29,-0.02086553323029361,-0.056973293768545985,-0.05544041450777204,-0.016270337922402955,-0.006166748889985252,True,True,True,True,True,0.007003891050583633,-0.03165033911077619,0.03268482490272384,-0.010777521170130866,-0.003548196333530429,-0.013994169096209874,-0.009815242494226384,0.001735106998264957,-0.008221993833504637,-0.0005136106831020726,0.002574665293511691,-0.0010288065843621075,-0.0037406483790523026,-0.003726708074534346,-0.001240694789081842,-0.004938271604938205,-0.0017237133710908958,-0.00684764000978233,-0.03127221037668804,-0.0037762567854613405
2021-02-23,12.76,16.62,19.29,7.96,40.75,0.00710339384372527,0.04594084329767156,0.058145913329676224,0.012722646310432628,0.011417225117895224,False,False,True,False,True,-0.02086553323029361,0.007003891050583633,-0.03165033911077619,0.03268482490272384,-0.056973293768545985,-0.003548196333530429,-0.013994169096209874,-0.009815242494226384,-0.05544041450777204,-0.008221993833504637,-0.0005136106831020726,0.002574665293511691,-0.016270337922402955,-0.0037406483790523026,-0.003726708074534346,-0.001240694789081842,-0.006166748889985252,-0.0017237133710908958,-0.00684764000978233,-0.03127221037668804
2021-02-24,12.75,16.51,18.92,7.99,42.23,-0.0007836990595611049,-0.006618531889289958,-0.019180922757905505,0.0037688442211054607,0.03631901840490781,False,False,False,False,False,0.00710339384372527,-0.02086553323029361,0.007003891050583633,-0.03165033911077619,0.04594084329767156,-0.056973293768545985,-0.003548196333530429,-0.013994169096209874,0.058145913329676224,-0.05544041450777204,-0.008221993833504637,-0.0005136106831020726,0.012722646310432628,-0.016270337922402955,-0.0037406483790523026,-0.003726708074534346,0.011417225117895224,-0.006166748889985252,-0.0017237133710908958,-0.00684764000978233
2021-02-25,12.31,16.09,18.41,7.79,38.72,-0.03450980392156855,-0.025439127801332617,-0.026955602536997914,-0.0250312891113893,-0.08311626805588446,False,False,False,False,False,-0.0007836990595611049,0.00710339384372527,-0.02086553323029361,0.007003891050583633,-0.006618531889289958,0.04594084329767156,-0.056973293768545985,-0.003548196333530429,-0.019180922757905505,0.058145913329676224,-0.05544041450777204,-0.008221993833504637,0.0037688442211054607,0.012722646310432628,-0.016270337922402955,-0.0037406483790523026,0.03631901840490781,0.011417225117895224,-0.006166748889985252,-0.0017237133710908958
2021-02-26,12.18,15.94,18.18,7.65,38.02,-0.010560519902518384,-0.009322560596643936,-0.012493210211841466,-0.01797175866495504,-0.018078512396694113,False,False,False,False,True,-0.03450980392156855,-0.0007836990595611049,0.00710339384372527,-0.02086553323029361,-0.025439127801332617,-0.006618531889289958,0.04594084329767156,-0.056973293768545985,-0.026955602536997914,-0.019180922757905505,0.058145913329676224,-0.05544041450777204,-0.0250312891113893,0.0037688442211054607,0.012722646310432628,-0.016270337922402955,-0.08311626805588446,0.03631901840490781,0.011417225117895224,-0.006166748889985252
2021-03-01,11.96,15.42,17.67,7.44,38.16,-0.018062397372742067,-0.03262233375156831,-0.028052805280527893,-0.027450980392156876,0.0036822724881639957,True,True,True,True,False,-0.010560519902518384,-0.03450980392156855,-0.0007836990595611049,0.00710339384372527,-0.009322560596643936,-0.025439127801332617,-0.006618531889289958,0.04594084329767156,-0.012493210211841466,-0.026955602536997914,-0.019180922757905505,0.058145913329676224,-0.01797175866495504,-0.0250312891113893,0.0037688442211054607,0.012722646310432628,-0.018078512396694113,-0.08311626805588446,0.03631901840490781,0.011417225117895224
2021-03-02,12.16,15.69,18.31,7.68,37.7,0.01672240802675584,0.017509727626459082,0.036219581211092144,0.032258064516129004,-0.012054507337526,True,True,True,False,False,-0.018062397372742067,-0.010560519902518384,-0.03450980392156855,-0.0007836990595611049,-0.03262233375156831,-0.009322560596643936,-0.025439127801332617,-0.006618531889289958,-0.028052805280527893,-0.012493210211841466,-0.026955602536997914,-0.019180922757905505,-0.027450980392156876,-0.01797175866495504,-0.0250312891113893,0.0037688442211054607,0.0036822724881639957,-0.018078512396694113,-0.08311626805588446,0.03631901840490781
2021-03-03,12.31,16.01,18.31,7.75,37.67,0.012335526315789602,0.020395156150414318,0.0,0.009114583333333481,-0.0007957559681698312,True,True,True,True,False,0.01672240802675584,-0.018062397372742067,-0.010560519902518384,-0.03450980392156855,0.017509727626459082,-0.03262233375156831,-0.009322560596643936,-0.025439127801332617,0.036219581211092144,-0.028052805280527893,-0.012493210211841466,-0.026955602536997914,0.032258064516129004,-0.027450980392156876,-0.01797175866495504,-0.0250312891113893,-0.012054507337526,0.0036822724881639957,-0.018078512396694113,-0.08311626805588446
2021-03-04,12.84,16.54,18.66,7.89,35.83,0.04305442729488207,0.0331043098063708,0.01911523757509559,0.01806451612903226,-0.04884523493496162,True,True,True,True,False,0.012335526315789602,0.01672240802675584,-0.018062397372742067,-0.010560519902518384,0.020395156150414318,0.017509727626459082,-0.03262233375156831,-0.009322560596643936,0.0,0.036219581211092144,-0.028052805280527893,-0.012493210211841466,0.009114583333333481,0.032258064516129004,-0.027450980392156876,-0.01797175866495504,-0.0007957559681698312,-0.012054507337526,0.0036822724881639957,-0.018078512396694113
2021-03-05,13.1,17.45,19.32,8.04,35.74,0.02024922118380057,0.0550181378476422,0.03536977491961424,0.019011406844106293,-0.0025118615685179035,False,False,False,False,False,0.04305442729488207,0.012335526315789602,0.01672240802675584,-0.018062397372742067,0.0331043098063708,0.020395156150414318,0.017509727626459082,-0.03262233375156831,0.01911523757509559,0.0,0.036219581211092144,-0.028052805280527893,0.01806451612903226,0.009114583333333481,0.032258064516129004,-0.027450980392156876,-0.04884523493496162,-0.0007957559681698312,-0.012054507337526,0.0036822724881639957
2021-03-08,12.76,16.77,18.66,7.65,33.83,-0.025954198473282397,-0.03896848137535813,-0.03416149068322982,-0.04850746268656703,-0.05344152210408515,True,True,True,True,True,0.02024922118380057,0.04305442729488207,0.012335526315789602,0.01672240802675584,0.0550181378476422,0.0331043098063708,0.020395156150414318,0.017509727626459082,0.03536977491961424,0.01911523757509559,0.0,0.036219581211092144,0.019011406844106293,0.01806451612903226,0.009114583333333481,0.032258064516129004,-0.0025118615685179035,-0.04884523493496162,-0.0007957559681698312,-0.012054507337526
2021-03-09,13.17,16.8,18.9,7.82,34.98,0.03213166144200619,0.0017889087656530744,0.012861736334405016,0.022222222222222143,0.03399349689624587,True,True,True,True,True,-0.025954198473282397,0.02024922118380057,0.04305442729488207,0.012335526315789602,-0.03896848137535813,0.0550181378476422,0.0331043098063708,0.020395156150414318,-0.03416149068322982,0.03536977491961424,0.01911523757509559,0.0,-0.04850746268656703,0.019011406844106293,0.01806451612903226,0.009114583333333481,-0.05344152210408515,-0.0025118615685179035,-0.04884523493496162,-0.0007957559681698312
2021-03-10,13.27,17.05,19.02,7.96,35.36,0.007593014426727329,0.014880952380952328,0.006349206349206327,0.01790281329923271,0.010863350485992074,False,True,False,True,False,0.03213166144200619,-0.025954198473282397,0.02024922118380057,0.04305442729488207,0.0017889087656530744,-0.03896848137535813,0.0550181378476422,0.0331043098063708,0.012861736334405016,-0.03416149068322982,0.03536977491961424,0.01911523757509559,0.022222222222222143,-0.04850746268656703,0.019011406844106293,0.01806451612903226,0.03399349689624587,-0.05344152210408515,-0.0025118615685179035,-0.04884523493496162
2021-03-11,13.11,17.39,19.08,7.81,35.19,-0.012057272042200418,0.01994134897360711,0.003154574132492094,-0.018844221105527637,-0.004807692307692402,False,False,True,False,False,0.007593014426727329,0.03213166144200619,-0.025954198473282397,0.02024922118380057,0.014880952380952328,0.0017889087656530744,-0.03896848137535813,0.0550181378476422,0.006349206349206327,0.012861736334405016,-0.03416149068322982,0.03536977491961424,0.01790281329923271,0.022222222222222143,-0.04850746268656703,0.019011406844106293,0.010863350485992074,0.03399349689624587,-0.05344152210408515,-0.0025118615685179035
2021-03-12,13.06,17.15,19.0,7.84,34.81,-0.0038138825324178782,-0.013801035077630974,-0.004192872117400381,0.003841229193341844,-0.01079852230747358,True,True,False,True,True,-0.012057272042200418,0.007593014426727329,0.03213166144200619,-0.025954198473282397,0.01994134897360711,0.014880952380952328,0.0017889087656530744,-0.03896848137535813,0.003154574132492094,0.006349206349206327,0.012861736334405016,-0.03416149068322982,-0.018844221105527637,0.01790281329923271,0.022222222222222143,-0.04850746268656703,-0.004807692307692402,0.010863350485992074,0.03399349689624587,-0.05344152210408515
2021-03-15,13.29,17.32,19.18,7.8,35.82,0.01761102603369058,0.009912536443148712,0.0094736842105263,-0.005102040816326481,0.029014650962366995,False,False,False,False,True,-0.0038138825324178782,-0.012057272042200418,0.007593014426727329,0.03213166144200619,-0.013801035077630974,0.01994134897360711,0.014880952380952328,0.0017889087656530744,-0.004192872117400381,0.003154574132492094,0.006349206349206327,0.012861736334405016,0.003841229193341844,-0.018844221105527637,0.01790281329923271,0.022222222222222143,-0.01079852230747358,-0.004807692307692402,0.010863350485992074,0.03399349689624587
2021-03-16,13.08,17.01,18.93,7.74,35.91,-0.015801354401805856,-0.017898383371824367,-0.013034410844629862,-0.007692307692307665,0.002512562814070307,True,True,True,True,False,0.01761102603369058,-0.0038138825324178782,-0.012057272042200418,0.007593014426727329,0.009912536443148712,-0.013801035077630974,0.01994134897360711,0.014880952380952328,0.0094736842105263,-0.004192872117400381,0.003154574132492094,0.006349206349206327,-0.005102040816326481,0.003841229193341844,-0.018844221105527637,0.01790281329923271,0.029014650962366995,-0.01079852230747358,-0.004807692307692402,0.010863350485992074
2021-03-17,13.4,17.61,19.45,7.94,35.81,0.024464831804281273,0.035273368606701716,0.027469624933967207,0.025839793281653867,-0.002784739626844779,False,True,False,True,False,-0.015801354401805856,0.01761102603369058,-0.0038138825324178782,-0.012057272042200418,-0.017898383371824367,0.009912536443148712,-0.013801035077630974,0.01994134897360711,-0.013034410844629862,0.0094736842105263,-0.004192872117400381,0.003154574132492094,-0.007692307692307665,-0.005102040816326481,0.003841229193341844,-0.018844221105527637,0.002512562814070307,0.029014650962366995,-0.01079852230747358,-0.004807692307692402
2021-03-18,13.29,17.94,19.52,7.93,35.13,-0.008208955223880654,0.01873935264054527,0.0035989717223650075,-0.0012594458438287548,-0.01898910918737784,True,True,False,True,True,0.024464831804281273,-0.015801354401805856,0.01761102603369058,-0.0038138825324178782,0.035273368606701716,-0.017898383371824367,0.009912536443148712,-0.013801035077630974,0.027469624933967207,-0.013034410844629862,0.0094736842105263,-0.004192872117400381,0.025839793281653867,-0.007692307692307665,-0.005102040816326481,0.003841229193341844,-0.002784739626844779,0.002512562814070307,0.029014650962366995,-0.01079852230747358
2021-03-19,13.46,18.05,19.53,7.93,35.2,0.012791572610985735,0.006131549609810438,0.0005122950819673733,0.0,0.00199259891830339,True,False,True,True,False,-0.008208955223880654,0.024464831804281273,-0.015801354401805856,0.01761102603369058,0.01873935264054527,0.035273368606701716,-0.017898383371824367,0.009912536443148712,0.0035989717223650075,0.027469624933967207,-0.013034410844629862,0.0094736842105263,-0.0012594458438287548,0.025839793281653867,-0.007692307692307665,-0.005102040816326481,-0.01898910918737784,-0.002784739626844779,0.002512562814070307,0.029014650962366995
2021-03-22,13.5,17.98,19.63,8.05,34.88,0.002971768202080227,-0.0038781163434903343,0.005120327700972815,0.01513240857503173,-0.00909090909090915,False,False,False,False,True,0.012791572610985735,-0.008208955223880654,0.024464831804281273,-0.015801354401805856,0.006131549609810438,0.01873935264054527,0.035273368606701716,-0.017898383371824367,0.0005122950819673733,0.0035989717223650075,0.027469624933967207,-0.013034410844629862,0.0,-0.0012594458438287548,0.025839793281653867,-0.007692307692307665,0.00199259891830339,-0.01898910918737784,-0.002784739626844779,0.002512562814070307
2021-03-23,13.1,17.8,19.29,7.88,35.04,-0.029629629629629672,-0.010011123470522798,-0.017320427916454384,-0.021118012422360333,0.004587155963302614,False,False,False,False,False,0.002971768202080227,0.012791572610985735,-0.008208955223880654,0.024464831804281273,-0.0038781163434903343,0.006131549609810438,0.01873935264054527,0.035273368606701716,0.005120327700972815,0.0005122950819673733,0.0035989717223650075,0.027469624933967207,0.01513240857503173,0.0,-0.0012594458438287548,0.025839793281653867,-0.00909090909090915,0.00199259891830339,-0.01898910918737784,-0.002784739626844779
2021-03-24,12.86,17.52,19.08,7.84,34.5,-0.018320610687022953,-0.01573033707865179,-0.010886469673406007,-0.005076142131979711,-0.015410958904109595,True,True,True,True,True,-0.029629629629629672,0.002971768202080227,0.012791572610985735,-0.008208955223880654,-0.010011123470522798,-0.0038781163434903343,0.006131549609810438,0.01873935264054527,-0.017320427916454384,0.005120327700972815,0.0005122950819673733,0.0035989717223650075,-0.021118012422360333,0.01513240857503173,0.0,-0.0012594458438287548,0.004587155963302614,-0.00909090909090915,0.00199259891830339,-0.01898910918737784
2021-03-25,13.02,17.87,19.36,7.92,34.77,0.012441679626749691,0.019977168949771862,0.014675052410901612,0.010204081632652962,0.007826086956521872,True,True,True,True,True,-0.018320610687022953,-0.029629629629629672,0.002971768202080227,0.012791572610985735,-0.01573033707865179,-0.010011123470522798,-0.0038781163434903343,0.006131549609810438,-0.010886469673406007,-0.017320427916454384,0.005120327700972815,0.0005122950819673733,-0.005076142131979711,-0.021118012422360333,0.01513240857503173,0.0,-0.015410958904109595,0.004587155963302614,-0.00909090909090915,0.00199259891830339
2021-03-26,13.16,18.02,19.66,7.93,35.59,0.010752688172043001,0.008393956351426812,0.015495867768595017,0.0012626262626262985,0.02358354903652571,True,True,True,False,False,0.012441679626749691,-0.018320610687022953,-0.029629629629629672,0.002971768202080227,0.019977168949771862,-0.01573033707865179,-0.010011123470522798,-0.0038781163434903343,0.014675052410901612,-0.010886469673406007,-0.017320427916454384,0.005120327700972815,0.010204081632652962,-0.005076142131979711,-0.021118012422360333,0.01513240857503173,0.007826086956521872,-0.015410958904109595,0.004587155963302614,-0.00909090909090915
2021-03-29,13.29,18.15,19.47,8.03,35.29,0.009878419452887366,0.007214206437291759,-0.009664292980671507,0.01261034047919285,-0.008429334082607598,True,True,False,True,True,0.010752688172043001,0.012441679626749691,-0.018320610687022953,-0.029629629629629672,0.008393956351426812,0.019977168949771862,-0.01573033707865179,-0.010011123470522798,0.015495867768595017,0.014675052410901612,-0.010886469673406007,-0.017320427916454384,0.0012626262626262985,0.010204081632652962,-0.005076142131979711,-0.021118012422360333,0.02358354903652571,0.007826086956521872,-0.015410958904109595,0.004587155963302614
2021-03-30,13.55,18.58,19.84,7.97,36.74,0.01956358164033123,0.02369146005509637,0.019003595274781793,-0.00747198007471972,0.04108812694814401,False,False,False,False,False,0.009878419452887366,0.010752688172043001,0.012441679626749691,-0.018320610687022953,0.007214206437291759,0.008393956351426812,0.019977168949771862,-0.01573033707865179,-0.009664292980671507,0.015495867768595017,0.014675052410901612,-0.010886469673406007,0.01261034047919285,0.0012626262626262985,0.010204081632652962,-0.005076142131979711,-0.008429334082607598,0.02358354903652571,0.007826086956521872,-0.015410958904109595
2021-03-31,13.28,18.22,19.59,7.86,36.5,-0.019926199261992683,-0.019375672766415497,-0.012600806451612878,-0.013801756587201952,-0.0065323897659227415,False,False,False,False,True,0.01956358164033123,0.009878419452887366,0.010752688172043001,0.012441679626749691,0.02369146005509637,0.007214206437291759,0.008393956351426812,0.019977168949771862,0.019003595274781793,-0.009664292980671507,0.015495867768595017,0.014675052410901612,-0.00747198007471972,0.01261034047919285,0.0012626262626262985,0.010204081632652962,0.04108812694814401,-0.008429334082607598,0.02358354903652571,0.007826086956521872
2021-04-01,13.03,17.59,19.1,7.79,36.74,-0.01882530120481929,-0.03457738748627881,-0.025012761613067758,-0.008905852417302795,0.006575342465753531,True,True,True,True,True,-0.019926199261992683,0.01956358164033123,0.009878419452887366,0.010752688172043001,-0.019375672766415497,0.02369146005509637,0.007214206437291759,0.008393956351426812,-0.012600806451612878,0.019003595274781793,-0.009664292980671507,0.015495867768595017,-0.013801756587201952,-0.00747198007471972,0.01261034047919285,0.0012626262626262985,-0.0065323897659227415,0.04108812694814401,-0.008429334082607598,0.02358354903652571
2021-04-05,13.27,17.8,19.2,7.88,37.65,0.018419033000767415,0.011938601478112654,0.005235602094240788,0.011553273427471034,0.02476864452912353,True,False,False,False,True,-0.01882530120481929,-0.019926199261992683,0.01956358164033123,0.009878419452887366,-0.03457738748627881,-0.019375672766415497,0.02369146005509637,0.007214206437291759,-0.025012761613067758,-0.012600806451612878,0.019003595274781793,-0.009664292980671507,-0.008905852417302795,-0.013801756587201952,-0.00747198007471972,0.01261034047919285,0.006575342465753531,-0.0065323897659227415,0.04108812694814401,-0.008429334082607598
2021-04-06,13.37,17.45,18.99,7.81,37.74,0.007535795026375247,-0.01966292134831471,-0.010937500000000044,-0.008883248730964466,0.0023904382470121277,False,False,True,False,False,0.018419033000767415,-0.01882530120481929,-0.019926199261992683,0.01956358164033123,0.011938601478112654,-0.03457738748627881,-0.019375672766415497,0.02369146005509637,0.005235602094240788,-0.025012761613067758,-0.012600806451612878,0.019003595274781793,0.011553273427471034,-0.008905852417302795,-0.013801756587201952,-0.00747198007471972,0.02476864452912353,0.006575342465753531,-0.0065323897659227415,0.04108812694814401
2021-04-07,13.22,17.33,18.99,7.83,37.28,-0.011219147344801672,-0.006876790830945612,0.0,0.00256081946222797,-0.012188659247482803,True,False,False,False,True,0.007535795026375247,0.018419033000767415,-0.01882530120481929,-0.019926199261992683,-0.01966292134831471,0.011938601478112654,-0.03457738748627881,-0.019375672766415497,-0.010937500000000044,0.005235602094240788,-0.025012761613067758,-0.012600806451612878,-0.008883248730964466,0.011553273427471034,-0.008905852417302795,-0.013801756587201952,0.0023904382470121277,0.02476864452912353,0.006575342465753531,-0.0065323897659227415
2021-04-08,13.42,17.31,18.8,7.79,37.43,0.015128593040847127,-0.0011540680900172795,-0.010005265929436402,-0.005108556832694733,0.004023605150214493,False,False,False,False,False,-0.011219147344801672,0.007535795026375247,0.018419033000767415,-0.01882530120481929,-0.006876790830945612,-0.01966292134831471,0.011938601478112654,-0.03457738748627881,0.0,-0.010937500000000044,0.005235602094240788,-0.025012761613067758,0.00256081946222797,-0.008883248730964466,0.011553273427471034,-0.008905852417302795,-0.012188659247482803,0.0023904382470121277,0.02476864452912353,0.006575342465753531
2021-04-09,13.35,17.18,18.72,7.76,36.96,-0.005216095380029873,-0.007510109763142592,-0.004255319148936287,-0.0038510911424903815,-0.012556772642265512,True,True,True,True,False,0.015128593040847127,-0.011219147344801672,0.007535795026375247,0.018419033000767415,-0.0011540680900172795,-0.006876790830945612,-0.01966292134831471,0.011938601478112654,-0.010005265929436402,0.0,-0.010937500000000044,0.005235602094240788,-0.005108556832694733,0.00256081946222797,-0.008883248730964466,0.011553273427471034,0.004023605150214493,-0.012188659247482803,0.0023904382470121277,0.02476864452912353
2021-04-12,13.48,17.55,19.06,7.82,36.96,0.009737827715355918,0.021536670547147807,0.018162393162393098,0.0077319587628865705,0.0,True,False,False,False,False,-0.005216095380029873,0.015128593040847127,-0.011219147344801672,0.007535795026375247,-0.007510109763142592,-0.0011540680900172795,-0.006876790830945612,-0.01966292134831471,-0.004255319148936287,-0.010005265929436402,0.0,-0.010937500000000044,-0.0038510911424903815,-0.005108556832694733,0.00256081946222797,-0.008883248730964466,-0.012556772642265512,0.004023605150214493,-0.012188659247482803,0.0023904382470121277
2021-04-13,13.58,17.45,19.06,7.77,36.7,0.007418397626112627,-0.005698005698005826,0.0,-0.006393861892583175,-0.007034632034631949,True,True,True,True,True,0.009737827715355918,-0.005216095380029873,0.015128593040847127,-0.011219147344801672,0.021536670547147807,-0.007510109763142592,-0.0011540680900172795,-0.006876790830945612,0.018162393162393098,-0.004255319148936287,-0.010005265929436402,0.0,0.0077319587628865705,-0.0038510911424903815,-0.005108556832694733,0.00256081946222797,0.0,-0.012556772642265512,0.004023605150214493,-0.012188659247482803
2021-04-14,13.74,17.62,19.26,7.83,37.31,0.01178203240058906,0.0097421203438397,0.010493179433368471,0.007722007722007707,0.01662125340599463,True,True,True,False,True,0.007418397626112627,0.009737827715355918,-0.005216095380029873,0.015128593040847127,-0.005698005698005826,0.021536670547147807,-0.007510109763142592,-0.0011540680900172795,0.0,0.018162393162393098,-0.004255319148936287,-0.010005265929436402,-0.006393861892583175,0.0077319587628865705,-0.0038510911424903815,-0.005108556832694733,-0.007034632034631949,0.0,-0.012556772642265512,0.004023605150214493
2021-04-15,13.79,17.68,19.26,7.85,38.33,0.00363901018922852,0.0034052213393869213,0.0,0.0025542784163472554,0.02733851514339314,False,True,False,True,False,0.01178203240058906,0.007418397626112627,0.009737827715355918,-0.005216095380029873,0.0097421203438397,-0.005698005698005826,0.021536670547147807,-0.007510109763142592,0.010493179433368471,0.0,0.018162393162393098,-0.004255319148936287,0.007722007722007707,-0.006393861892583175,0.0077319587628865705,-0.0038510911424903815,0.01662125340599463,-0.007034632034631949,0.0,-0.012556772642265512
2021-04-16,13.73,17.93,19.37,7.85,37.71,-0.00435097897026826,0.01414027149321262,0.005711318795430964,0.0,-0.016175319593007997,False,False,False,False,False,0.00363901018922852,0.01178203240058906,0.007418397626112627,0.009737827715355918,0.0034052213393869213,0.0097421203438397,-0.005698005698005826,0.021536670547147807,0.0,0.010493179433368471,0.0,0.018162393162393098,0.0025542784163472554,0.007722007722007707,-0.006393861892583175,0.0077319587628865705,0.02733851514339314,0.01662125340599463,-0.007034632034631949,0.0
2021-04-19,13.67,17.71,19.19,7.81,37.1,-0.004369992716678817,-0.012269938650306678,-0.00929272070211662,-0.005095541401273884,-0.016176080615221466,False,False,False,False,False,-0.00435097897026826,0.00363901018922852,0.01178203240058906,0.007418397626112627,0.01414027149321262,0.0034052213393869213,0.0097421203438397,-0.005698005698005826,0.005711318795430964,0.0,0.010493179433368471,0.0,0.0,0.0025542784163472554,0.007722007722007707,-0.006393861892583175,-0.016175319593007997,0.02733851514339314,0.01662125340599463,-0.007034632034631949
2021-04-20,13.57,17.44,19.07,7.79,36.16,-0.007315288953913646,-0.015245623941276043,-0.0062532569046378494,-0.002560819462227859,-0.02533692722371983,True,False,True,False,False,-0.004369992716678817,-0.00435097897026826,0.00363901018922852,0.01178203240058906,-0.012269938650306678,0.01414027149321262,0.0034052213393869213,0.0097421203438397,-0.00929272070211662,0.005711318795430964,0.0,0.010493179433368471,-0.005095541401273884,0.0,0.0025542784163472554,0.007722007722007707,-0.016176080615221466,-0.016175319593007997,0.02733851514339314,0.01662125340599463
2021-04-22,13.81,17.3,19.06,7.8,35.67,0.017686072218128235,-0.008027522935779796,-0.0005243838489775721,0.0012836970474967568,-0.013550884955752074,False,True,True,True,True,-0.007315288953913646,-0.004369992716678817,-0.00435097897026826,0.00363901018922852,-0.015245623941276043,-0.012269938650306678,0.01414027149321262,0.0034052213393869213,-0.0062532569046378494,-0.00929272070211662,0.005711318795430964,0.0,-0.002560819462227859,-0.005095541401273884,0.0,0.0025542784163472554,-0.02533692722371983,-0.016176080615221466,-0.016175319593007997,0.02733851514339314
2021-04-23,13.77,17.63,19.2,7.81,36.81,-0.002896451846488124,0.019075144508670316,0.00734522560335793,0.0012820512820512775,0.03195962994112711,False,False,True,False,False,0.017686072218128235,-0.007315288953913646,-0.004369992716678817,-0.00435097897026826,-0.008027522935779796,-0.015245623941276043,-0.012269938650306678,0.01414027149321262,-0.0005243838489775721,-0.0062532569046378494,-0.00929272070211662,0.005711318795430964,0.0012836970474967568,-0.002560819462227859,-0.005095541401273884,0.0,-0.013550884955752074,-0.02533692722371983,-0.016176080615221466,-0.016175319593007997
2021-04-26,13.55,17.63,19.11,7.85,36.53,-0.015976761074800172,0.0,-0.004687499999999956,0.00512163892445594,-0.007606628633523571,False,False,False,False,False,-0.002896451846488124,0.017686072218128235,-0.007315288953913646,-0.004369992716678817,0.019075144508670316,-0.008027522935779796,-0.015245623941276043,-0.012269938650306678,0.00734522560335793,-0.0005243838489775721,-0.0062532569046378494,-0.00929272070211662,0.0012820512820512775,0.0012836970474967568,-0.002560819462227859,-0.005095541401273884,0.03195962994112711,-0.013550884955752074,-0.02533692722371983,-0.016176080615221466
2021-04-27,13.28,17.48,18.89,7.8,36.23,-0.019926199261992683,-0.008508224617129856,-0.011512297226582868,-0.006369426751592355,-0.008212428141253891,False,True,True,True,False,-0.015976761074800172,-0.002896451846488124,0.017686072218128235,-0.007315288953913646,0.0,0.019075144508670316,-0.008027522935779796,-0.015245623941276043,-0.004687499999999956,0.00734522560335793,-0.0005243838489775721,-0.0062532569046378494,0.00512163892445594,0.0012820512820512775,0.0012836970474967568,-0.002560819462227859,-0.007606628633523571,0.03195962994112711,-0.013550884955752074,-0.02533692722371983
2021-04-28,13.22,18.32,19.61,7.93,35.73,-0.004518072289156572,0.048054919908466776,0.038115404976177825,0.016666666666666607,-0.013800717637317161,True,False,False,False,False,-0.019926199261992683,-0.015976761074800172,-0.002896451846488124,0.017686072218128235,-0.008508224617129856,0.0,0.019075144508670316,-0.008027522935779796,-0.011512297226582868,-0.004687499999999956,0.00734522560335793,-0.0005243838489775721,-0.006369426751592355,0.00512163892445594,0.0012820512820512775,0.0012836970474967568,-0.008212428141253891,-0.007606628633523571,0.03195962994112711,-0.013550884955752074
2021-04-29,13.26,17.7,19.16,7.84,34.74,0.00302571860816947,-0.033842794759825434,-0.022947475777664428,-0.011349306431273631,-0.027707808564231606,False,False,False,False,False,-0.004518072289156572,-0.019926199261992683,-0.015976761074800172,-0.002896451846488124,0.048054919908466776,-0.008508224617129856,0.0,0.019075144508670316,0.038115404976177825,-0.011512297226582868,-0.004687499999999956,0.00734522560335793,0.016666666666666607,-0.006369426751592355,0.00512163892445594,0.0012820512820512775,-0.013800717637317161,-0.008212428141253891,-0.007606628633523571,0.03195962994112711
2021-04-30,12.98,17.63,19.14,7.84,34.27,-0.02111613876319751,-0.00395480225988698,-0.0010438413361169019,0.0,-0.013529073114565304,False,True,True,True,False,0.00302571860816947,-0.004518072289156572,-0.019926199261992683,-0.015976761074800172,-0.033842794759825434,0.048054919908466776,-0.008508224617129856,0.0,-0.022947475777664428,0.038115404976177825,-0.011512297226582868,-0.004687499999999956,-0.011349306431273631,0.016666666666666607,-0.006369426751592355,0.00512163892445594,-0.027707808564231606,-0.013800717637317161,-0.008212428141253891,-0.007606628633523571
2021-05-03,12.86,18.14,19.42,7.85,33.73,-0.00924499229583986,0.0289279636982418,0.014629049111807735,0.0012755102040815647,-0.015757222060111098,False,False,False,False,False,-0.02111613876319751,0.00302571860816947,-0.004518072289156572,-0.019926199261992683,-0.00395480225988698,-0.033842794759825434,0.048054919908466776,-0.008508224617129856,-0.0010438413361169019,-0.022947475777664428,0.038115404976177825,-0.011512297226582868,0.0,-0.011349306431273631,0.016666666666666607,-0.006369426751592355,-0.013529073114565304,-0.027707808564231606,-0.013800717637317161,-0.008212428141253891
2021-05-04,12.72,17.58,18.7,7.74,32.99,-0.010886469673405785,-0.030871003307607614,-0.037075180226570636,-0.01401273885350307,-0.021938926771419953,True,True,True,True,True,-0.00924499229583986,-0.02111613876319751,0.00302571860816947,-0.004518072289156572,0.0289279636982418,-0.00395480225988698,-0.033842794759825434,0.048054919908466776,0.014629049111807735,-0.0010438413361169019,-0.022947475777664428,0.038115404976177825,0.0012755102040815647,0.0,-0.011349306431273631,0.016666666666666607,-0.015757222060111098,-0.013529073114565304,-0.027707808564231606,-0.013800717637317161
2021-05-05,12.91,17.7,19.19,7.8,33.98,0.014937106918238907,0.006825938566553003,0.026203208556149882,0.007751937984496138,0.0300090936647468,True,True,True,False,False,-0.010886469673405785,-0.00924499229583986,-0.02111613876319751,0.00302571860816947,-0.030871003307607614,0.0289279636982418,-0.00395480225988698,-0.033842794759825434,-0.037075180226570636,0.014629049111807735,-0.0010438413361169019,-0.022947475777664428,-0.01401273885350307,0.0012755102040815647,0.0,-0.011349306431273631,-0.021938926771419953,-0.015757222060111098,-0.013529073114565304,-0.027707808564231606
2021-05-06,14.06,17.76,18.94,7.81,33.02,0.08907823392718828,0.003389830508474745,-0.013027618551328835,0.0012820512820512775,-0.028251912889935116,True,True,False,True,False,0.014937106918238907,-0.010886469673405785,-0.00924499229583986,-0.02111613876319751,0.006825938566553003,-0.030871003307607614,0.0289279636982418,-0.00395480225988698,0.026203208556149882,-0.037075180226570636,0.014629049111807735,-0.0010438413361169019,0.007751937984496138,-0.01401273885350307,0.0012755102040815647,0.0,0.0300090936647468,-0.021938926771419953,-0.015757222060111098,-0.013529073114565304
2021-05-07,14.08,17.92,19.19,7.78,32.72,0.0014224751066855834,0.009009009009008917,0.013199577613516311,-0.003841229193341733,-0.0090854027861903,True,True,True,True,False,0.08907823392718828,0.014937106918238907,-0.010886469673405785,-0.00924499229583986,0.003389830508474745,0.006825938566553003,-0.030871003307607614,0.0289279636982418,-0.013027618551328835,0.026203208556149882,-0.037075180226570636,0.014629049111807735,0.0012820512820512775,0.007751937984496138,-0.01401273885350307,0.0012755102040815647,-0.028251912889935116,0.0300090936647468,-0.021938926771419953,-0.015757222060111098
2021-05-10,14.34,18.33,19.52,7.91,31.63,0.01846590909090917,0.02287946428571419,0.01719645648775403,0.01670951156812328,-0.03331295843520787,True,False,True,False,False,0.0014224751066855834,0.08907823392718828,0.014937106918238907,-0.010886469673405785,0.009009009009008917,0.003389830508474745,0.006825938566553003,-0.030871003307607614,0.013199577613516311,-0.013027618551328835,0.026203208556149882,-0.037075180226570636,-0.003841229193341733,0.0012820512820512775,0.007751937984496138,-0.01401273885350307,-0.0090854027861903,-0.028251912889935116,0.0300090936647468,-0.021938926771419953
2021-05-11,14.66,18.29,19.42,7.96,31.61,0.02231520223152028,-0.0021822149481723896,-0.0051229508196720674,0.006321112515802696,-0.0006323110970597456,False,False,False,False,False,0.01846590909090917,0.0014224751066855834,0.08907823392718828,0.014937106918238907,0.02287946428571419,0.009009009009008917,0.003389830508474745,0.006825938566553003,0.01719645648775403,0.013199577613516311,-0.013027618551328835,0.026203208556149882,0.01670951156812328,-0.003841229193341733,0.0012820512820512775,0.007751937984496138,-0.03331295843520787,-0.0090854027861903,-0.028251912889935116,0.0300090936647468
2021-05-12,14.66,17.9,19.14,7.81,30.61,0.0,-0.021323127392017582,-0.014418125643666402,-0.018844221105527637,-0.03163555836760523,True,True,True,True,True,0.02231520223152028,0.01846590909090917,0.0014224751066855834,0.08907823392718828,-0.0021822149481723896,0.02287946428571419,0.009009009009008917,0.003389830508474745,-0.0051229508196720674,0.01719645648775403,0.013199577613516311,-0.013027618551328835,0.006321112515802696,0.01670951156812328,-0.003841229193341733,0.0012820512820512775,-0.0006323110970597456,-0.03331295843520787,-0.0090854027861903,-0.028251912889935116
2021-05-13,14.67,18.45,19.71,7.98,31.13,0.0006821282401090478,0.030726256983240274,0.029780564263322873,0.021766965428937413,0.01698791244691278,True,True,True,True,True,0.0,0.02231520223152028,0.01846590909090917,0.0014224751066855834,-0.021323127392017582,-0.0021822149481723896,0.02287946428571419,0.009009009009008917,-0.014418125643666402,-0.0051229508196720674,0.01719645648775403,0.013199577613516311,-0.018844221105527637,0.006321112515802696,0.01670951156812328,-0.003841229193341733,-0.03163555836760523,-0.0006323110970597456,-0.03331295843520787,-0.0090854027861903
2021-05-14,14.93,18.57,20.02,7.99,31.42,0.017723244717109843,0.006504065040650486,0.015728056823947067,0.0012531328320801727,0.009315772566655944,True,True,True,True,True,0.0006821282401090478,0.0,0.02231520223152028,0.01846590909090917,0.030726256983240274,-0.021323127392017582,-0.0021822149481723896,0.02287946428571419,0.029780564263322873,-0.014418125643666402,-0.0051229508196720674,0.01719645648775403,0.021766965428937413,-0.018844221105527637,0.006321112515802696,0.01670951156812328,0.01698791244691278,-0.03163555836760523,-0.0006323110970597456,-0.03331295843520787
2021-05-17,15.12,18.59,20.12,8.31,31.49,0.01272605492297374,0.001077005923532548,0.004995004995005159,0.040050062578222745,0.002227880330999188,True,True,False,False,True,0.017723244717109843,0.0006821282401090478,0.0,0.02231520223152028,0.006504065040650486,0.030726256983240274,-0.021323127392017582,-0.0021822149481723896,0.015728056823947067,0.029780564263322873,-0.014418125643666402,-0.0051229508196720674,0.0012531328320801727,0.021766965428937413,-0.018844221105527637,0.006321112515802696,0.009315772566655944,0.01698791244691278,-0.03163555836760523,-0.0006323110970597456
2021-05-18,15.14,18.79,20.11,8.2,31.72,0.001322751322751392,0.01075847229693383,-0.0004970178926442248,-0.013237063778580138,0.007303906001905336,True,True,True,True,False,0.01272605492297374,0.017723244717109843,0.0006821282401090478,0.0,0.001077005923532548,0.006504065040650486,0.030726256983240274,-0.021323127392017582,0.004995004995005159,0.015728056823947067,0.029780564263322873,-0.014418125643666402,0.040050062578222745,0.0012531328320801727,0.021766965428937413,-0.018844221105527637,0.002227880330999188,0.009315772566655944,0.01698791244691278,-0.03163555836760523
2021-05-19,15.26,18.89,20.29,8.23,30.94,0.00792602377807139,0.0053219797764769705,0.008950770760815407,0.003658536585366079,-0.024590163934426146,False,True,True,True,True,0.001322751322751392,0.01272605492297374,0.017723244717109843,0.0006821282401090478,0.01075847229693383,0.001077005923532548,0.006504065040650486,0.030726256983240274,-0.0004970178926442248,0.004995004995005159,0.015728056823947067,0.029780564263322873,-0.013237063778580138,0.040050062578222745,0.0012531328320801727,0.021766965428937413,0.007303906001905336,0.002227880330999188,0.009315772566655944,0.01698791244691278
2021-05-20,15.24,19.1,20.5,8.24,31.19,-0.001310615989515096,0.011116993118051921,0.010349926071956617,0.0012150668286754485,0.00808015513897864,True,True,True,False,False,0.00792602377807139,0.001322751322751392,0.01272605492297374,0.017723244717109843,0.0053219797764769705,0.01075847229693383,0.001077005923532548,0.006504065040650486,0.008950770760815407,-0.0004970178926442248,0.004995004995005159,0.015728056823947067,0.003658536585366079,-0.013237063778580138,0.040050062578222745,0.0012531328320801727,-0.024590163934426146,0.007303906001905336,0.002227880330999188,0.009315772566655944
2021-05-21,15.3,19.16,20.47,8.3,31.04,0.003937007874015741,0.003141361256544517,-0.0014634146341463428,0.00728155339805836,-0.004809233728759299,True,True,False,True,True,-0.001310615989515096,0.00792602377807139,0.001322751322751392,0.01272605492297374,0.011116993118051921,0.0053219797764769705,0.01075847229693383,0.001077005923532548,0.010349926071956617,0.008950770760815407,-0.0004970178926442248,0.004995004995005159,0.0012150668286754485,0.003658536585366079,-0.013237063778580138,0.040050062578222745,0.00808015513897864,-0.024590163934426146,0.007303906001905336,0.002227880330999188
2021-05-24,15.32,19.22,20.54,8.23,31.96,0.0013071895424836555,0.0031315240083507057,0.0034196384953590897,-0.008433734939759074,0.029639175257732076,False,False,True,False,True,0.003937007874015741,-0.001310615989515096,0.00792602377807139,0.001322751322751392,0.003141361256544517,0.011116993118051921,0.0053219797764769705,0.01075847229693383,-0.0014634146341463428,0.010349926071956617,0.008950770760815407,-0.0004970178926442248,0.00728155339805836,0.0012150668286754485,0.003658536585366079,-0.013237063778580138,-0.004809233728759299,0.00808015513897864,-0.024590163934426146,0.007303906001905336
2021-05-25,15.3,19.04,20.43,8.27,32.28,-0.0013054830287205776,-0.009365244536940653,-0.005355404089581239,0.004860267314702238,0.01001251564455563,False,True,True,True,False,0.0013071895424836555,0.003937007874015741,-0.001310615989515096,0.00792602377807139,0.0031315240083507057,0.003141361256544517,0.011116993118051921,0.0053219797764769705,0.0034196384953590897,-0.0014634146341463428,0.010349926071956617,0.008950770760815407,-0.008433734939759074,0.00728155339805836,0.0012150668286754485,0.003658536585366079,0.029639175257732076,-0.004809233728759299,0.00808015513897864,-0.024590163934426146
2021-05-26,15.18,19.49,20.65,8.37,32.11,-0.007843137254902044,0.02363445378151252,0.010768477728830161,0.012091898428053138,-0.005266418835192077,True,True,False,False,True,-0.0013054830287205776,0.0013071895424836555,0.003937007874015741,-0.001310615989515096,-0.009365244536940653,0.0031315240083507057,0.003141361256544517,0.011116993118051921,-0.005355404089581239,0.0034196384953590897,-0.0014634146341463428,0.010349926071956617,0.004860267314702238,-0.008433734939759074,0.00728155339805836,0.0012150668286754485,0.01001251564455563,0.029639175257732076,-0.004809233728759299,0.00808015513897864
2021-05-27,15.37,19.55,20.58,8.24,32.12,0.012516469038208244,0.003078501795792832,-0.003389830508474634,-0.015531660692950866,0.00031142946122697523,True,False,True,True,True,-0.007843137254902044,-0.0013054830287205776,0.0013071895424836555,0.003937007874015741,0.02363445378151252,-0.009365244536940653,0.0031315240083507057,0.003141361256544517,0.010768477728830161,-0.005355404089581239,0.0034196384953590897,-0.0014634146341463428,0.012091898428053138,0.004860267314702238,-0.008433734939759074,0.00728155339805836,-0.005266418835192077,0.01001251564455563,0.029639175257732076,-0.004809233728759299
2021-05-28,15.51,19.51,20.77,8.37,33.68,0.009108653220559537,-0.002046035805626567,0.00923226433430524,0.01577669902912615,0.04856787048567868,True,False,False,True,False,0.012516469038208244,-0.007843137254902044,-0.0013054830287205776,0.0013071895424836555,0.003078501795792832,0.02363445378151252,-0.009365244536940653,0.0031315240083507057,-0.003389830508474634,0.010768477728830161,-0.005355404089581239,0.0034196384953590897,-0.015531660692950866,0.012091898428053138,0.004860267314702238,-0.008433734939759074,0.00031142946122697523,-0.005266418835192077,0.01001251564455563,0.029639175257732076
2021-05-31,15.6,19.51,20.84,8.32,33.43,0.005802707930367523,0.0,0.003370245546461259,-0.005973715651134914,-0.007422802850356347,True,True,True,True,True,0.009108653220559537,0.012516469038208244,-0.007843137254902044,-0.0013054830287205776,-0.002046035805626567,0.003078501795792832,0.02363445378151252,-0.009365244536940653,0.00923226433430524,-0.003389830508474634,0.010768477728830161,-0.005355404089581239,0.01577669902912615,-0.015531660692950866,0.012091898428053138,0.004860267314702238,0.04856787048567868,0.00031142946122697523,-0.005266418835192077,0.01001251564455563
2021-06-01,16.31,19.86,21.44,8.57,33.47,0.04551282051282035,0.017939518195796866,0.028790786948176716,0.030048076923076872,0.0011965300628178355,True,True,True,True,False,0.005802707930367523,0.009108653220559537,0.012516469038208244,-0.007843137254902044,0.0,-0.002046035805626567,0.003078501795792832,0.02363445378151252,0.003370245546461259,0.00923226433430524,-0.003389830508474634,0.010768477728830161,-0.005973715651134914,0.01577669902912615,-0.015531660692950866,0.012091898428053138,-0.007422802850356347,0.04856787048567868,0.00031142946122697523,-0.005266418835192077
2021-06-02,16.83,20.46,22.02,8.69,32.75,0.03188228080931932,0.030211480362537735,0.027052238805969964,0.014002333722286986,-0.021511801613385062,True,True,True,True,True,0.04551282051282035,0.005802707930367523,0.009108653220559537,0.012516469038208244,0.017939518195796866,0.0,-0.002046035805626567,0.003078501795792832,0.028790786948176716,0.003370245546461259,0.00923226433430524,-0.003389830508474634,0.030048076923076872,-0.005973715651134914,0.01577669902912615,-0.015531660692950866,0.0011965300628178355,-0.007422802850356347,0.04856787048567868,0.00031142946122697523
2021-06-04,16.84,20.57,22.41,8.9,33.5,0.0005941770647654998,0.005376344086021501,0.017711171662125436,0.024165707710011697,0.022900763358778553,True,True,True,True,False,0.03188228080931932,0.04551282051282035,0.005802707930367523,0.009108653220559537,0.030211480362537735,0.017939518195796866,0.0,-0.002046035805626567,0.027052238805969964,0.028790786948176716,0.003370245546461259,0.00923226433430524,0.014002333722286986,0.030048076923076872,-0.005973715651134914,0.01577669902912615,-0.021511801613385062,0.0011965300628178355,-0.007422802850356347,0.04856787048567868
2021-06-07,17.03,20.85,22.88,9.04,33.41,0.01128266033254155,0.01361205639280505,0.020972780008924552,0.015730337078651457,-0.0026865671641792543,False,False,False,False,False,0.0005941770647654998,0.03188228080931932,0.04551282051282035,0.005802707930367523,0.005376344086021501,0.030211480362537735,0.017939518195796866,0.0,0.017711171662125436,0.027052238805969964,0.028790786948176716,0.003370245546461259,0.024165707710011697,0.014002333722286986,0.030048076923076872,-0.005973715651134914,0.022900763358778553,-0.021511801613385062,0.0011965300628178355,-0.007422802850356347
2021-06-08,17.02,20.77,22.71,8.89,33.3,-0.0005871990604815469,-0.003836930455635601,-0.007430069930069894,-0.016592920353982188,-0.003292427416941024,False,False,False,True,True,0.01128266033254155,0.0005941770647654998,0.03188228080931932,0.04551282051282035,0.01361205639280505,0.005376344086021501,0.030211480362537735,0.017939518195796866,0.020972780008924552,0.017711171662125436,0.027052238805969964,0.028790786948176716,0.015730337078651457,0.024165707710011697,0.014002333722286986,0.030048076923076872,-0.0026865671641792543,0.022900763358778553,-0.021511801613385062,0.0011965300628178355
2021-06-09,16.78,20.48,23.04,8.82,33.53,-0.014101057579318343,-0.013962445835339343,0.014531043593130732,-0.007874015748031482,0.006906906906906984,True,True,False,True,False,-0.0005871990604815469,0.01128266033254155,0.0005941770647654998,0.03188228080931932,-0.003836930455635601,0.01361205639280505,0.005376344086021501,0.030211480362537735,-0.007430069930069894,0.020972780008924552,0.017711171662125436,0.027052238805969964,-0.016592920353982188,0.015730337078651457,0.024165707710011697,0.014002333722286986,-0.003292427416941024,-0.0026865671641792543,0.022900763358778553,-0.021511801613385062
2021-06-10,16.79,20.63,23.07,8.82,33.22,0.0005959475566148509,0.00732421875,0.0013020833333334814,0.0,-0.009245451834178464,False,False,False,False,True,-0.014101057579318343,-0.0005871990604815469,0.01128266033254155,0.0005941770647654998,-0.013962445835339343,-0.003836930455635601,0.01361205639280505,0.005376344086021501,0.014531043593130732,-0.007430069930069894,0.020972780008924552,0.017711171662125436,-0.007874015748031482,-0.016592920353982188,0.015730337078651457,0.024165707710011697,0.006906906906906984,-0.003292427416941024,-0.0026865671641792543,0.022900763358778553
2021-06-11,16.46,20.37,22.78,8.59,33.49,-0.01965455628350199,-0.012603005332040618,-0.01257043779800604,-0.026077097505669,0.008127633955448577,True,False,False,False,True,0.0005959475566148509,-0.014101057579318343,-0.0005871990604815469,0.01128266033254155,0.00732421875,-0.013962445835339343,-0.003836930455635601,0.01361205639280505,0.0013020833333334814,0.014531043593130732,-0.007430069930069894,0.020972780008924552,0.0,-0.007874015748031482,-0.016592920353982188,0.015730337078651457,-0.009245451834178464,0.006906906906906984,-0.003292427416941024,-0.0026865671641792543
2021-06-14,16.93,20.37,22.63,8.59,34.15,0.028554070473876036,0.0,-0.0065847234416155365,0.0,0.01970737533592115,False,False,True,True,True,-0.01965455628350199,0.0005959475566148509,-0.014101057579318343,-0.0005871990604815469,-0.012603005332040618,0.00732421875,-0.013962445835339343,-0.003836930455635601,-0.01257043779800604,0.0013020833333334814,0.014531043593130732,-0.007430069930069894,-0.026077097505669,0.0,-0.007874015748031482,-0.016592920353982188,0.008127633955448577,-0.009245451834178464,0.006906906906906984,-0.003292427416941024
2021-06-15,16.62,20.34,22.64,8.64,34.71,-0.018310691080921315,-0.0014727540500737435,0.00044189129474148103,0.005820721769499437,0.016398243045388172,False,True,True,True,False,0.028554070473876036,-0.01965455628350199,0.0005959475566148509,-0.014101057579318343,0.0,-0.012603005332040618,0.00732421875,-0.013962445835339343,-0.0065847234416155365,-0.01257043779800604,0.0013020833333334814,0.014531043593130732,0.0,-0.026077097505669,0.0,-0.007874015748031482,0.01970737533592115,0.008127633955448577,-0.009245451834178464,0.006906906906906984
2021-06-16,16.59,20.38,23.02,8.65,34.1,-0.0018050541516245744,0.001966568338249708,0.016784452296819685,0.0011574074074074403,-0.017574186113511914,False,False,False,False,False,-0.018310691080921315,0.028554070473876036,-0.01965455628350199,0.0005959475566148509,-0.0014727540500737435,0.0,-0.012603005332040618,0.00732421875,0.00044189129474148103,-0.0065847234416155365,-0.01257043779800604,0.0013020833333334814,0.005820721769499437,0.0,-0.026077097505669,0.0,0.016398243045388172,0.01970737533592115,0.008127633955448577,-0.009245451834178464
2021-06-17,16.52,20.27,22.81,8.59,33.7,-0.0042194092827004814,-0.00539744847890089,-0.009122502172024372,-0.006936416184971206,-0.011730205278592365,False,False,False,False,True,-0.0018050541516245744,-0.018310691080921315,0.028554070473876036,-0.01965455628350199,0.001966568338249708,-0.0014727540500737435,0.0,-0.012603005332040618,0.016784452296819685,0.00044189129474148103,-0.0065847234416155365,-0.01257043779800604,0.0011574074074074403,0.005820721769499437,0.0,-0.026077097505669,-0.017574186113511914,0.016398243045388172,0.01970737533592115,0.008127633955448577
2021-06-18,16.3,19.98,22.29,8.55,34.45,-0.013317191283292895,-0.014306857424765673,-0.022797018851380968,-0.004656577415599439,0.022255192878338326,False,False,False,True,True,-0.0042194092827004814,-0.0018050541516245744,-0.018310691080921315,0.028554070473876036,-0.00539744847890089,0.001966568338249708,-0.0014727540500737435,0.0,-0.009122502172024372,0.016784452296819685,0.00044189129474148103,-0.0065847234416155365,-0.006936416184971206,0.0011574074074074403,0.005820721769499437,0.0,-0.011730205278592365,-0.017574186113511914,0.016398243045388172,0.01970737533592115
2021-06-21,16.27,19.97,22.47,8.52,34.51,-0.0018404907975461127,-0.0005005005005005447,0.008075370121130465,-0.0035087719298246833,0.0017416545718431653,False,False,False,False,False,-0.013317191283292895,-0.0042194092827004814,-0.0018050541516245744,-0.018310691080921315,-0.014306857424765673,-0.00539744847890089,0.001966568338249708,-0.0014727540500737435,-0.022797018851380968,-0.009122502172024372,0.016784452296819685,0.00044189129474148103,-0.004656577415599439,-0.006936416184971206,0.0011574074074074403,0.005820721769499437,0.022255192878338326,-0.011730205278592365,-0.017574186113511914,0.016398243045388172
2021-06-22,15.89,19.73,22.35,8.52,33.57,-0.023355869698832188,-0.012018027040560764,-0.005340453938584622,0.0,-0.027238481599536346,False,False,False,False,False,-0.0018404907975461127,-0.013317191283292895,-0.0042194092827004814,-0.0018050541516245744,-0.0005005005005005447,-0.014306857424765673,-0.00539744847890089,0.001966568338249708,0.008075370121130465,-0.022797018851380968,-0.009122502172024372,0.016784452296819685,-0.0035087719298246833,-0.004656577415599439,-0.006936416184971206,0.0011574074074074403,0.0017416545718431653,0.022255192878338326,-0.011730205278592365,-0.017574186113511914
2021-06-23,15.63,19.7,22.16,8.47,33.24,-0.016362492133417228,-0.001520527116066983,-0.008501118568232768,-0.005868544600938885,-0.009830205540661274,False,False,False,False,True,-0.023355869698832188,-0.0018404907975461127,-0.013317191283292895,-0.0042194092827004814,-0.012018027040560764,-0.0005005005005005447,-0.014306857424765673,-0.00539744847890089,-0.005340453938584622,0.008075370121130465,-0.022797018851380968,-0.009122502172024372,0.0,-0.0035087719298246833,-0.004656577415599439,-0.006936416184971206,-0.027238481599536346,0.0017416545718431653,0.022255192878338326,-0.011730205278592365
2021-06-24,15.6,19.7,22.1,8.46,33.61,-0.0019193857965451588,0.0,-0.0027075812274367506,-0.0011806375442738881,0.011131167268351394,False,False,False,False,False,-0.016362492133417228,-0.023355869698832188,-0.0018404907975461127,-0.013317191283292895,-0.001520527116066983,-0.012018027040560764,-0.0005005005005005447,-0.014306857424765673,-0.008501118568232768,-0.005340453938584622,0.008075370121130465,-0.022797018851380968,-0.005868544600938885,0.0,-0.0035087719298246833,-0.004656577415599439,-0.009830205540661274,-0.027238481599536346,0.0017416545718431653,0.022255192878338326
2021-06-25,14.73,19.19,21.51,8.3,32.85,-0.05576923076923068,-0.025888324873096336,-0.026696832579185537,-0.01891252955082745,-0.022612317762570555,True,False,False,False,True,-0.0019193857965451588,-0.016362492133417228,-0.023355869698832188,-0.0018404907975461127,0.0,-0.001520527116066983,-0.012018027040560764,-0.0005005005005005447,-0.0027075812274367506,-0.008501118568232768,-0.005340453938584622,0.008075370121130465,-0.0011806375442738881,-0.005868544600938885,0.0,-0.0035087719298246833,0.011131167268351394,-0.009830205540661274,-0.027238481599536346,0.0017416545718431653
2021-06-28,15.2,19.05,21.28,8.2,33.31,0.031907671418873074,-0.007295466388744121,-0.010692701069270116,-0.012048192771084487,0.014003044140030507,False,False,False,False,True,-0.05576923076923068,-0.0019193857965451588,-0.016362492133417228,-0.023355869698832188,-0.025888324873096336,0.0,-0.001520527116066983,-0.012018027040560764,-0.026696832579185537,-0.0027075812274367506,-0.008501118568232768,-0.005340453938584622,-0.01891252955082745,-0.0011806375442738881,-0.005868544600938885,0.0,-0.022612317762570555,0.011131167268351394,-0.009830205540661274,-0.027238481599536346
2021-06-29,15.02,18.89,21.13,8.17,33.99,-0.011842105263157876,-0.008398950131233596,-0.007048872180451249,-0.003658536585365746,0.02041429000300199,False,False,False,False,False,0.031907671418873074,-0.05576923076923068,-0.0019193857965451588,-0.016362492133417228,-0.007295466388744121,-0.025888324873096336,0.0,-0.001520527116066983,-0.010692701069270116,-0.026696832579185537,-0.0027075812274367506,-0.008501118568232768,-0.012048192771084487,-0.01891252955082745,-0.0011806375442738881,-0.005868544600938885,0.014003044140030507,-0.022612317762570555,0.011131167268351394,-0.009830205540661274
2021-06-30,14.83,18.67,20.99,8.12,33.0,-0.012649800266311573,-0.011646373742720928,-0.006625650733554256,-0.006119951040391758,-0.029126213592233108,True,False,False,False,True,-0.011842105263157876,0.031907671418873074,-0.05576923076923068,-0.0019193857965451588,-0.008398950131233596,-0.007295466388744121,-0.025888324873096336,0.0,-0.007048872180451249,-0.010692701069270116,-0.026696832579185537,-0.0027075812274367506,-0.003658536585365746,-0.012048192771084487,-0.01891252955082745,-0.0011806375442738881,0.02041429000300199,0.014003044140030507,-0.022612317762570555,0.011131167268351394
2021-07-01,14.94,18.49,20.82,8.04,33.55,0.007417397167902795,-0.009641135511516019,-0.008099094807050844,-0.009852216748768461,0.016666666666666607,True,True,True,True,True,-0.012649800266311573,-0.011842105263157876,0.031907671418873074,-0.05576923076923068,-0.011646373742720928,-0.008398950131233596,-0.007295466388744121,-0.025888324873096336,-0.006625650733554256,-0.007048872180451249,-0.010692701069270116,-0.026696832579185537,-0.006119951040391758,-0.003658536585365746,-0.012048192771084487,-0.01891252955082745,-0.029126213592233108,0.02041429000300199,0.014003044140030507,-0.022612317762570555
2021-07-02,15.14,18.79,20.94,8.15,34.54,0.013386880856760541,0.016224986479177916,0.0057636887608070175,0.013681592039801238,0.029508196721311553,True,False,False,False,False,0.007417397167902795,-0.012649800266311573,-0.011842105263157876,0.031907671418873074,-0.009641135511516019,-0.011646373742720928,-0.008398950131233596,-0.007295466388744121,-0.008099094807050844,-0.006625650733554256,-0.007048872180451249,-0.010692701069270116,-0.009852216748768461,-0.006119951040391758,-0.003658536585365746,-0.012048192771084487,0.016666666666666607,-0.029126213592233108,0.02041429000300199,0.014003044140030507
2021-07-05,15.59,18.56,20.76,8.1,34.2,0.029722589167767488,-0.01224055348589681,-0.008595988538681931,-0.00613496932515345,-0.009843659525188064,False,False,False,False,False,0.013386880856760541,0.007417397167902795,-0.012649800266311573,-0.011842105263157876,0.016224986479177916,-0.009641135511516019,-0.011646373742720928,-0.008398950131233596,0.0057636887608070175,-0.008099094807050844,-0.006625650733554256,-0.007048872180451249,0.013681592039801238,-0.009852216748768461,-0.006119951040391758,-0.003658536585365746,0.029508196721311553,0.016666666666666607,-0.029126213592233108,0.02041429000300199
2021-07-06,15.25,18.28,20.57,8.05,33.84,-0.02180885182809489,-0.015086206896551602,-0.009152215799614671,-0.006172839506172756,-0.010526315789473717,True,True,True,True,True,0.029722589167767488,0.013386880856760541,0.007417397167902795,-0.012649800266311573,-0.01224055348589681,0.016224986479177916,-0.009641135511516019,-0.011646373742720928,-0.008595988538681931,0.0057636887608070175,-0.008099094807050844,-0.006625650733554256,-0.00613496932515345,0.013681592039801238,-0.009852216748768461,-0.006119951040391758,-0.009843659525188064,0.029508196721311553,0.016666666666666607,-0.029126213592233108
2021-07-07,15.44,18.42,20.79,8.22,35.32,0.012459016393442601,0.007658643326039494,0.010695187165775444,0.02111801242236022,0.04373522458628831,False,False,False,False,False,-0.02180885182809489,0.029722589167767488,0.013386880856760541,0.007417397167902795,-0.015086206896551602,-0.01224055348589681,0.016224986479177916,-0.009641135511516019,-0.009152215799614671,-0.008595988538681931,0.0057636887608070175,-0.008099094807050844,-0.006172839506172756,-0.00613496932515345,0.013681592039801238,-0.009852216748768461,-0.010526315789473717,-0.009843659525188064,0.029508196721311553,0.016666666666666607
2021-07-08,15.08,18.15,20.59,8.21,34.02,-0.023316062176165775,-0.014657980456026176,-0.00962000962000964,-0.0012165450121653931,-0.036806342015854976,True,True,True,True,True,0.012459016393442601,-0.02180885182809489,0.029722589167767488,0.013386880856760541,0.007658643326039494,-0.015086206896551602,-0.01224055348589681,0.016224986479177916,0.010695187165775444,-0.009152215799614671,-0.008595988538681931,0.0057636887608070175,0.02111801242236022,-0.006172839506172756,-0.00613496932515345,0.013681592039801238,0.04373522458628831,-0.010526315789473717,-0.009843659525188064,0.029508196721311553
2021-07-12,15.34,18.54,20.9,8.26,34.85,0.01724137931034475,0.02148760330578514,0.015055852355512434,0.006090133982947554,0.024397413286302072,True,True,True,True,False,-0.023316062176165775,0.012459016393442601,-0.02180885182809489,0.029722589167767488,-0.014657980456026176,0.007658643326039494,-0.015086206896551602,-0.01224055348589681,-0.00962000962000964,0.010695187165775444,-0.009152215799614671,-0.008595988538681931,-0.0012165450121653931,0.02111801242236022,-0.006172839506172756,-0.00613496932515345,-0.036806342015854976,0.04373522458628831,-0.010526315789473717,-0.009843659525188064
2021-07-13,15.47,18.6,20.94,8.34,34.46,0.008474576271186418,0.003236245954692629,0.001913875598086312,0.009685230024213176,-0.011190817790530883,True,True,True,True,False,0.01724137931034475,-0.023316062176165775,0.012459016393442601,-0.02180885182809489,0.02148760330578514,-0.014657980456026176,0.007658643326039494,-0.015086206896551602,0.015055852355512434,-0.00962000962000964,0.010695187165775444,-0.009152215799614671,0.006090133982947554,-0.0012165450121653931,0.02111801242236022,-0.006172839506172756,0.024397413286302072,-0.036806342015854976,0.04373522458628831,-0.010526315789473717
2021-07-14,15.56,18.84,21.1,8.39,34.29,0.005817711700064621,0.012903225806451424,0.00764087870105068,0.00599520383693064,-0.004933255948926352,False,False,False,False,False,0.008474576271186418,0.01724137931034475,-0.023316062176165775,0.012459016393442601,0.003236245954692629,0.02148760330578514,-0.014657980456026176,0.007658643326039494,0.001913875598086312,0.015055852355512434,-0.00962000962000964,0.010695187165775444,0.009685230024213176,0.006090133982947554,-0.0012165450121653931,0.02111801242236022,-0.011190817790530883,0.024397413286302072,-0.036806342015854976,0.04373522458628831
2021-07-15,15.31,18.75,20.68,8.29,34.21,-0.016066838046272514,-0.004777070063694211,-0.019905213270142275,-0.01191895113230057,-0.002333041703120431,False,False,False,False,False,0.005817711700064621,0.008474576271186418,0.01724137931034475,-0.023316062176165775,0.012903225806451424,0.003236245954692629,0.02148760330578514,-0.014657980456026176,0.00764087870105068,0.001913875598086312,0.015055852355512434,-0.00962000962000964,0.00599520383693064,0.009685230024213176,0.006090133982947554,-0.0012165450121653931,-0.004933255948926352,-0.011190817790530883,0.024397413286302072,-0.036806342015854976
2021-07-16,15.14,18.42,20.42,8.27,33.59,-0.011103853690398457,-0.01759999999999995,-0.012572533849129486,-0.0024125452352231624,-0.01812335574393442,False,False,False,False,False,-0.016066838046272514,0.005817711700064621,0.008474576271186418,0.01724137931034475,-0.004777070063694211,0.012903225806451424,0.003236245954692629,0.02148760330578514,-0.019905213270142275,0.00764087870105068,0.001913875598086312,0.015055852355512434,-0.01191895113230057,0.00599520383693064,0.009685230024213176,0.006090133982947554,-0.002333041703120431,-0.004933255948926352,-0.011190817790530883,0.024397413286302072
2021-07-19,14.78,18.17,20.22,8.09,33.48,-0.023778071334214057,-0.01357220412595006,-0.009794319294809117,-0.021765417170495738,-0.003274784161953148,True,True,True,True,True,-0.011103853690398457,-0.016066838046272514,0.005817711700064621,0.008474576271186418,-0.01759999999999995,-0.004777070063694211,0.012903225806451424,0.003236245954692629,-0.012572533849129486,-0.019905213270142275,0.00764087870105068,0.001913875598086312,-0.0024125452352231624,-0.01191895113230057,0.00599520383693064,0.009685230024213176,-0.01812335574393442,-0.002333041703120431,-0.004933255948926352,-0.011190817790530883
2021-07-20,14.8,18.36,20.57,8.12,33.84,0.0013531799729364913,0.010456796917996503,0.017309594460929834,0.003708281829418958,0.010752688172043223,True,True,True,True,False,-0.023778071334214057,-0.011103853690398457,-0.016066838046272514,0.005817711700064621,-0.01357220412595006,-0.01759999999999995,-0.004777070063694211,0.012903225806451424,-0.009794319294809117,-0.012572533849129486,-0.019905213270142275,0.00764087870105068,-0.021765417170495738,-0.0024125452352231624,-0.01191895113230057,0.00599520383693064,-0.003274784161953148,-0.01812335574393442,-0.002333041703120431,-0.004933255948926352
2021-07-21,14.94,18.45,20.61,8.2,33.75,0.009459459459459474,0.004901960784313708,0.001944579484686404,0.009852216748768461,-0.0026595744680851796,False,False,False,False,True,0.0013531799729364913,-0.023778071334214057,-0.011103853690398457,-0.016066838046272514,0.010456796917996503,-0.01357220412595006,-0.01759999999999995,-0.004777070063694211,0.017309594460929834,-0.009794319294809117,-0.012572533849129486,-0.019905213270142275,0.003708281829418958,-0.021765417170495738,-0.0024125452352231624,-0.01191895113230057,0.010752688172043223,-0.003274784161953148,-0.01812335574393442,-0.002333041703120431
2021-07-22,14.8,18.27,20.41,8.18,34.38,-0.009370816599732157,-0.009756097560975618,-0.009704027171276053,-0.0024390243902439046,0.01866666666666683,False,False,False,False,False,0.009459459459459474,0.0013531799729364913,-0.023778071334214057,-0.011103853690398457,0.004901960784313708,0.010456796917996503,-0.01357220412595006,-0.01759999999999995,0.001944579484686404,0.017309594460929834,-0.009794319294809117,-0.012572533849129486,0.009852216748768461,0.003708281829418958,-0.021765417170495738,-0.0024125452352231624,-0.0026595744680851796,0.010752688172043223,-0.003274784161953148,-0.01812335574393442
2021-07-23,14.55,18.09,20.36,8.13,34.09,-0.016891891891891886,-0.009852216748768461,-0.002449779519843265,-0.006112469437652646,-0.008435136707387936,True,True,True,True,False,-0.009370816599732157,0.009459459459459474,0.0013531799729364913,-0.023778071334214057,-0.009756097560975618,0.004901960784313708,0.010456796917996503,-0.01357220412595006,-0.009704027171276053,0.001944579484686404,0.017309594460929834,-0.009794319294809117,-0.0024390243902439046,0.009852216748768461,0.003708281829418958,-0.021765417170495738,0.01866666666666683,-0.0026595744680851796,0.010752688172043223,-0.003274784161953148
2021-07-26,14.85,18.22,20.7,8.21,33.94,0.020618556701030855,0.007186290768380177,0.016699410609037235,0.009840098400984099,-0.004400117336462506,False,True,False,True,False,-0.016891891891891886,-0.009370816599732157,0.009459459459459474,0.0013531799729364913,-0.009852216748768461,-0.009756097560975618,0.004901960784313708,0.010456796917996503,-0.002449779519843265,-0.009704027171276053,0.001944579484686404,0.017309594460929834,-0.006112469437652646,-0.0024390243902439046,0.009852216748768461,0.003708281829418958,-0.008435136707387936,0.01866666666666683,-0.0026595744680851796,0.010752688172043223
2021-07-27,14.7,18.27,20.9,8.21,33.69,-0.010101010101010166,0.0027442371020856005,0.009661835748792313,0.0,-0.007365939893930418,True,True,True,True,True,0.020618556701030855,-0.016891891891891886,-0.009370816599732157,0.009459459459459474,0.007186290768380177,-0.009852216748768461,-0.009756097560975618,0.004901960784313708,0.016699410609037235,-0.002449779519843265,-0.009704027171276053,0.001944579484686404,0.009840098400984099,-0.006112469437652646,-0.0024390243902439046,0.009852216748768461,-0.004400117336462506,-0.008435136707387936,0.01866666666666683,-0.0026595744680851796
2021-07-28,15.06,18.62,21.61,8.31,36.44,0.02448979591836742,0.019157088122605526,0.03397129186602865,0.012180267965895109,0.0816265954289106,False,False,False,True,False,-0.010101010101010166,0.020618556701030855,-0.016891891891891886,-0.009370816599732157,0.0027442371020856005,0.007186290768380177,-0.009852216748768461,-0.009756097560975618,0.009661835748792313,0.016699410609037235,-0.002449779519843265,-0.009704027171276053,0.0,0.009840098400984099,-0.006112469437652646,-0.0024390243902439046,-0.007365939893930418,-0.004400117336462506,-0.008435136707387936,0.01866666666666683
2021-07-29,14.88,18.52,21.78,8.31,35.39,-0.01195219123505975,-0.00537056928034374,0.007866728366497044,0.0,-0.028814489571898916,False,False,False,False,False,0.02448979591836742,-0.010101010101010166,0.020618556701030855,-0.016891891891891886,0.019157088122605526,0.0027442371020856005,0.007186290768380177,-0.009852216748768461,0.03397129186602865,0.009661835748792313,0.016699410609037235,-0.002449779519843265,0.012180267965895109,0.0,0.009840098400984099,-0.006112469437652646,0.0816265954289106,-0.007365939893930418,-0.004400117336462506,-0.008435136707387936
2021-07-30,14.46,18.06,21.57,8.12,34.98,-0.028225806451612878,-0.024838012958963374,-0.009641873278236957,-0.022864019253911128,-0.011585193557502205,True,True,True,True,True,-0.01195219123505975,0.02448979591836742,-0.010101010101010166,0.020618556701030855,-0.00537056928034374,0.019157088122605526,0.0027442371020856005,0.007186290768380177,0.007866728366497044,0.03397129186602865,0.009661835748792313,0.016699410609037235,0.0,0.012180267965895109,0.0,0.009840098400984099,-0.028814489571898916,0.0816265954289106,-0.007365939893930418,-0.004400117336462506
2021-08-02,14.65,18.21,21.77,8.3,36.06,0.013139695712309774,0.008305647840531671,0.009272137227630983,0.022167487684729315,0.030874785591766818,True,True,True,True,False,-0.028225806451612878,-0.01195219123505975,0.02448979591836742,-0.010101010101010166,-0.024838012958963374,-0.00537056928034374,0.019157088122605526,0.0027442371020856005,-0.009641873278236957,0.007866728366497044,0.03397129186602865,0.009661835748792313,-0.022864019253911128,0.0,0.012180267965895109,0.0,-0.011585193557502205,-0.028814489571898916,0.0816265954289106,-0.007365939893930418
2021-08-03,14.83,18.33,21.95,8.31,35.83,0.012286689419795271,0.006589785831960349,0.008268259072117479,0.00120481927710836,-0.006378258458125452,False,False,False,False,False,0.013139695712309774,-0.028225806451612878,-0.01195219123505975,0.02448979591836742,0.008305647840531671,-0.024838012958963374,-0.00537056928034374,0.019157088122605526,0.009272137227630983,-0.009641873278236957,0.007866728366497044,0.03397129186602865,0.022167487684729315,-0.022864019253911128,0.0,0.012180267965895109,0.030874785591766818,-0.011585193557502205,-0.028814489571898916,0.0816265954289106
2021-08-04,14.45,17.68,21.31,8.17,35.49,-0.025623735670937342,-0.03546099290780136,-0.029157175398633273,-0.016847172081829176,-0.009489254814401216,False,False,False,True,False,0.012286689419795271,0.013139695712309774,-0.028225806451612878,-0.01195219123505975,0.006589785831960349,0.008305647840531671,-0.024838012958963374,-0.00537056928034374,0.008268259072117479,0.009272137227630983,-0.009641873278236957,0.007866728366497044,0.00120481927710836,0.022167487684729315,-0.022864019253911128,0.0,-0.006378258458125452,0.030874785591766818,-0.011585193557502205,-0.028814489571898916
2021-08-05,14.44,17.38,21.51,8.17,35.28,-0.0006920415224913601,-0.016968325791855254,0.009385265133740273,0.0,-0.00591715976331364,True,True,True,True,True,-0.025623735670937342,0.012286689419795271,0.013139695712309774,-0.028225806451612878,-0.03546099290780136,0.006589785831960349,0.008305647840531671,-0.024838012958963374,-0.029157175398633273,0.008268259072117479,0.009272137227630983,-0.009641873278236957,-0.016847172081829176,0.00120481927710836,0.022167487684729315,-0.022864019253911128,-0.009489254814401216,-0.006378258458125452,0.030874785591766818,-0.011585193557502205
2021-08-06,14.86,17.75,21.96,8.32,35.66,0.02908587257617734,0.02128883774453394,0.02092050209205021,0.01835985312117505,0.010770975056689114,True,False,True,True,False,-0.0006920415224913601,-0.025623735670937342,0.012286689419795271,0.013139695712309774,-0.016968325791855254,-0.03546099290780136,0.006589785831960349,0.008305647840531671,0.009385265133740273,-0.029157175398633273,0.008268259072117479,0.009272137227630983,0.0,-0.016847172081829176,0.00120481927710836,0.022167487684729315,-0.00591715976331364,-0.009489254814401216,-0.006378258458125452,0.030874785591766818
2021-08-09,14.91,17.73,22.12,8.42,35.58,0.003364737550471064,-0.0011267605633802358,0.007285974499089187,0.012019230769230616,-0.0022434099831744048,False,False,False,False,False,0.02908587257617734,-0.0006920415224913601,-0.025623735670937342,0.012286689419795271,0.02128883774453394,-0.016968325791855254,-0.03546099290780136,0.006589785831960349,0.02092050209205021,0.009385265133740273,-0.029157175398633273,0.008268259072117479,0.01835985312117505,0.0,-0.016847172081829176,0.00120481927710836,0.010770975056689114,-0.00591715976331364,-0.009489254814401216,-0.006378258458125452
2021-08-10,14.52,17.42,21.83,8.3,35.51,-0.026156941649899457,-0.017484489565707806,-0.013110307414105016,-0.014251781472684022,-0.0019673974142776496,False,True,True,True,True,0.003364737550471064,0.02908587257617734,-0.0006920415224913601,-0.025623735670937342,-0.0011267605633802358,0.02128883774453394,-0.016968325791855254,-0.03546099290780136,0.007285974499089187,0.02092050209205021,0.009385265133740273,-0.029157175398633273,0.012019230769230616,0.01835985312117505,0.0,-0.016847172081829176,-0.0022434099831744048,0.010770975056689114,-0.00591715976331364,-0.009489254814401216
2021-08-11,14.4,17.54,22.06,8.47,35.57,-0.008264462809917328,0.006888633754305262,0.010535959688502183,0.02048192771084345,0.001689664883131492,True,False,False,False,False,-0.026156941649899457,0.003364737550471064,0.02908587257617734,-0.0006920415224913601,-0.017484489565707806,-0.0011267605633802358,0.02128883774453394,-0.016968325791855254,-0.013110307414105016,0.007285974499089187,0.02092050209205021,0.009385265133740273,-0.014251781472684022,0.012019230769230616,0.01835985312117505,0.0,-0.0019673974142776496,-0.0022434099831744048,0.010770975056689114,-0.00591715976331364
2021-08-12,14.41,17.36,21.69,8.2,34.94,0.000694444444444331,-0.010262257696693311,-0.016772438803263734,-0.031877213695395645,-0.0177115546809109,True,True,True,True,True,-0.008264462809917328,-0.026156941649899457,0.003364737550471064,0.02908587257617734,0.006888633754305262,-0.017484489565707806,-0.0011267605633802358,0.02128883774453394,0.010535959688502183,-0.013110307414105016,0.007285974499089187,0.02092050209205021,0.02048192771084345,-0.014251781472684022,0.012019230769230616,0.01835985312117505,0.001689664883131492,-0.0019673974142776496,-0.0022434099831744048,0.010770975056689114
2021-08-13,14.47,17.48,21.94,8.27,35.2,0.004163775156141636,0.00691244239631339,0.01152604887044717,0.008536585365853666,0.0074413279908416285,False,False,False,False,False,0.000694444444444331,-0.008264462809917328,-0.026156941649899457,0.003364737550471064,-0.010262257696693311,0.006888633754305262,-0.017484489565707806,-0.0011267605633802358,-0.016772438803263734,0.010535959688502183,-0.013110307414105016,0.007285974499089187,-0.031877213695395645,0.02048192771084345,-0.014251781472684022,0.012019230769230616,-0.0177115546809109,0.001689664883131492,-0.0019673974142776496,-0.0022434099831744048
2021-08-16,14.25,17.3,21.65,8.18,33.86,-0.015203870076019421,-0.010297482837528626,-0.013217866909754017,-0.010882708585247869,-0.038068181818181945,False,False,False,True,True,0.004163775156141636,0.000694444444444331,-0.008264462809917328,-0.026156941649899457,0.00691244239631339,-0.010262257696693311,0.006888633754305262,-0.017484489565707806,0.01152604887044717,-0.016772438803263734,0.010535959688502183,-0.013110307414105016,0.008536585365853666,-0.031877213695395645,0.02048192771084345,-0.014251781472684022,0.0074413279908416285,-0.0177115546809109,0.001689664883131492,-0.0019673974142776496
2021-08-17,14.18,17.29,21.68,8.04,34.13,-0.0049122807017544234,-0.0005780346820810633,0.001385681293302632,-0.017114914425427896,0.007974010632014306,True,False,True,True,False,-0.015203870076019421,0.004163775156141636,0.000694444444444331,-0.008264462809917328,-0.010297482837528626,0.00691244239631339,-0.010262257696693311,0.006888633754305262,-0.013217866909754017,0.01152604887044717,-0.016772438803263734,0.010535959688502183,-0.010882708585247869,0.008536585365853666,-0.031877213695395645,0.02048192771084345,-0.038068181818181945,0.0074413279908416285,-0.0177115546809109,0.001689664883131492
2021-08-18,14.31,17.06,21.77,8.17,33.04,0.009167842031029716,-0.01330248698669756,0.004151291512915156,0.016169154228855787,-0.03193671256958697,True,True,False,False,True,-0.0049122807017544234,-0.015203870076019421,0.004163775156141636,0.000694444444444331,-0.0005780346820810633,-0.010297482837528626,0.00691244239631339,-0.010262257696693311,0.001385681293302632,-0.013217866909754017,0.01152604887044717,-0.016772438803263734,-0.017114914425427896,-0.010882708585247869,0.008536585365853666,-0.031877213695395645,0.007974010632014306,-0.038068181818181945,0.0074413279908416285,-0.0177115546809109
2021-08-19,14.94,17.17,21.55,8.12,34.62,0.04402515723270439,0.006447831184056341,-0.01010564997703256,-0.006119951040391758,0.04782082324455206,True,False,False,True,True,0.009167842031029716,-0.0049122807017544234,-0.015203870076019421,0.004163775156141636,-0.01330248698669756,-0.0005780346820810633,-0.010297482837528626,0.00691244239631339,0.004151291512915156,0.001385681293302632,-0.013217866909754017,0.01152604887044717,0.016169154228855787,-0.017114914425427896,-0.010882708585247869,0.008536585365853666,-0.03193671256958697,0.007974010632014306,-0.038068181818181945,0.0074413279908416285
2021-08-20,15.24,17.1,21.66,8.11,35.4,0.02008032128514059,-0.004076878276062956,0.005104408352668122,-0.0012315270935960854,0.022530329289428108,False,True,True,True,False,0.04402515723270439,0.009167842031029716,-0.0049122807017544234,-0.015203870076019421,0.006447831184056341,-0.01330248698669756,-0.0005780346820810633,-0.010297482837528626,-0.01010564997703256,0.004151291512915156,0.001385681293302632,-0.013217866909754017,-0.006119951040391758,0.016169154228855787,-0.017114914425427896,-0.010882708585247869,0.04782082324455206,-0.03193671256958697,0.007974010632014306,-0.038068181818181945
2021-08-23,15.08,17.13,21.88,8.12,35.18,-0.01049868766404205,0.0017543859649120641,0.010156971375807844,0.0012330456226881115,-0.006214689265536699,True,True,True,True,False,0.02008032128514059,0.04402515723270439,0.009167842031029716,-0.0049122807017544234,-0.004076878276062956,0.006447831184056341,-0.01330248698669756,-0.0005780346820810633,0.005104408352668122,-0.01010564997703256,0.004151291512915156,0.001385681293302632,-0.0012315270935960854,-0.006119951040391758,0.016169154228855787,-0.017114914425427896,0.022530329289428108,0.04782082324455206,-0.03193671256958697,0.007974010632014306
2021-08-24,15.28,17.63,22.33,8.26,35.09,0.013262599469495928,0.029188558085230687,0.020566727605118906,0.017241379310344973,-0.002558271745309759,False,False,True,True,True,-0.01049868766404205,0.02008032128514059,0.04402515723270439,0.009167842031029716,0.0017543859649120641,-0.004076878276062956,0.006447831184056341,-0.01330248698669756,0.010156971375807844,0.005104408352668122,-0.01010564997703256,0.004151291512915156,0.0012330456226881115,-0.0012315270935960854,-0.006119951040391758,0.016169154228855787,-0.006214689265536699,0.022530329289428108,0.04782082324455206,-0.03193671256958697
2021-08-25,15.27,17.58,22.51,8.27,35.8,-0.0006544502617801262,-0.0028360748723766926,0.008060904612628983,0.001210653753026536,0.02023368481048715,False,False,False,False,True,0.013262599469495928,-0.01049868766404205,0.02008032128514059,0.04402515723270439,0.029188558085230687,0.0017543859649120641,-0.004076878276062956,0.006447831184056341,0.020566727605118906,0.010156971375807844,0.005104408352668122,-0.01010564997703256,0.017241379310344973,0.0012330456226881115,-0.0012315270935960854,-0.006119951040391758,-0.002558271745309759,-0.006214689265536699,0.022530329289428108,0.04782082324455206
2021-08-26,14.87,17.23,22.14,8.17,36.18,-0.026195153896529155,-0.019908987485779184,-0.016437139049311433,-0.012091898428053138,0.010614525139664988,False,True,True,True,True,-0.0006544502617801262,0.013262599469495928,-0.01049868766404205,0.02008032128514059,-0.0028360748723766926,0.029188558085230687,0.0017543859649120641,-0.004076878276062956,0.008060904612628983,0.020566727605118906,0.010156971375807844,0.005104408352668122,0.001210653753026536,0.017241379310344973,0.0012330456226881115,-0.0012315270935960854,0.02023368481048715,-0.002558271745309759,-0.006214689265536699,0.022530329289428108
2021-08-27,14.81,17.45,22.42,8.28,36.31,-0.004034969737726879,0.012768427161926832,0.012646793134598155,0.01346389228886169,0.0035931453841901995,True,False,False,False,False,-0.026195153896529155,-0.0006544502617801262,0.013262599469495928,-0.01049868766404205,-0.019908987485779184,-0.0028360748723766926,0.029188558085230687,0.0017543859649120641,-0.016437139049311433,0.008060904612628983,0.020566727605118906,0.010156971375807844,-0.012091898428053138,0.001210653753026536,0.017241379310344973,0.0012330456226881115,0.010614525139664988,0.02023368481048715,-0.002558271745309759,-0.006214689265536699
2021-08-30,14.93,17.3,22.38,8.19,36.09,0.008102633355840494,-0.00859598853868182,-0.001784121320249854,-0.010869565217391242,-0.006058936931974679,False,True,True,True,False,-0.004034969737726879,-0.026195153896529155,-0.0006544502617801262,0.013262599469495928,0.012768427161926832,-0.019908987485779184,-0.0028360748723766926,0.029188558085230687,0.012646793134598155,-0.016437139049311433,0.008060904612628983,0.020566727605118906,0.01346389228886169,-0.012091898428053138,0.001210653753026536,0.017241379310344973,0.0035931453841901995,0.010614525139664988,0.02023368481048715,-0.002558271745309759
2021-08-31,14.86,17.45,22.58,8.29,34.99,-0.0046885465505693835,0.00867052023121384,0.008936550491510209,0.012210012210012167,-0.030479357162648935,True,True,True,True,True,0.008102633355840494,-0.004034969737726879,-0.026195153896529155,-0.0006544502617801262,-0.00859598853868182,0.012768427161926832,-0.019908987485779184,-0.0028360748723766926,-0.001784121320249854,0.012646793134598155,-0.016437139049311433,0.008060904612628983,-0.010869565217391242,0.01346389228886169,-0.012091898428053138,0.001210653753026536,-0.006058936931974679,0.0035931453841901995,0.010614525139664988,0.02023368481048715
2021-09-01,15.0,17.47,22.98,8.42,35.71,0.009421265141319024,0.0011461318051575464,0.017714791851195955,0.01568154402895061,0.020577307802229106,False,False,False,False,False,-0.0046885465505693835,0.008102633355840494,-0.004034969737726879,-0.026195153896529155,0.00867052023121384,-0.00859598853868182,0.012768427161926832,-0.019908987485779184,0.008936550491510209,-0.001784121320249854,0.012646793134598155,-0.016437139049311433,0.012210012210012167,-0.010869565217391242,0.01346389228886169,-0.012091898428053138,-0.030479357162648935,-0.006058936931974679,0.0035931453841901995,0.010614525139664988
2021-09-02,14.35,16.81,22.08,8.18,35.17,-0.043333333333333335,-0.03777904979965652,-0.039164490861618884,-0.028503562945368155,-0.015121814617754081,True,False,False,False,True,0.009421265141319024,-0.0046885465505693835,0.008102633355840494,-0.004034969737726879,0.0011461318051575464,0.00867052023121384,-0.00859598853868182,0.012768427161926832,0.017714791851195955,0.008936550491510209,-0.001784121320249854,0.012646793134598155,0.01568154402895061,0.012210012210012167,-0.010869565217391242,0.01346389228886169,0.020577307802229106,-0.030479357162648935,-0.006058936931974679,0.0035931453841901995
2021-09-03,14.39,16.81,21.68,8.11,35.67,0.0027874564459930973,0.0,-0.018115942028985477,-0.008557457212713948,0.014216661927779262,True,True,True,True,True,-0.043333333333333335,0.009421265141319024,-0.0046885465505693835,0.008102633355840494,-0.03777904979965652,0.0011461318051575464,0.00867052023121384,-0.00859598853868182,-0.039164490861618884,0.017714791851195955,0.008936550491510209,-0.001784121320249854,-0.028503562945368155,0.01568154402895061,0.012210012210012167,-0.010869565217391242,-0.015121814617754081,0.020577307802229106,-0.030479357162648935,-0.006058936931974679
2021-09-06,14.94,16.98,22.16,8.29,35.8,0.0382209867963863,0.010113027959548049,0.022140221402213944,0.022194821208384674,0.0036445192038125906,False,False,False,False,True,0.0027874564459930973,-0.043333333333333335,0.009421265141319024,-0.0046885465505693835,0.0,-0.03777904979965652,0.0011461318051575464,0.00867052023121384,-0.018115942028985477,-0.039164490861618884,0.017714791851195955,0.008936550491510209,-0.008557457212713948,-0.028503562945368155,0.01568154402895061,0.012210012210012167,0.014216661927779262,-0.015121814617754081,0.020577307802229106,-0.030479357162648935
2021-09-08,14.08,15.9,20.98,7.88,35.9,-0.05756358768406955,-0.06360424028268552,-0.05324909747292417,-0.049457177322074664,0.0027932960893854997,True,True,True,True,True,0.0382209867963863,0.0027874564459930973,-0.043333333333333335,0.009421265141319024,0.010113027959548049,0.0,-0.03777904979965652,0.0011461318051575464,0.022140221402213944,-0.018115942028985477,-0.039164490861618884,0.017714791851195955,0.022194821208384674,-0.008557457212713948,-0.028503562945368155,0.01568154402895061,0.0036445192038125906,0.014216661927779262,-0.015121814617754081,0.020577307802229106
2021-09-09,14.17,16.02,21.29,7.96,38.22,0.006392045454545414,0.007547169811320753,0.014775977121067596,0.010152284263959421,0.06462395543175492,False,False,False,False,False,-0.05756358768406955,0.0382209867963863,0.0027874564459930973,-0.043333333333333335,-0.06360424028268552,0.010113027959548049,0.0,-0.03777904979965652,-0.05324909747292417,0.022140221402213944,-0.018115942028985477,-0.039164490861618884,-0.049457177322074664,0.022194821208384674,-0.008557457212713948,-0.028503562945368155,0.0027932960893854997,0.0036445192038125906,0.014216661927779262,-0.015121814617754081
2021-09-10,13.99,15.85,21.15,7.95,38.04,-0.012702893436838392,-0.01061173533083648,-0.006575857209957792,-0.0012562814070351536,-0.004709576138147598,True,True,True,True,True,0.006392045454545414,-0.05756358768406955,0.0382209867963863,0.0027874564459930973,0.007547169811320753,-0.06360424028268552,0.010113027959548049,0.0,0.014775977121067596,-0.05324909747292417,0.022140221402213944,-0.018115942028985477,0.010152284263959421,-0.049457177322074664,0.022194821208384674,-0.008557457212713948,0.06462395543175492,0.0027932960893854997,0.0036445192038125906,0.014216661927779262
2021-09-13,14.21,16.12,21.42,8.0,38.27,0.01572551822730528,0.017034700315457396,0.01276595744680864,0.0062893081761006275,0.0060462670872767355,True,False,True,False,True,-0.012702893436838392,0.006392045454545414,-0.05756358768406955,0.0382209867963863,-0.01061173533083648,0.007547169811320753,-0.06360424028268552,0.010113027959548049,-0.006575857209957792,0.014775977121067596,-0.05324909747292417,0.022140221402213944,-0.0012562814070351536,0.010152284263959421,-0.049457177322074664,0.022194821208384674,-0.004709576138147598,0.06462395543175492,0.0027932960893854997,0.0036445192038125906
2021-09-14,14.28,16.0,21.25,8.15,38.75,0.004926108374384119,-0.007444168734491385,-0.00793650793650802,0.018750000000000044,0.01254246145806115,False,False,False,False,True,0.01572551822730528,-0.012702893436838392,0.006392045454545414,-0.05756358768406955,0.017034700315457396,-0.01061173533083648,0.007547169811320753,-0.06360424028268552,0.01276595744680864,-0.006575857209957792,0.014775977121067596,-0.05324909747292417,0.0062893081761006275,-0.0012562814070351536,0.010152284263959421,-0.049457177322074664,0.0060462670872767355,-0.004709576138147598,0.06462395543175492,0.0027932960893854997
2021-09-15,13.92,15.88,20.96,7.99,39.2,-0.025210084033613356,-0.007499999999999951,-0.013647058823529346,-0.019631901840490795,0.011612903225806548,True,False,True,True,True,0.004926108374384119,0.01572551822730528,-0.012702893436838392,0.006392045454545414,-0.007444168734491385,0.017034700315457396,-0.01061173533083648,0.007547169811320753,-0.00793650793650802,0.01276595744680864,-0.006575857209957792,0.014775977121067596,0.018750000000000044,0.0062893081761006275,-0.0012562814070351536,0.010152284263959421,0.01254246145806115,0.0060462670872767355,-0.004709576138147598,0.06462395543175492
2021-09-16,14.01,15.58,20.97,8.01,39.26,0.006465517241379226,-0.018891687657430767,0.0004770992366411875,0.0025031289111387967,0.001530612244897922,False,False,False,False,False,-0.025210084033613356,0.004926108374384119,0.01572551822730528,-0.012702893436838392,-0.007499999999999951,-0.007444168734491385,0.017034700315457396,-0.01061173533083648,-0.013647058823529346,-0.00793650793650802,0.01276595744680864,-0.006575857209957792,-0.019631901840490795,0.018750000000000044,0.0062893081761006275,-0.0012562814070351536,0.011612903225806548,0.01254246145806115,0.0060462670872767355,-0.004709576138147598
2021-09-17,13.68,15.14,20.41,7.86,38.56,-0.023554603854389677,-0.028241335044929317,-0.026704816404387155,-0.01872659176029956,-0.01782985226693823,False,False,False,False,False,0.006465517241379226,-0.025210084033613356,0.004926108374384119,0.01572551822730528,-0.018891687657430767,-0.007499999999999951,-0.007444168734491385,0.017034700315457396,0.0004770992366411875,-0.013647058823529346,-0.00793650793650802,0.01276595744680864,0.0025031289111387967,-0.019631901840490795,0.018750000000000044,0.0062893081761006275,0.001530612244897922,0.011612903225806548,0.01254246145806115,0.0060462670872767355
2021-09-20,13.56,14.62,20.03,7.62,38.26,-0.00877192982456132,-0.034346103038309206,-0.018618324350808346,-0.03053435114503822,-0.007780082987551951,True,True,True,False,True,-0.023554603854389677,0.006465517241379226,-0.025210084033613356,0.004926108374384119,-0.028241335044929317,-0.018891687657430767,-0.007499999999999951,-0.007444168734491385,-0.026704816404387155,0.0004770992366411875,-0.013647058823529346,-0.00793650793650802,-0.01872659176029956,0.0025031289111387967,-0.019631901840490795,0.018750000000000044,-0.01782985226693823,0.001530612244897922,0.011612903225806548,0.01254246145806115
2021-09-21,13.61,14.81,20.01,7.75,39.11,0.0036873156342183133,0.0129958960328318,-0.0009985022466300064,0.017060367454068137,0.022216414009409435,True,True,True,True,True,-0.00877192982456132,-0.023554603854389677,0.006465517241379226,-0.025210084033613356,-0.034346103038309206,-0.028241335044929317,-0.018891687657430767,-0.007499999999999951,-0.018618324350808346,-0.026704816404387155,0.0004770992366411875,-0.013647058823529346,-0.03053435114503822,-0.01872659176029956,0.0025031289111387967,-0.019631901840490795,-0.007780082987551951,-0.01782985226693823,0.001530612244897922,0.011612903225806548
2021-09-22,13.66,15.14,20.49,7.87,39.92,0.0036737692872887973,0.022282241728561747,0.023988005997001238,0.015483870967741842,0.0207108156481719,True,True,True,True,True,0.0036873156342183133,-0.00877192982456132,-0.023554603854389677,0.006465517241379226,0.0129958960328318,-0.034346103038309206,-0.028241335044929317,-0.018891687657430767,-0.0009985022466300064,-0.018618324350808346,-0.026704816404387155,0.0004770992366411875,0.017060367454068137,-0.03053435114503822,-0.01872659176029956,0.0025031289111387967,0.022216414009409435,-0.007780082987551951,-0.01782985226693823,0.001530612244897922
2021-09-23,13.8,15.66,21.19,8.02,40.51,0.01024890190336758,0.034346103038308984,0.03416300634455838,0.019059720457433205,0.014779559118236474,False,False,False,False,True,0.0036737692872887973,0.0036873156342183133,-0.00877192982456132,-0.023554603854389677,0.022282241728561747,0.0129958960328318,-0.034346103038309206,-0.028241335044929317,0.023988005997001238,-0.0009985022466300064,-0.018618324350808346,-0.026704816404387155,0.015483870967741842,0.017060367454068137,-0.03053435114503822,-0.01872659176029956,0.0207108156481719,0.022216414009409435,-0.007780082987551951,-0.01782985226693823
2021-09-24,13.76,15.45,20.9,7.92,40.68,-0.0028985507246377384,-0.013409961685823757,-0.013685700802265388,-0.012468827930174564,0.004196494692668473,False,True,True,True,False,0.01024890190336758,0.0036737692872887973,0.0036873156342183133,-0.00877192982456132,0.034346103038308984,0.022282241728561747,0.0129958960328318,-0.034346103038309206,0.03416300634455838,0.023988005997001238,-0.0009985022466300064,-0.018618324350808346,0.019059720457433205,0.015483870967741842,0.017060367454068137,-0.03053435114503822,0.014779559118236474,0.0207108156481719,0.022216414009409435,-0.007780082987551951
2021-09-27,13.75,15.78,21.45,8.03,40.22,-0.0007267441860464574,0.021359223300970953,0.026315789473684292,0.01388888888888884,-0.011307767944936153,False,False,False,False,False,-0.0028985507246377384,0.01024890190336758,0.0036737692872887973,0.0036873156342183133,-0.013409961685823757,0.034346103038308984,0.022282241728561747,0.0129958960328318,-0.013685700802265388,0.03416300634455838,0.023988005997001238,-0.0009985022466300064,-0.012468827930174564,0.019059720457433205,0.015483870967741842,0.017060367454068137,0.004196494692668473,0.014779559118236474,0.0207108156481719,0.022216414009409435
2021-09-28,13.42,15.42,20.92,7.93,40.04,-0.02400000000000002,-0.02281368821292773,-0.02470862470862456,-0.01245330012453294,-0.004475385380407704,True,True,True,True,False,-0.0007267441860464574,-0.0028985507246377384,0.01024890190336758,0.0036737692872887973,0.021359223300970953,-0.013409961685823757,0.034346103038308984,0.022282241728561747,0.026315789473684292,-0.013685700802265388,0.03416300634455838,0.023988005997001238,0.01388888888888884,-0.012468827930174564,0.019059720457433205,0.015483870967741842,-0.011307767944936153,0.004196494692668473,0.014779559118236474,0.0207108156481719
2021-09-29,13.46,15.65,21.24,8.06,39.25,0.0029806259314457684,0.0149156939040207,0.015296367112810572,0.016393442622950838,-0.0197302697302697,False,False,True,True,False,-0.02400000000000002,-0.0007267441860464574,-0.0028985507246377384,0.01024890190336758,-0.02281368821292773,0.021359223300970953,-0.013409961685823757,0.034346103038308984,-0.02470862470862456,0.026315789473684292,-0.013685700802265388,0.03416300634455838,-0.01245330012453294,0.01388888888888884,-0.012468827930174564,0.019059720457433205,-0.004475385380407704,-0.011307767944936153,0.004196494692668473,0.014779559118236474
2021-09-30,13.29,15.64,21.3,8.08,39.01,-0.012630014858841188,-0.0006389776357826893,0.0028248587570622874,0.002481389578163684,-0.00611464968152875,False,True,True,True,True,0.0029806259314457684,-0.02400000000000002,-0.0007267441860464574,-0.0028985507246377384,0.0149156939040207,-0.02281368821292773,0.021359223300970953,-0.013409961685823757,0.015296367112810572,-0.02470862470862456,0.026315789473684292,-0.013685700802265388,0.016393442622950838,-0.01245330012453294,0.01388888888888884,-0.012468827930174564,-0.0197302697302697,-0.004475385380407704,-0.011307767944936153,0.004196494692668473
2021-10-01,13.27,15.98,21.99,8.21,39.54,-0.0015048908954100604,0.021739130434782705,0.032394366197183055,0.016089108910891214,0.013586259933350497,False,False,False,False,False,-0.012630014858841188,0.0029806259314457684,-0.02400000000000002,-0.0007267441860464574,-0.0006389776357826893,0.0149156939040207,-0.02281368821292773,0.021359223300970953,0.0028248587570622874,0.015296367112810572,-0.02470862470862456,0.026315789473684292,0.002481389578163684,0.016393442622950838,-0.01245330012453294,0.01388888888888884,-0.00611464968152875,-0.0197302697302697,-0.004475385380407704,-0.011307767944936153
2021-10-04,13.07,15.4,21.47,8.04,38.18,-0.015071590052750494,-0.03629536921151444,-0.02364711232378347,-0.020706455542022106,-0.034395548811330334,True,True,True,True,False,-0.0015048908954100604,-0.012630014858841188,0.0029806259314457684,-0.02400000000000002,0.021739130434782705,-0.0006389776357826893,0.0149156939040207,-0.02281368821292773,0.032394366197183055,0.0028248587570622874,0.015296367112810572,-0.02470862470862456,0.016089108910891214,0.002481389578163684,0.016393442622950838,-0.01245330012453294,0.013586259933350497,-0.00611464968152875,-0.0197302697302697,-0.004475385380407704
2021-10-05,13.19,15.75,21.6,8.11,36.95,0.009181331293037331,0.022727272727272707,0.006054960409874299,0.008706467661691475,-0.03221581980094279,False,True,True,True,False,-0.015071590052750494,-0.0015048908954100604,-0.012630014858841188,0.0029806259314457684,-0.03629536921151444,0.021739130434782705,-0.0006389776357826893,0.0149156939040207,-0.02364711232378347,0.032394366197183055,0.0028248587570622874,0.015296367112810572,-0.020706455542022106,0.016089108910891214,0.002481389578163684,0.016393442622950838,-0.034395548811330334,0.013586259933350497,-0.00611464968152875,-0.0197302697302697
2021-10-06,13.12,15.82,21.74,8.15,36.93,-0.005307050796057644,0.004444444444444473,0.00648148148148131,0.004932182490752224,-0.0005412719891746409,False,False,False,False,True,0.009181331293037331,-0.015071590052750494,-0.0015048908954100604,-0.012630014858841188,0.022727272727272707,-0.03629536921151444,0.021739130434782705,-0.0006389776357826893,0.006054960409874299,-0.02364711232378347,0.032394366197183055,0.0028248587570622874,0.008706467661691475,-0.020706455542022106,0.016089108910891214,0.002481389578163684,-0.03221581980094279,-0.034395548811330334,0.013586259933350497,-0.00611464968152875
2021-10-07,13.1,15.48,21.4,8.04,36.97,-0.0015243902439023849,-0.02149178255372941,-0.015639374425022945,-0.013496932515337567,0.0010831302464120451,True,True,True,True,True,-0.005307050796057644,0.009181331293037331,-0.015071590052750494,-0.0015048908954100604,0.004444444444444473,0.022727272727272707,-0.03629536921151444,0.021739130434782705,0.00648148148148131,0.006054960409874299,-0.02364711232378347,0.032394366197183055,0.004932182490752224,0.008706467661691475,-0.020706455542022106,0.016089108910891214,-0.0005412719891746409,-0.03221581980094279,-0.034395548811330334,0.013586259933350497
2021-10-08,13.35,15.72,21.52,8.12,38.05,0.01908396946564883,0.015503875968992276,0.005607476635514086,0.00995024875621886,0.029212875304300834,False,False,False,False,False,-0.0015243902439023849,-0.005307050796057644,0.009181331293037331,-0.015071590052750494,-0.02149178255372941,0.004444444444444473,0.022727272727272707,-0.03629536921151444,-0.015639374425022945,0.00648148148148131,0.006054960409874299,-0.02364711232378347,-0.013496932515337567,0.004932182490752224,0.008706467661691475,-0.020706455542022106,0.0010831302464120451,-0.0005412719891746409,-0.03221581980094279,-0.034395548811330334
2021-10-11,13.24,15.42,21.09,8.02,38.02,-0.008239700374531811,-0.019083969465648942,-0.019981412639405227,-0.01231527093596052,-0.0007884362680681267,True,True,False,False,True,0.01908396946564883,-0.0015243902439023849,-0.005307050796057644,0.009181331293037331,0.015503875968992276,-0.02149178255372941,0.004444444444444473,0.022727272727272707,0.005607476635514086,-0.015639374425022945,0.00648148148148131,0.006054960409874299,0.00995024875621886,-0.013496932515337567,0.004932182490752224,0.008706467661691475,0.029212875304300834,0.0010831302464120451,-0.0005412719891746409,-0.03221581980094279
2021-10-13,13.48,15.5,21.07,8.02,39.95,0.01812688821752273,0.005188067444876765,-0.0009483167377903889,0.0,0.050762756443976764,False,False,False,False,True,-0.008239700374531811,0.01908396946564883,-0.0015243902439023849,-0.005307050796057644,-0.019083969465648942,0.015503875968992276,-0.02149178255372941,0.004444444444444473,-0.019981412639405227,0.005607476635514086,-0.015639374425022945,0.00648148148148131,-0.01231527093596052,0.00995024875621886,-0.013496932515337567,0.004932182490752224,-0.0007884362680681267,0.029212875304300834,0.0010831302464120451,-0.0005412719891746409
2021-10-14,13.46,15.35,20.91,7.92,39.97,-0.0014836795252225476,-0.009677419354838679,-0.007593735168486049,-0.012468827930174564,0.0005006257822277593,True,True,True,True,False,0.01812688821752273,-0.008239700374531811,0.01908396946564883,-0.0015243902439023849,0.005188067444876765,-0.019083969465648942,0.015503875968992276,-0.02149178255372941,-0.0009483167377903889,-0.019981412639405227,0.005607476635514086,-0.015639374425022945,0.0,-0.01231527093596052,0.00995024875621886,-0.013496932515337567,0.050762756443976764,-0.0007884362680681267,0.029212875304300834,0.0010831302464120451
2021-10-15,13.49,16.03,21.31,8.04,39.49,0.0022288261515601704,0.04429967426710113,0.01912960306073641,0.015151515151515138,-0.01200900675506622,True,True,True,True,True,-0.0014836795252225476,0.01812688821752273,-0.008239700374531811,0.01908396946564883,-0.009677419354838679,0.005188067444876765,-0.019083969465648942,0.015503875968992276,-0.007593735168486049,-0.0009483167377903889,-0.019981412639405227,0.005607476635514086,-0.012468827930174564,0.0,-0.01231527093596052,0.00995024875621886,0.0005006257822277593,0.050762756443976764,-0.0007884362680681267,0.029212875304300834
2021-10-18,13.57,16.2,21.56,8.11,39.73,0.005930318754633124,0.010605115408608645,0.011731581417175008,0.008706467661691475,0.006077487971638318,False,False,False,False,False,0.0022288261515601704,-0.0014836795252225476,0.01812688821752273,-0.008239700374531811,0.04429967426710113,-0.009677419354838679,0.005188067444876765,-0.019083969465648942,0.01912960306073641,-0.007593735168486049,-0.0009483167377903889,-0.019981412639405227,0.015151515151515138,-0.012468827930174564,0.0,-0.01231527093596052,-0.01200900675506622,0.0005006257822277593,0.050762756443976764,-0.0007884362680681267
2021-10-19,13.15,15.67,21.0,7.81,38.74,-0.03095062638172441,-0.032716049382715995,-0.02597402597402587,-0.036991368680641123,-0.024918197835388733,True,True,True,True,True,0.005930318754633124,0.0022288261515601704,-0.0014836795252225476,0.01812688821752273,0.010605115408608645,0.04429967426710113,-0.009677419354838679,0.005188067444876765,0.011731581417175008,0.01912960306073641,-0.007593735168486049,-0.0009483167377903889,0.008706467661691475,0.015151515151515138,-0.012468827930174564,0.0,0.006077487971638318,-0.01200900675506622,0.0005006257822277593,0.050762756443976764
2021-10-20,13.34,16.18,21.55,8.01,39.49,0.01444866920152088,0.03254626675175487,0.02619047619047632,0.025608194622279257,0.01935983479607639,False,False,False,False,False,-0.03095062638172441,0.005930318754633124,0.0022288261515601704,-0.0014836795252225476,-0.032716049382715995,0.010605115408608645,0.04429967426710113,-0.009677419354838679,-0.02597402597402587,0.011731581417175008,0.01912960306073641,-0.007593735168486049,-0.036991368680641123,0.008706467661691475,0.015151515151515138,-0.012468827930174564,-0.024918197835388733,0.006077487971638318,-0.01200900675506622,0.0005006257822277593
2021-10-21,13.15,15.78,21.27,7.66,38.74,-0.014242878560719596,-0.024721878862793645,-0.012993039443155552,-0.043695380774032455,-0.018992149911369993,False,False,False,False,False,0.01444866920152088,-0.03095062638172441,0.005930318754633124,0.0022288261515601704,0.03254626675175487,-0.032716049382715995,0.010605115408608645,0.04429967426710113,0.02619047619047632,-0.02597402597402587,0.011731581417175008,0.01912960306073641,0.025608194622279257,-0.036991368680641123,0.008706467661691475,0.015151515151515138,0.01935983479607639,-0.024918197835388733,0.006077487971638318,-0.01200900675506622
2021-10-22,13.03,15.26,20.48,7.52,38.28,-0.009125475285171158,-0.03295310519645123,-0.037141513869299425,-0.018276762402088864,-0.011874032008260205,True,True,True,True,True,-0.014242878560719596,0.01444866920152088,-0.03095062638172441,0.005930318754633124,-0.024721878862793645,0.03254626675175487,-0.032716049382715995,0.010605115408608645,-0.012993039443155552,0.02619047619047632,-0.02597402597402587,0.011731581417175008,-0.043695380774032455,0.025608194622279257,-0.036991368680641123,0.008706467661691475,-0.018992149911369993,0.01935983479607639,-0.024918197835388733,0.006077487971638318
2021-10-25,13.27,15.51,20.95,7.67,38.93,0.018419033000767415,0.016382699868938477,0.02294921875,0.019946808510638236,0.01698014629049105,False,False,False,False,True,-0.009125475285171158,-0.014242878560719596,0.01444866920152088,-0.03095062638172441,-0.03295310519645123,-0.024721878862793645,0.03254626675175487,-0.032716049382715995,-0.037141513869299425,-0.012993039443155552,0.02619047619047632,-0.02597402597402587,-0.018276762402088864,-0.043695380774032455,0.025608194622279257,-0.036991368680641123,-0.011874032008260205,-0.018992149911369993,0.01935983479607639,-0.024918197835388733
2021-10-26,13.17,15.15,20.75,7.59,39.04,-0.007535795026375247,-0.023210831721469982,-0.009546539379474916,-0.010430247718383301,0.0028255843822244664,True,True,True,True,False,0.018419033000767415,-0.009125475285171158,-0.014242878560719596,0.01444866920152088,0.016382699868938477,-0.03295310519645123,-0.024721878862793645,0.03254626675175487,0.02294921875,-0.037141513869299425,-0.012993039443155552,0.02619047619047632,0.019946808510638236,-0.018276762402088864,-0.043695380774032455,0.025608194622279257,0.01698014629049105,-0.011874032008260205,-0.018992149911369993,0.01935983479607639
2021-10-27,13.22,15.4,20.82,7.66,38.59,0.0037965072133636646,0.01650165016501659,0.0033734939759035854,0.00922266139657446,-0.011526639344262235,True,False,False,False,False,-0.007535795026375247,0.018419033000767415,-0.009125475285171158,-0.014242878560719596,-0.023210831721469982,0.016382699868938477,-0.03295310519645123,-0.024721878862793645,-0.009546539379474916,0.02294921875,-0.037141513869299425,-0.012993039443155552,-0.010430247718383301,0.019946808510638236,-0.018276762402088864,-0.043695380774032455,0.0028255843822244664,0.01698014629049105,-0.011874032008260205,-0.018992149911369993
2021-10-28,14.51,15.26,20.69,7.53,37.24,0.09757942511346429,-0.00909090909090915,-0.006243996157540788,-0.016971279373368175,-0.034983156258098,True,False,False,False,False,0.0037965072133636646,-0.007535795026375247,0.018419033000767415,-0.009125475285171158,0.01650165016501659,-0.023210831721469982,0.016382699868938477,-0.03295310519645123,0.0033734939759035854,-0.009546539379474916,0.02294921875,-0.037141513869299425,0.00922266139657446,-0.010430247718383301,0.019946808510638236,-0.018276762402088864,-0.011526639344262235,0.0028255843822244664,0.01698014629049105,-0.011874032008260205
2021-10-29,14.76,14.9,20.28,7.39,36.42,0.017229496898690577,-0.023591087811271283,-0.019816336394393397,-0.018592297476759723,-0.022019334049409256,True,True,True,True,False,0.09757942511346429,0.0037965072133636646,-0.007535795026375247,0.018419033000767415,-0.00909090909090915,0.01650165016501659,-0.023210831721469982,0.016382699868938477,-0.006243996157540788,0.0033734939759035854,-0.009546539379474916,0.02294921875,-0.016971279373368175,0.00922266139657446,-0.010430247718383301,0.019946808510638236,-0.034983156258098,-0.011526639344262235,0.0028255843822244664,0.01698014629049105
2021-11-01,15.08,15.39,21.01,7.53,36.38,0.02168021680216814,0.03288590604026842,0.035996055226824586,0.018944519621109768,-0.0010982976386600951,True,False,True,True,True,0.017229496898690577,0.09757942511346429,0.0037965072133636646,-0.007535795026375247,-0.023591087811271283,-0.00909090909090915,0.01650165016501659,-0.023210831721469982,-0.019816336394393397,-0.006243996157540788,0.0033734939759035854,-0.009546539379474916,-0.018592297476759723,-0.016971279373368175,0.00922266139657446,-0.010430247718383301,-0.022019334049409256,-0.034983156258098,-0.011526639344262235,0.0028255843822244664
2021-11-03,15.49,15.35,21.24,7.64,37.09,0.027188328912466808,-0.002599090318388675,0.010947168015230657,0.014608233731739695,0.019516217702034044,True,False,False,False,True,0.02168021680216814,0.017229496898690577,0.09757942511346429,0.0037965072133636646,0.03288590604026842,-0.023591087811271283,-0.00909090909090915,0.01650165016501659,0.035996055226824586,-0.019816336394393397,-0.006243996157540788,0.0033734939759035854,0.018944519621109768,-0.018592297476759723,-0.016971279373368175,0.00922266139657446,-0.0010982976386600951,-0.022019334049409256,-0.034983156258098,-0.011526639344262235
2021-11-04,15.54,14.52,20.19,7.43,37.13,0.0032278889606196515,-0.05407166123778506,-0.049435028248587476,-0.027486910994764413,0.0010784578053384397,True,True,False,False,False,0.027188328912466808,0.02168021680216814,0.017229496898690577,0.09757942511346429,-0.002599090318388675,0.03288590604026842,-0.023591087811271283,-0.00909090909090915,0.010947168015230657,0.035996055226824586,-0.019816336394393397,-0.006243996157540788,0.014608233731739695,0.018944519621109768,-0.018592297476759723,-0.016971279373368175,0.019516217702034044,-0.0010982976386600951,-0.022019334049409256,-0.034983156258098
2021-11-05,15.55,15.1,19.94,7.39,37.09,0.0006435006435008273,0.03994490358126712,-0.012382367508667613,-0.0053835800807536804,-0.001077295987072402,False,False,False,False,False,0.0032278889606196515,0.027188328912466808,0.02168021680216814,0.017229496898690577,-0.05407166123778506,-0.002599090318388675,0.03288590604026842,-0.023591087811271283,-0.049435028248587476,0.010947168015230657,0.035996055226824586,-0.019816336394393397,-0.027486910994764413,0.014608233731739695,0.018944519621109768,-0.018592297476759723,0.0010784578053384397,0.019516217702034044,-0.0010982976386600951,-0.022019334049409256
2021-11-08,15.41,14.81,19.89,7.31,36.52,-0.009003215434083667,-0.019205298013244998,-0.0025075225677031465,-0.010825439783491264,-0.015368023726071711,True,False,False,False,False,0.0006435006435008273,0.0032278889606196515,0.027188328912466808,0.02168021680216814,0.03994490358126712,-0.05407166123778506,-0.002599090318388675,0.03288590604026842,-0.012382367508667613,-0.049435028248587476,0.010947168015230657,0.035996055226824586,-0.0053835800807536804,-0.027486910994764413,0.014608233731739695,0.018944519621109768,-0.001077295987072402,0.0010784578053384397,0.019516217702034044,-0.0010982976386600951
2021-11-09,15.54,14.69,19.68,7.24,36.22,0.00843608046722899,-0.008102633355840716,-0.010558069381598867,-0.009575923392612817,-0.008214676889375827,False,True,True,True,False,-0.009003215434083667,0.0006435006435008273,0.0032278889606196515,0.027188328912466808,-0.019205298013244998,0.03994490358126712,-0.05407166123778506,-0.002599090318388675,-0.0025075225677031465,-0.012382367508667613,-0.049435028248587476,0.010947168015230657,-0.010825439783491264,-0.0053835800807536804,-0.027486910994764413,0.014608233731739695,-0.015368023726071711,-0.001077295987072402,0.0010784578053384397,0.019516217702034044
2021-11-10,15.42,15.38,20.17,7.38,35.71,-0.007722007722007707,0.04697072838665761,0.02489837398373984,0.01933701657458564,-0.014080618442849246,False,True,False,True,True,0.00843608046722899,-0.009003215434083667,0.0006435006435008273,0.0032278889606196515,-0.008102633355840716,-0.019205298013244998,0.03994490358126712,-0.05407166123778506,-0.010558069381598867,-0.0025075225677031465,-0.012382367508667613,-0.049435028248587476,-0.009575923392612817,-0.010825439783491264,-0.0053835800807536804,-0.027486910994764413,-0.008214676889375827,-0.015368023726071711,-0.001077295987072402,0.0010784578053384397
2021-11-11,15.3,15.53,20.18,7.38,35.93,-0.0077821011673151474,0.00975292587776333,0.0004957858205254517,0.0,0.006160739288714634,False,True,False,False,False,-0.007722007722007707,0.00843608046722899,-0.009003215434083667,0.0006435006435008273,0.04697072838665761,-0.008102633355840716,-0.019205298013244998,0.03994490358126712,0.02489837398373984,-0.010558069381598867,-0.0025075225677031465,-0.012382367508667613,0.01933701657458564,-0.009575923392612817,-0.010825439783491264,-0.0053835800807536804,-0.014080618442849246,-0.008214676889375827,-0.015368023726071711,-0.001077295987072402
2021-11-12,15.21,15.59,20.15,7.38,35.09,-0.00588235294117645,0.003863490019317517,-0.0014866204162538033,0.0,-0.023378792095741563,False,False,False,False,False,-0.0077821011673151474,-0.007722007722007707,0.00843608046722899,-0.009003215434083667,0.00975292587776333,0.04697072838665761,-0.008102633355840716,-0.019205298013244998,0.0004957858205254517,0.02489837398373984,-0.010558069381598867,-0.0025075225677031465,0.0,0.01933701657458564,-0.009575923392612817,-0.010825439783491264,0.006160739288714634,-0.014080618442849246,-0.008214676889375827,-0.015368023726071711
2021-11-16,15.21,15.55,19.93,7.23,34.83,0.0,-0.0025657472738934706,-0.010918114143920521,-0.020325203252032464,-0.0074095183813053245,True,True,True,False,True,-0.00588235294117645,-0.0077821011673151474,-0.007722007722007707,0.00843608046722899,0.003863490019317517,0.00975292587776333,0.04697072838665761,-0.008102633355840716,-0.0014866204162538033,0.0004957858205254517,0.02489837398373984,-0.010558069381598867,0.0,0.0,0.01933701657458564,-0.009575923392612817,-0.023378792095741563,0.006160739288714634,-0.014080618442849246,-0.008214676889375827
2021-11-17,15.24,15.6,19.9,7.27,35.21,0.0019723865877712132,0.003215434083601254,-0.0015052684395384652,0.0055325034578146415,0.01091013494114268,True,False,False,False,True,0.0,-0.00588235294117645,-0.0077821011673151474,-0.007722007722007707,-0.0025657472738934706,0.003863490019317517,0.00975292587776333,0.04697072838665761,-0.010918114143920521,-0.0014866204162538033,0.0004957858205254517,0.02489837398373984,-0.020325203252032464,0.0,0.0,0.01933701657458564,-0.0074095183813053245,-0.023378792095741563,0.006160739288714634,-0.014080618442849246
2021-11-18,15.29,15.41,19.56,7.18,35.36,0.0032808398950130435,-0.012179487179487136,-0.0170854271356784,-0.012379642365887178,0.004260153365521102,False,True,True,False,False,0.0019723865877712132,0.0,-0.00588235294117645,-0.0077821011673151474,0.003215434083601254,-0.0025657472738934706,0.003863490019317517,0.00975292587776333,-0.0015052684395384652,-0.010918114143920521,-0.0014866204162538033,0.0004957858205254517,0.0055325034578146415,-0.020325203252032464,0.0,0.0,0.01091013494114268,-0.0074095183813053245,-0.023378792095741563,0.006160739288714634
2021-11-19,15.11,15.44,19.53,7.24,35.23,-0.011772400261608862,0.0019467878001298011,-0.0015337423312882237,0.008356545961002881,-0.003676470588235392,False,False,False,False,False,0.0032808398950130435,0.0019723865877712132,0.0,-0.00588235294117645,-0.012179487179487136,0.003215434083601254,-0.0025657472738934706,0.003863490019317517,-0.0170854271356784,-0.0015052684395384652,-0.010918114143920521,-0.0014866204162538033,-0.012379642365887178,0.0055325034578146415,-0.020325203252032464,0.0,0.004260153365521102,0.01091013494114268,-0.0074095183813053245,-0.023378792095741563
2021-11-22,15.05,15.24,19.5,7.13,34.13,-0.003970880211780159,-0.012953367875647603,-0.001536098310291889,-0.015193370165745845,-0.031223389156968318,False,True,True,True,False,-0.011772400261608862,0.0032808398950130435,0.0019723865877712132,0.0,0.0019467878001298011,-0.012179487179487136,0.003215434083601254,-0.0025657472738934706,-0.0015337423312882237,-0.0170854271356784,-0.0015052684395384652,-0.010918114143920521,0.008356545961002881,-0.012379642365887178,0.0055325034578146415,-0.020325203252032464,-0.003676470588235392,0.004260153365521102,0.01091013494114268,-0.0074095183813053245
2021-11-23,14.94,15.61,19.67,7.23,33.63,-0.0073089700996678,0.024278215223097144,0.008717948717948731,0.014025245441795287,-0.014649868151186629,False,True,True,True,False,-0.003970880211780159,-0.011772400261608862,0.0032808398950130435,0.0019723865877712132,-0.012953367875647603,0.0019467878001298011,-0.012179487179487136,0.003215434083601254,-0.001536098310291889,-0.0015337423312882237,-0.0170854271356784,-0.0015052684395384652,-0.015193370165745845,0.008356545961002881,-0.012379642365887178,0.0055325034578146415,-0.031223389156968318,-0.003676470588235392,0.004260153365521102,0.01091013494114268
2021-11-24,14.86,15.89,20.2,7.34,33.01,-0.0053547523427041055,0.017937219730941756,0.026944585663446707,0.015214384508990264,-0.01843592030924779,True,True,True,True,True,-0.0073089700996678,-0.003970880211780159,-0.011772400261608862,0.0032808398950130435,0.024278215223097144,-0.012953367875647603,0.0019467878001298011,-0.012179487179487136,0.008717948717948731,-0.001536098310291889,-0.0015337423312882237,-0.0170854271356784,0.014025245441795287,-0.015193370165745845,0.008356545961002881,-0.012379642365887178,-0.014649868151186629,-0.031223389156968318,-0.003676470588235392,0.004260153365521102
2021-11-25,14.97,15.95,20.37,7.35,33.27,0.007402422611036519,0.0037759597230961894,0.008415841584158423,0.0013623978201635634,0.007876401090578744,False,False,False,False,False,-0.0053547523427041055,-0.0073089700996678,-0.003970880211780159,-0.011772400261608862,0.017937219730941756,0.024278215223097144,-0.012953367875647603,0.0019467878001298011,0.026944585663446707,0.008717948717948731,-0.001536098310291889,-0.0015337423312882237,0.015214384508990264,0.014025245441795287,-0.015193370165745845,0.008356545961002881,-0.01843592030924779,-0.014649868151186629,-0.031223389156968318,-0.003676470588235392
2021-11-26,14.5,15.39,19.91,7.2,32.18,-0.03139612558450233,-0.0351097178683385,-0.02258222876779581,-0.020408163265306034,-0.032762248271716365,False,False,True,False,False,0.007402422611036519,-0.0053547523427041055,-0.0073089700996678,-0.003970880211780159,0.0037759597230961894,0.017937219730941756,0.024278215223097144,-0.012953367875647603,0.008415841584158423,0.026944585663446707,0.008717948717948731,-0.001536098310291889,0.0013623978201635634,0.015214384508990264,0.014025245441795287,-0.015193370165745845,0.007876401090578744,-0.01843592030924779,-0.014649868151186629,-0.031223389156968318
2021-11-29,14.2,15.31,19.83,7.23,31.91,-0.020689655172413834,-0.005198180636777128,-0.0040180813661477854,0.004166666666666652,-0.008390304536979531,False,False,False,False,False,-0.03139612558450233,0.007402422611036519,-0.0053547523427041055,-0.0073089700996678,-0.0351097178683385,0.0037759597230961894,0.017937219730941756,0.024278215223097144,-0.02258222876779581,0.008415841584158423,0.026944585663446707,0.008717948717948731,-0.020408163265306034,0.0013623978201635634,0.015214384508990264,0.014025245441795287,-0.032762248271716365,0.007876401090578744,-0.01843592030924779,-0.014649868151186629
2021-11-30,13.95,14.94,19.66,7.06,31.73,-0.017605633802816878,-0.024167210973220166,-0.008572869389813276,-0.02351313969571245,-0.0056408649326229465,False,False,True,False,True,-0.020689655172413834,-0.03139612558450233,0.007402422611036519,-0.0053547523427041055,-0.005198180636777128,-0.0351097178683385,0.0037759597230961894,0.017937219730941756,-0.0040180813661477854,-0.02258222876779581,0.008415841584158423,0.026944585663446707,0.004166666666666652,-0.020408163265306034,0.0013623978201635634,0.015214384508990264,-0.008390304536979531,-0.032762248271716365,0.007876401090578744,-0.01843592030924779
2021-12-01,13.78,14.86,19.59,7.1,31.98,-0.012186379928315394,-0.0053547523427041055,-0.003560528992878953,0.0056657223796034994,0.00787897888433653,True,True,True,True,True,-0.017605633802816878,-0.020689655172413834,-0.03139612558450233,0.007402422611036519,-0.024167210973220166,-0.005198180636777128,-0.0351097178683385,0.0037759597230961894,-0.008572869389813276,-0.0040180813661477854,-0.02258222876779581,0.008415841584158423,-0.02351313969571245,0.004166666666666652,-0.020408163265306034,0.0013623978201635634,-0.0056408649326229465,-0.008390304536979531,-0.032762248271716365,0.007876401090578744
2021-12-02,13.91,15.6,20.22,7.32,32.21,0.009433962264151052,0.049798115746971794,0.03215926493108734,0.030985915492957927,0.007191994996873063,False,True,False,True,True,-0.012186379928315394,-0.017605633802816878,-0.020689655172413834,-0.03139612558450233,-0.0053547523427041055,-0.024167210973220166,-0.005198180636777128,-0.0351097178683385,-0.003560528992878953,-0.008572869389813276,-0.0040180813661477854,-0.02258222876779581,0.0056657223796034994,-0.02351313969571245,0.004166666666666652,-0.020408163265306034,0.00787897888433653,-0.0056408649326229465,-0.008390304536979531,-0.032762248271716365
2021-12-03,13.9,15.65,20.26,7.23,32.27,-0.0007189072609633529,0.0032051282051281937,0.001978239366963619,-0.012295081967213073,0.0018627755355480335,True,True,True,True,True,0.009433962264151052,-0.012186379928315394,-0.017605633802816878,-0.020689655172413834,0.049798115746971794,-0.0053547523427041055,-0.024167210973220166,-0.005198180636777128,0.03215926493108734,-0.003560528992878953,-0.008572869389813276,-0.0040180813661477854,0.030985915492957927,0.0056657223796034994,-0.02351313969571245,0.004166666666666652,0.007191994996873063,0.00787897888433653,-0.0056408649326229465,-0.008390304536979531
2021-12-06,13.97,15.83,20.44,7.28,32.5,0.005035971223021685,0.011501597444089517,0.008884501480750151,0.006915629322268302,0.007127362875735788,True,False,False,False,True,-0.0007189072609633529,0.009433962264151052,-0.012186379928315394,-0.017605633802816878,0.0032051282051281937,0.049798115746971794,-0.0053547523427041055,-0.024167210973220166,0.001978239366963619,0.03215926493108734,-0.003560528992878953,-0.008572869389813276,-0.012295081967213073,0.030985915492957927,0.0056657223796034994,-0.02351313969571245,0.0018627755355480335,0.007191994996873063,0.00787897888433653,-0.0056408649326229465
2021-12-07,13.99,15.62,20.16,7.28,34.02,0.0014316392269146938,-0.013265950726468745,-0.013698630136986356,0.0,0.046769230769230896,False,False,False,False,True,0.005035971223021685,-0.0007189072609633529,0.009433962264151052,-0.012186379928315394,0.011501597444089517,0.0032051282051281937,0.049798115746971794,-0.0053547523427041055,0.008884501480750151,0.001978239366963619,0.03215926493108734,-0.003560528992878953,0.006915629322268302,-0.012295081967213073,0.030985915492957927,0.0056657223796034994,0.007127362875735788,0.0018627755355480335,0.007191994996873063,0.00787897888433653
2021-12-08,13.97,15.58,19.98,7.26,35.48,-0.0014295925661186315,-0.002560819462227859,-0.008928571428571397,-0.0027472527472528485,0.04291593180482045,False,False,False,False,True,0.0014316392269146938,0.005035971223021685,-0.0007189072609633529,0.009433962264151052,-0.013265950726468745,0.011501597444089517,0.0032051282051281937,0.049798115746971794,-0.013698630136986356,0.008884501480750151,0.001978239366963619,0.03215926493108734,0.0,0.006915629322268302,-0.012295081967213073,0.030985915492957927,0.046769230769230896,0.007127362875735788,0.0018627755355480335,0.007191994996873063
2021-12-09,13.74,15.11,19.53,7.16,35.93,-0.016463851109520422,-0.030166880616174674,-0.022522522522522515,-0.01377410468319551,0.0126832018038332,True,False,True,True,False,-0.0014295925661186315,0.0014316392269146938,0.005035971223021685,-0.0007189072609633529,-0.002560819462227859,-0.013265950726468745,0.011501597444089517,0.0032051282051281937,-0.008928571428571397,-0.013698630136986356,0.008884501480750151,0.001978239366963619,-0.0027472527472528485,0.0,0.006915629322268302,-0.012295081967213073,0.04291593180482045,0.046769230769230896,0.007127362875735788,0.0018627755355480335
2021-12-10,13.86,15.11,19.54,7.18,35.24,0.008733624454148492,0.0,0.0005120327700971483,0.0027932960893854997,-0.019204007792930633,True,False,False,False,False,-0.016463851109520422,-0.0014295925661186315,0.0014316392269146938,0.005035971223021685,-0.030166880616174674,-0.002560819462227859,-0.013265950726468745,0.011501597444089517,-0.022522522522522515,-0.008928571428571397,-0.013698630136986356,0.008884501480750151,-0.01377410468319551,-0.0027472527472528485,0.0,0.006915629322268302,0.0126832018038332,0.04291593180482045,0.046769230769230896,0.007127362875735788
2021-12-13,13.91,14.86,19.11,7.08,35.05,0.003607503607503615,-0.016545334215751106,-0.02200614124872058,-0.01392757660167121,-0.005391600454029644,True,True,True,True,False,0.008733624454148492,-0.016463851109520422,-0.0014295925661186315,0.0014316392269146938,0.0,-0.030166880616174674,-0.002560819462227859,-0.013265950726468745,0.0005120327700971483,-0.022522522522522515,-0.008928571428571397,-0.013698630136986356,0.0027932960893854997,-0.01377410468319551,-0.0027472527472528485,0.0,-0.019204007792930633,0.0126832018038332,0.04291593180482045,0.046769230769230896
2021-12-14,14.05,15.07,19.19,7.25,34.74,0.010064701653486718,0.014131897711978425,0.00418628990057579,0.024011299435028333,-0.008844507845934269,False,False,False,False,True,0.003607503607503615,0.008733624454148492,-0.016463851109520422,-0.0014295925661186315,-0.016545334215751106,0.0,-0.030166880616174674,-0.002560819462227859,-0.02200614124872058,0.0005120327700971483,-0.022522522522522515,-0.008928571428571397,-0.01392757660167121,0.0027932960893854997,-0.01377410468319551,-0.0027472527472528485,-0.005391600454029644,-0.019204007792930633,0.0126832018038332,0.04291593180482045
2021-12-15,13.97,15.06,19.15,7.21,35.06,-0.005693950177935947,-0.0006635700066356387,-0.0020844189682127645,-0.0055172413793103114,0.00921128382268277,True,True,True,True,False,0.010064701653486718,0.003607503607503615,0.008733624454148492,-0.016463851109520422,0.014131897711978425,-0.016545334215751106,0.0,-0.030166880616174674,0.00418628990057579,-0.02200614124872058,0.0005120327700971483,-0.022522522522522515,0.024011299435028333,-0.01392757660167121,0.0027932960893854997,-0.01377410468319551,-0.008844507845934269,-0.005391600454029644,-0.019204007792930633,0.0126832018038332
2021-12-16,13.99,15.22,19.34,7.22,35.05,0.0014316392269146938,0.010624169986719778,0.00992167101827679,0.001386962552011095,-0.00028522532800923095,False,False,False,False,False,-0.005693950177935947,0.010064701653486718,0.003607503607503615,0.008733624454148492,-0.0006635700066356387,0.014131897711978425,-0.016545334215751106,0.0,-0.0020844189682127645,0.00418628990057579,-0.02200614124872058,0.0005120327700971483,-0.0055172413793103114,0.024011299435028333,-0.01392757660167121,0.0027932960893854997,0.00921128382268277,-0.008844507845934269,-0.005391600454029644,-0.019204007792930633
2021-12-17,13.96,14.79,18.9,7.22,34.31,-0.0021443888491778917,-0.028252299605782016,-0.022750775594622574,0.0,-0.02111269614835931,False,False,False,False,False,0.0014316392269146938,-0.005693950177935947,0.010064701653486718,0.003607503607503615,0.010624169986719778,-0.0006635700066356387,0.014131897711978425,-0.016545334215751106,0.00992167101827679,-0.0020844189682127645,0.00418628990057579,-0.02200614124872058,0.001386962552011095,-0.0055172413793103114,0.024011299435028333,-0.01392757660167121,-0.00028522532800923095,0.00921128382268277,-0.008844507845934269,-0.005391600454029644
2021-12-20,13.92,14.51,18.68,7.11,33.51,-0.002865329512894088,-0.01893171061528054,-0.011640211640211562,-0.015235457063711877,-0.0233168172544449,False,False,True,False,False,-0.0021443888491778917,0.0014316392269146938,-0.005693950177935947,0.010064701653486718,-0.028252299605782016,0.010624169986719778,-0.0006635700066356387,0.014131897711978425,-0.022750775594622574,0.00992167101827679,-0.0020844189682127645,0.00418628990057579,0.0,0.001386962552011095,-0.0055172413793103114,0.024011299435028333,-0.02111269614835931,-0.00028522532800923095,0.00921128382268277,-0.008844507845934269
2021-12-21,13.9,14.45,18.61,7.15,33.42,-0.001436781609195359,-0.004135079255685792,-0.0037473233404711204,0.005625879043600568,-0.0026857654431511335,False,True,False,True,False,-0.002865329512894088,-0.0021443888491778917,0.0014316392269146938,-0.005693950177935947,-0.01893171061528054,-0.028252299605782016,0.010624169986719778,-0.0006635700066356387,-0.011640211640211562,-0.022750775594622574,0.00992167101827679,-0.0020844189682127645,-0.015235457063711877,0.0,0.001386962552011095,-0.0055172413793103114,-0.0233168172544449,-0.02111269614835931,-0.00028522532800923095,0.00921128382268277
2021-12-22,13.89,14.48,18.78,7.06,33.18,-0.0007194244604316058,0.0020761245674740803,0.009134873723804393,-0.012587412587412694,-0.007181328545781018,True,False,True,True,False,-0.001436781609195359,-0.002865329512894088,-0.0021443888491778917,0.0014316392269146938,-0.004135079255685792,-0.01893171061528054,-0.028252299605782016,0.010624169986719778,-0.0037473233404711204,-0.011640211640211562,-0.022750775594622574,0.00992167101827679,0.005625879043600568,-0.015235457063711877,0.0,0.001386962552011095,-0.0026857654431511335,-0.0233168172544449,-0.02111269614835931,-0.00028522532800923095
2021-12-23,14.04,14.46,18.86,7.08,32.98,0.010799136069114423,-0.0013812154696132284,0.004259850905218299,0.0028328611898018607,-0.006027727546714989,False,True,True,True,False,-0.0007194244604316058,-0.001436781609195359,-0.002865329512894088,-0.0021443888491778917,0.0020761245674740803,-0.004135079255685792,-0.01893171061528054,-0.028252299605782016,0.009134873723804393,-0.0037473233404711204,-0.011640211640211562,-0.022750775594622574,-0.012587412587412694,0.005625879043600568,-0.015235457063711877,0.0,-0.007181328545781018,-0.0026857654431511335,-0.0233168172544449,-0.02111269614835931
2021-12-27,14.02,14.62,19.04,7.1,32.68,-0.0014245014245013454,0.011065006915629283,0.009544008483563182,0.0028248587570620654,-0.0090964220739842,False,False,True,False,True,0.010799136069114423,-0.0007194244604316058,-0.001436781609195359,-0.002865329512894088,-0.0013812154696132284,0.0020761245674740803,-0.004135079255685792,-0.01893171061528054,0.004259850905218299,0.009134873723804393,-0.0037473233404711204,-0.011640211640211562,0.0028328611898018607,-0.012587412587412694,0.005625879043600568,-0.015235457063711877,-0.006027727546714989,-0.007181328545781018,-0.0026857654431511335,-0.0233168172544449
2021-12-28,14.01,14.61,18.97,7.18,32.8,-0.0007132667617688604,-0.0006839945280437965,-0.003676470588235281,0.011267605633802802,0.003671970624234966,False,False,True,False,False,-0.0014245014245013454,0.010799136069114423,-0.0007194244604316058,-0.001436781609195359,0.011065006915629283,-0.0013812154696132284,0.0020761245674740803,-0.004135079255685792,0.009544008483563182,0.004259850905218299,0.009134873723804393,-0.0037473233404711204,0.0028248587570620654,0.0028328611898018607,-0.012587412587412694,0.005625879043600568,-0.0090964220739842,-0.006027727546714989,-0.007181328545781018,-0.0026857654431511335
2021-12-29,13.95,14.5,18.91,7.2,32.26,-0.004282655246252709,-0.007529089664613187,-0.003162888771744754,0.0027855153203342198,-0.016463414634146356,False,False,False,False,True,-0.0007132667617688604,-0.0014245014245013454,0.010799136069114423,-0.0007194244604316058,-0.0006839945280437965,0.011065006915629283,-0.0013812154696132284,0.0020761245674740803,-0.003676470588235281,0.009544008483563182,0.004259850905218299,0.009134873723804393,0.011267605633802802,0.0028248587570620654,0.0028328611898018607,-0.012587412587412694,0.003671970624234966,-0.0090964220739842,-0.006027727546714989,-0.007181328545781018
2021-12-30,13.92,14.41,18.69,7.13,32.5,-0.0021505376344085336,-0.006206896551724128,-0.011634056054997344,-0.009722222222222299,0.007439553626782391,False,True,False,True,False,-0.004282655246252709,-0.0007132667617688604,-0.0014245014245013454,0.010799136069114423,-0.007529089664613187,-0.0006839945280437965,0.011065006915629283,-0.0013812154696132284,-0.003162888771744754,-0.003676470588235281,0.009544008483563182,0.004259850905218299,0.0027855153203342198,0.011267605633802802,0.0028248587570620654,0.0028328611898018607,-0.016463414634146356,0.003671970624234966,-0.0090964220739842,-0.006027727546714989
2022-01-03,13.84,14.73,18.99,7.05,31.55,-0.005747126436781658,0.022206800832754947,0.016051364365970988,-0.011220196353436185,-0.02923076923076917,False,True,True,True,False,-0.0021505376344085336,-0.004282655246252709,-0.0007132667617688604,-0.0014245014245013454,-0.006206896551724128,-0.007529089664613187,-0.0006839945280437965,0.011065006915629283,-0.011634056054997344,-0.003162888771744754,-0.003676470588235281,0.009544008483563182,-0.009722222222222299,0.0027855153203342198,0.011267605633802802,0.0028248587570620654,0.007439553626782391,-0.016463414634146356,0.003671970624234966,-0.0090964220739842
2022-01-04,13.82,14.8,19.41,7.09,31.39,-0.0014450867052022698,0.004752206381534396,0.02211690363349139,0.005673758865248235,-0.005071315372424778,False,False,False,False,False,-0.005747126436781658,-0.0021505376344085336,-0.004282655246252709,-0.0007132667617688604,0.022206800832754947,-0.006206896551724128,-0.007529089664613187,-0.0006839945280437965,0.016051364365970988,-0.011634056054997344,-0.003162888771744754,-0.003676470588235281,-0.011220196353436185,-0.009722222222222299,0.0027855153203342198,0.011267605633802802,-0.02923076923076917,0.007439553626782391,-0.016463414634146356,0.003671970624234966
2022-01-05,13.55,14.7,19.02,7.08,29.74,-0.01953690303907374,-0.006756756756756799,-0.020092735703245768,-0.0014104372355430161,-0.052564510990761426,False,True,False,True,False,-0.0014450867052022698,-0.005747126436781658,-0.0021505376344085336,-0.004282655246252709,0.004752206381534396,0.022206800832754947,-0.006206896551724128,-0.007529089664613187,0.02211690363349139,0.016051364365970988,-0.011634056054997344,-0.003162888771744754,0.005673758865248235,-0.011220196353436185,-0.009722222222222299,0.0027855153203342198,-0.005071315372424778,-0.02923076923076917,0.007439553626782391,-0.016463414634146356
2022-01-06,13.33,14.86,19.36,7.05,29.73,-0.01623616236162362,0.010884353741496655,0.017875920084121866,-0.004237288135593209,-0.00033624747814386957,False,True,True,True,False,-0.01953690303907374,-0.0014450867052022698,-0.005747126436781658,-0.0021505376344085336,-0.006756756756756799,0.004752206381534396,0.022206800832754947,-0.006206896551724128,-0.020092735703245768,0.02211690363349139,0.016051364365970988,-0.011634056054997344,-0.0014104372355430161,0.005673758865248235,-0.011220196353436185,-0.009722222222222299,-0.052564510990761426,-0.005071315372424778,-0.02923076923076917,0.007439553626782391
2022-01-07,13.12,14.93,19.66,7.22,28.98,-0.015753938484621255,0.004710632570659401,0.015495867768595017,0.02411347517730489,-0.025227043390514625,True,True,False,True,False,-0.01623616236162362,-0.01953690303907374,-0.0014450867052022698,-0.005747126436781658,0.010884353741496655,-0.006756756756756799,0.004752206381534396,0.022206800832754947,0.017875920084121866,-0.020092735703245768,0.02211690363349139,0.016051364365970988,-0.004237288135593209,-0.0014104372355430161,0.005673758865248235,-0.011220196353436185,-0.00033624747814386957,-0.052564510990761426,-0.005071315372424778,-0.02923076923076917
2022-01-10,13.23,15.12,19.77,7.18,28.14,0.00838414634146356,0.01272605492297374,0.005595116988809767,-0.005540166204986208,-0.02898550724637683,True,True,True,True,True,-0.015753938484621255,-0.01623616236162362,-0.01953690303907374,-0.0014450867052022698,0.004710632570659401,0.010884353741496655,-0.006756756756756799,0.004752206381534396,0.015495867768595017,0.017875920084121866,-0.020092735703245768,0.02211690363349139,0.02411347517730489,-0.004237288135593209,-0.0014104372355430161,0.005673758865248235,-0.025227043390514625,-0.00033624747814386957,-0.052564510990761426,-0.005071315372424778
2022-01-11,13.25,15.27,20.06,7.24,28.61,0.0015117157974300355,0.009920634920634885,0.014668689934243861,0.008356545961002881,0.016702203269367333,True,False,True,True,True,0.00838414634146356,-0.015753938484621255,-0.01623616236162362,-0.01953690303907374,0.01272605492297374,0.004710632570659401,0.010884353741496655,-0.006756756756756799,0.005595116988809767,0.015495867768595017,0.017875920084121866,-0.020092735703245768,-0.005540166204986208,0.02411347517730489,-0.004237288135593209,-0.0014104372355430161,-0.02898550724637683,-0.025227043390514625,-0.00033624747814386957,-0.052564510990761426
2022-01-12,13.43,15.14,20.07,7.3,29.78,0.0135849056603774,-0.008513425016371867,0.0004985044865404298,0.008287292817679592,0.04089479203075852,True,True,True,True,False,0.0015117157974300355,0.00838414634146356,-0.015753938484621255,-0.01623616236162362,0.009920634920634885,0.01272605492297374,0.004710632570659401,0.010884353741496655,0.014668689934243861,0.005595116988809767,0.015495867768595017,0.017875920084121866,0.008356545961002881,-0.005540166204986208,0.02411347517730489,-0.004237288135593209,0.016702203269367333,-0.02898550724637683,-0.025227043390514625,-0.00033624747814386957
2022-01-13,13.53,15.31,20.32,7.48,28.53,0.007446016381235987,0.011228533685601061,0.012456402590931726,0.024657534246575352,-0.041974479516453944,True,True,True,True,True,0.0135849056603774,0.0015117157974300355,0.00838414634146356,-0.015753938484621255,-0.008513425016371867,0.009920634920634885,0.01272605492297374,0.004710632570659401,0.0004985044865404298,0.014668689934243861,0.005595116988809767,0.015495867768595017,0.008287292817679592,0.008356545961002881,-0.005540166204986208,0.02411347517730489,0.04089479203075852,0.016702203269367333,-0.02898550724637683,-0.025227043390514625
2022-01-14,13.63,15.54,20.33,7.52,30.25,0.00739098300073926,0.015022860875244959,0.0004921259842518566,0.0053475935828875,0.06028741675429372,False,True,False,False,False,0.007446016381235987,0.0135849056603774,0.0015117157974300355,0.00838414634146356,0.011228533685601061,-0.008513425016371867,0.009920634920634885,0.01272605492297374,0.012456402590931726,0.0004985044865404298,0.014668689934243861,0.005595116988809767,0.024657534246575352,0.008287292817679592,0.008356545961002881,-0.005540166204986208,-0.041974479516453944,0.04089479203075852,0.016702203269367333,-0.02898550724637683
2022-01-17,13.36,15.63,20.27,7.45,29.9,-0.01980924431401332,0.005791505791505891,-0.002951303492375712,-0.00930851063829774,-0.011570247933884392,False,True,True,True,True,0.00739098300073926,0.007446016381235987,0.0135849056603774,0.0015117157974300355,0.015022860875244959,0.011228533685601061,-0.008513425016371867,0.009920634920634885,0.0004921259842518566,0.012456402590931726,0.0004985044865404298,0.014668689934243861,0.0053475935828875,0.024657534246575352,0.008287292817679592,0.008356545961002881,0.06028741675429372,-0.041974479516453944,0.04089479203075852,0.016702203269367333
2022-01-18,13.16,15.72,20.4,7.58,30.09,-0.014970059880239472,0.0057581573896352545,0.006413418845584662,0.01744966442953011,0.006354515050167375,False,False,True,False,False,-0.01980924431401332,0.00739098300073926,0.007446016381235987,0.0135849056603774,0.005791505791505891,0.015022860875244959,0.011228533685601061,-0.008513425016371867,-0.002951303492375712,0.0004921259842518566,0.012456402590931726,0.0004985044865404298,-0.00930851063829774,0.0053475935828875,0.024657534246575352,0.008287292817679592,-0.011570247933884392,0.06028741675429372,-0.041974479516453944,0.04089479203075852
2022-01-19,13.13,15.7,20.24,7.59,30.05,-0.0022796352583586144,-0.0012722646310433516,-0.007843137254901933,0.0013192612137202797,-0.001329345297440998,False,False,True,False,True,-0.014970059880239472,-0.01980924431401332,0.00739098300073926,0.007446016381235987,0.0057581573896352545,0.005791505791505891,0.015022860875244959,0.011228533685601061,0.006413418845584662,-0.002951303492375712,0.0004921259842518566,0.012456402590931726,0.01744966442953011,-0.00930851063829774,0.0053475935828875,0.024657534246575352,0.006354515050167375,-0.011570247933884392,0.06028741675429372,-0.041974479516453944
2022-01-20,13.08,15.63,20.07,7.62,30.29,-0.0038080731150038627,-0.004458598726114538,-0.008399209486165904,0.0039525691699604515,0.007986688851913337,True,False,False,False,False,-0.0022796352583586144,-0.014970059880239472,-0.01980924431401332,0.00739098300073926,-0.0012722646310433516,0.0057581573896352545,0.005791505791505891,0.015022860875244959,-0.007843137254901933,0.006413418845584662,-0.002951303492375712,0.0004921259842518566,0.0013192612137202797,0.01744966442953011,-0.00930851063829774,0.0053475935828875,-0.001329345297440998,0.006354515050167375,-0.011570247933884392,0.06028741675429372
2022-01-21,13.26,15.55,20.07,7.49,30.16,0.013761467889908285,-0.0051183621241203126,0.0,-0.017060367454068248,-0.0042918454935622075,True,True,False,False,False,-0.0038080731150038627,-0.0022796352583586144,-0.014970059880239472,-0.01980924431401332,-0.004458598726114538,-0.0012722646310433516,0.0057581573896352545,0.005791505791505891,-0.008399209486165904,-0.007843137254901933,0.006413418845584662,-0.002951303492375712,0.0039525691699604515,0.0013192612137202797,0.01744966442953011,-0.00930851063829774,0.007986688851913337,-0.001329345297440998,0.006354515050167375,-0.011570247933884392
2022-01-24,13.27,15.71,20.07,7.49,29.46,0.0007541478129713397,0.01028938906752419,0.0,0.0,-0.023209549071617985,True,True,True,True,True,0.013761467889908285,-0.0038080731150038627,-0.0022796352583586144,-0.014970059880239472,-0.0051183621241203126,-0.004458598726114538,-0.0012722646310433516,0.0057581573896352545,0.0,-0.008399209486165904,-0.007843137254901933,0.006413418845584662,-0.017060367454068248,0.0039525691699604515,0.0013192612137202797,0.01744966442953011,-0.0042918454935622075,0.007986688851913337,-0.001329345297440998,0.006354515050167375
2022-01-25,13.6,16.25,20.7,7.69,29.76,0.024868123587038493,0.03437301082113309,0.03139013452914785,0.026702269692923997,0.010183299389002087,False,True,True,True,True,0.0007541478129713397,0.013761467889908285,-0.0038080731150038627,-0.0022796352583586144,0.01028938906752419,-0.0051183621241203126,-0.004458598726114538,-0.0012722646310433516,0.0,0.0,-0.008399209486165904,-0.007843137254901933,0.0,-0.017060367454068248,0.0039525691699604515,0.0013192612137202797,-0.023209549071617985,-0.0042918454935622075,0.007986688851913337,-0.001329345297440998
2022-01-26,13.54,16.26,20.9,7.77,30.29,-0.004411764705882337,0.0006153846153846843,0.009661835748792313,0.010403120936280708,0.01780913978494625,True,True,True,True,True,0.024868123587038493,0.0007541478129713397,0.013761467889908285,-0.0038080731150038627,0.03437301082113309,0.01028938906752419,-0.0051183621241203126,-0.004458598726114538,0.03139013452914785,0.0,0.0,-0.008399209486165904,0.026702269692923997,0.0,-0.017060367454068248,0.0039525691699604515,0.010183299389002087,-0.023209549071617985,-0.0042918454935622075,0.007986688851913337
2022-01-27,13.9,16.37,21.05,7.81,31.92,0.026587887740029625,0.006765067650676526,0.0071770334928231705,0.005148005148005064,0.053813139650049635,False,True,True,True,False,-0.004411764705882337,0.024868123587038493,0.0007541478129713397,0.013761467889908285,0.0006153846153846843,0.03437301082113309,0.01028938906752419,-0.0051183621241203126,0.009661835748792313,0.03139013452914785,0.0,0.0,0.010403120936280708,0.026702269692923997,0.0,-0.017060367454068248,0.01780913978494625,0.010183299389002087,-0.023209549071617985,-0.0042918454935622075
2022-01-28,13.48,16.57,21.31,7.87,31.16,-0.030215827338129442,0.01221747098350634,0.01235154394299287,0.00768245838668391,-0.023809523809523836,True,True,True,True,True,0.026587887740029625,-0.004411764705882337,0.024868123587038493,0.0007541478129713397,0.006765067650676526,0.0006153846153846843,0.03437301082113309,0.01028938906752419,0.0071770334928231705,0.009661835748792313,0.03139013452914785,0.0,0.005148005148005064,0.010403120936280708,0.026702269692923997,0.0,0.053813139650049635,0.01780913978494625,0.010183299389002087,-0.023209549071617985
2022-01-31,13.51,16.75,21.64,8.01,31.69,0.002225519287833766,0.010863005431502648,0.015485687470671028,0.017789072426937613,0.017008985879332528,False,False,False,True,False,-0.030215827338129442,0.026587887740029625,-0.004411764705882337,0.024868123587038493,0.01221747098350634,0.006765067650676526,0.0006153846153846843,0.03437301082113309,0.01235154394299287,0.0071770334928231705,0.009661835748792313,0.03139013452914785,0.00768245838668391,0.005148005148005064,0.010403120936280708,0.026702269692923997,-0.023809523809523836,0.053813139650049635,0.01780913978494625,0.010183299389002087
2022-02-01,13.41,16.75,21.89,7.9,31.59,-0.007401924500370027,0.0,0.011552680221811551,-0.013732833957552981,-0.00315556958030927,False,False,False,False,False,0.002225519287833766,-0.030215827338129442,0.026587887740029625,-0.004411764705882337,0.010863005431502648,0.01221747098350634,0.006765067650676526,0.0006153846153846843,0.015485687470671028,0.01235154394299287,0.0071770334928231705,0.009661835748792313,0.017789072426937613,0.00768245838668391,0.005148005148005064,0.010403120936280708,0.017008985879332528,-0.023809523809523836,0.053813139650049635,0.01780913978494625
2022-02-02,13.11,16.47,21.6,7.84,31.3,-0.022371364653243853,-0.016716417910447867,-0.013248058474189084,-0.0075949367088608,-0.009180120291231386,False,True,True,True,False,-0.007401924500370027,0.002225519287833766,-0.030215827338129442,0.026587887740029625,0.0,0.010863005431502648,0.01221747098350634,0.006765067650676526,0.011552680221811551,0.015485687470671028,0.01235154394299287,0.0071770334928231705,-0.013732833957552981,0.017789072426937613,0.00768245838668391,0.005148005148005064,-0.00315556958030927,0.017008985879332528,-0.023809523809523836,0.053813139650049635
2022-02-03,13.05,16.71,21.78,7.86,30.5,-0.004576659038901476,0.014571948998178597,0.008333333333333304,0.0025510204081633514,-0.025559105431309903,False,True,True,True,False,-0.022371364653243853,-0.007401924500370027,0.002225519287833766,-0.030215827338129442,-0.016716417910447867,0.0,0.010863005431502648,0.01221747098350634,-0.013248058474189084,0.011552680221811551,0.015485687470671028,0.01235154394299287,-0.0075949367088608,-0.013732833957552981,0.017789072426937613,0.00768245838668391,-0.009180120291231386,-0.00315556958030927,0.017008985879332528,-0.023809523809523836
2022-02-04,13.01,16.74,21.9,8.02,30.4,-0.0030651340996169507,0.0017953321364450048,0.0055096418732780705,0.020356234096692072,-0.003278688524590234,False,True,False,False,True,-0.004576659038901476,-0.022371364653243853,-0.007401924500370027,0.002225519287833766,0.014571948998178597,-0.016716417910447867,0.0,0.010863005431502648,0.008333333333333304,-0.013248058474189084,0.011552680221811551,0.015485687470671028,0.0025510204081633514,-0.0075949367088608,-0.013732833957552981,0.017789072426937613,-0.025559105431309903,-0.009180120291231386,-0.00315556958030927,0.017008985879332528
2022-02-07,12.9,16.77,21.8,7.97,30.55,-0.008455034588777832,0.0017921146953405742,-0.004566210045662045,-0.006234413965087282,0.00493421052631593,False,True,True,True,False,-0.0030651340996169507,-0.004576659038901476,-0.022371364653243853,-0.007401924500370027,0.0017953321364450048,0.014571948998178597,-0.016716417910447867,0.0,0.0055096418732780705,0.008333333333333304,-0.013248058474189084,0.011552680221811551,0.020356234096692072,0.0025510204081633514,-0.0075949367088608,-0.013732833957552981,-0.003278688524590234,-0.025559105431309903,-0.009180120291231386,-0.00315556958030927
2022-02-08,12.78,16.83,21.94,7.99,29.78,-0.009302325581395432,0.003577817531305927,0.006422018348623881,0.0025094102885823144,-0.02520458265139114,True,False,False,False,True,-0.008455034588777832,-0.0030651340996169507,-0.004576659038901476,-0.022371364653243853,0.0017921146953405742,0.0017953321364450048,0.014571948998178597,-0.016716417910447867,-0.004566210045662045,0.0055096418732780705,0.008333333333333304,-0.013248058474189084,-0.006234413965087282,0.020356234096692072,0.0025510204081633514,-0.0075949367088608,0.00493421052631593,-0.003278688524590234,-0.025559105431309903,-0.009180120291231386
2022-02-09,13.13,15.35,21.07,7.9,29.85,0.027386541471048576,-0.08793820558526433,-0.03965360072926172,-0.01126408010012514,0.002350570852921452,True,True,True,True,False,-0.009302325581395432,-0.008455034588777832,-0.0030651340996169507,-0.004576659038901476,0.003577817531305927,0.0017921146953405742,0.0017953321364450048,0.014571948998178597,0.006422018348623881,-0.004566210045662045,0.0055096418732780705,0.008333333333333304,0.0025094102885823144,-0.006234413965087282,0.020356234096692072,0.0025510204081633514,-0.02520458265139114,0.00493421052631593,-0.003278688524590234,-0.025559105431309903
2022-02-10,13.32,15.47,21.35,8.0,29.3,0.0144706778370145,0.007817589576547324,0.013289036544850585,0.012658227848101111,-0.018425460636515956,True,True,True,True,False,0.027386541471048576,-0.009302325581395432,-0.008455034588777832,-0.0030651340996169507,-0.08793820558526433,0.003577817531305927,0.0017921146953405742,0.0017953321364450048,-0.03965360072926172,0.006422018348623881,-0.004566210045662045,0.0055096418732780705,-0.01126408010012514,0.0025094102885823144,-0.006234413965087282,0.020356234096692072,0.002350570852921452,-0.02520458265139114,0.00493421052631593,-0.003278688524590234
2022-02-11,13.42,15.63,22.41,8.2,29.1,0.007507507507507505,0.010342598577892659,0.04964871194379383,0.02499999999999991,-0.0068259385665528916,True,True,True,False,True,0.0144706778370145,0.027386541471048576,-0.009302325581395432,-0.008455034588777832,0.007817589576547324,-0.08793820558526433,0.003577817531305927,0.0017921146953405742,0.013289036544850585,-0.03965360072926172,0.006422018348623881,-0.004566210045662045,0.012658227848101111,-0.01126408010012514,0.0025094102885823144,-0.006234413965087282,-0.018425460636515956,0.002350570852921452,-0.02520458265139114,0.00493421052631593
2022-02-14,13.6,15.75,22.24,8.27,29.99,0.013412816691505292,0.007677543186180413,-0.007585899152164344,0.008536585365853666,0.030584192439862434,True,True,True,True,True,0.007507507507507505,0.0144706778370145,0.027386541471048576,-0.009302325581395432,0.010342598577892659,0.007817589576547324,-0.08793820558526433,0.003577817531305927,0.04964871194379383,0.013289036544850585,-0.03965360072926172,0.006422018348623881,0.02499999999999991,0.012658227848101111,-0.01126408010012514,0.0025094102885823144,-0.0068259385665528916,-0.018425460636515956,0.002350570852921452,-0.02520458265139114
2022-02-15,13.88,15.93,22.49,8.29,32.4,0.020588235294117796,0.011428571428571344,0.01124100719424459,0.002418379685610539,0.08036012004001325,False,True,True,False,False,0.013412816691505292,0.007507507507507505,0.0144706778370145,0.027386541471048576,0.007677543186180413,0.010342598577892659,0.007817589576547324,-0.08793820558526433,-0.007585899152164344,0.04964871194379383,0.013289036544850585,-0.03965360072926172,0.008536585365853666,0.02499999999999991,0.012658227848101111,-0.01126408010012514,0.030584192439862434,-0.0068259385665528916,-0.018425460636515956,0.002350570852921452
2022-02-16,13.61,16.06,22.4,8.33,30.84,-0.019452449567723407,0.008160703075957176,-0.0040017785682525675,0.004825090470446325,-0.04814814814814816,False,False,False,False,False,0.020588235294117796,0.013412816691505292,0.007507507507507505,0.0144706778370145,0.011428571428571344,0.007677543186180413,0.010342598577892659,0.007817589576547324,0.01124100719424459,-0.007585899152164344,0.04964871194379383,0.013289036544850585,0.002418379685610539,0.008536585365853666,0.02499999999999991,0.012658227848101111,0.08036012004001325,0.030584192439862434,-0.0068259385665528916,-0.018425460636515956
2022-02-17,13.41,15.9,21.99,8.19,30.2,-0.014695077149154967,-0.00996264009962633,-0.01830357142857142,-0.01680672268907568,-0.02075226977950717,False,True,True,True,False,-0.019452449567723407,0.020588235294117796,0.013412816691505292,0.007507507507507505,0.008160703075957176,0.011428571428571344,0.007677543186180413,0.010342598577892659,-0.0040017785682525675,0.01124100719424459,-0.007585899152164344,0.04964871194379383,0.004825090470446325,0.002418379685610539,0.008536585365853666,0.02499999999999991,-0.04814814814814816,0.08036012004001325,0.030584192439862434,-0.0068259385665528916
2022-02-18,13.33,15.97,22.1,8.22,29.37,-0.005965697240865042,0.00440251572327055,0.005002273760800424,0.003663003663003872,-0.027483443708609223,False,False,False,False,False,-0.014695077149154967,-0.019452449567723407,0.020588235294117796,0.013412816691505292,-0.00996264009962633,0.008160703075957176,0.011428571428571344,0.007677543186180413,-0.01830357142857142,-0.0040017785682525675,0.01124100719424459,-0.007585899152164344,-0.01680672268907568,0.004825090470446325,0.002418379685610539,0.008536585365853666,-0.02075226977950717,-0.04814814814814816,0.08036012004001325,0.030584192439862434
2022-02-21,13.04,15.71,21.66,7.98,29.29,-0.02175543885971498,-0.016280525986224204,-0.01990950226244348,-0.02919708029197088,-0.0027238678924073056,True,False,False,True,True,-0.005965697240865042,-0.014695077149154967,-0.019452449567723407,0.020588235294117796,0.00440251572327055,-0.00996264009962633,0.008160703075957176,0.011428571428571344,0.005002273760800424,-0.01830357142857142,-0.0040017785682525675,0.01124100719424459,0.003663003663003872,-0.01680672268907568,0.004825090470446325,0.002418379685610539,-0.027483443708609223,-0.02075226977950717,-0.04814814814814816,0.08036012004001325
2022-02-22,13.28,15.71,21.8,7.98,29.3,0.01840490797546024,0.0,0.006463527239150446,0.0,0.00034141345169014237,True,False,False,False,False,-0.02175543885971498,-0.005965697240865042,-0.014695077149154967,-0.019452449567723407,-0.016280525986224204,0.00440251572327055,-0.00996264009962633,0.008160703075957176,-0.01990950226244348,0.005002273760800424,-0.01830357142857142,-0.0040017785682525675,-0.02919708029197088,0.003663003663003872,-0.01680672268907568,0.004825090470446325,-0.0027238678924073056,-0.027483443708609223,-0.02075226977950717,-0.04814814814814816
2022-02-23,13.37,15.52,21.55,7.87,28.38,0.006777108433734913,-0.012094207511139432,-0.011467889908256867,-0.013784461152882233,-0.031399317406143434,True,False,False,False,True,0.01840490797546024,-0.02175543885971498,-0.005965697240865042,-0.014695077149154967,0.0,-0.016280525986224204,0.00440251572327055,-0.00996264009962633,0.006463527239150446,-0.01990950226244348,0.005002273760800424,-0.01830357142857142,0.0,-0.02919708029197088,0.003663003663003872,-0.01680672268907568,0.00034141345169014237,-0.0027238678924073056,-0.027483443708609223,-0.02075226977950717
2022-02-24,13.4,15.17,21.1,7.38,29.09,0.002243829468960401,-0.022551546391752608,-0.02088167053364265,-0.06226175349428209,0.02501761804087388,True,True,True,True,False,0.006777108433734913,0.01840490797546024,-0.02175543885971498,-0.005965697240865042,-0.012094207511139432,0.0,-0.016280525986224204,0.00440251572327055,-0.011467889908256867,0.006463527239150446,-0.01990950226244348,0.005002273760800424,-0.013784461152882233,0.0,-0.02919708029197088,0.003663003663003872,-0.031399317406143434,0.00034141345169014237,-0.0027238678924073056,-0.027483443708609223
2022-02-25,13.72,15.22,21.42,7.53,28.34,0.023880597014925398,0.003295978905734964,0.01516587677725112,0.020325203252032464,-0.025782055689240302,False,False,False,False,True,0.002243829468960401,0.006777108433734913,0.01840490797546024,-0.02175543885971498,-0.022551546391752608,-0.012094207511139432,0.0,-0.016280525986224204,-0.02088167053364265,-0.011467889908256867,0.006463527239150446,-0.01990950226244348,-0.06226175349428209,-0.013784461152882233,0.0,-0.02919708029197088,0.02501761804087388,-0.031399317406143434,0.00034141345169014237,-0.0027238678924073056
2022-03-02,13.11,15.09,21.05,7.51,29.16,-0.04446064139941697,-0.00854139290407363,-0.01727357609710556,-0.0026560424966800555,0.028934368383909614,False,True,False,False,True,0.023880597014925398,0.002243829468960401,0.006777108433734913,0.01840490797546024,0.003295978905734964,-0.022551546391752608,-0.012094207511139432,0.0,0.01516587677725112,-0.02088167053364265,-0.011467889908256867,0.006463527239150446,0.020325203252032464,-0.06226175349428209,-0.013784461152882233,0.0,-0.025782055689240302,0.02501761804087388,-0.031399317406143434,0.00034141345169014237
2022-03-03,12.8,15.28,21.05,7.51,30.13,-0.023646071700991533,0.012591119946984808,0.0,0.0,0.03326474622770914,False,False,False,False,True,-0.04446064139941697,0.023880597014925398,0.002243829468960401,0.006777108433734913,-0.00854139290407363,0.003295978905734964,-0.022551546391752608,-0.012094207511139432,-0.01727357609710556,0.01516587677725112,-0.02088167053364265,-0.011467889908256867,-0.0026560424966800555,0.020325203252032464,-0.06226175349428209,-0.013784461152882233,0.028934368383909614,-0.025782055689240302,0.02501761804087388,-0.031399317406143434
2022-03-04,12.58,14.99,18.18,7.44,30.38,-0.017187500000000022,-0.018979057591622994,-0.13634204275534445,-0.009320905459387352,0.008297378028542912,False,False,False,False,False,-0.023646071700991533,-0.04446064139941697,0.023880597014925398,0.002243829468960401,0.012591119946984808,-0.00854139290407363,0.003295978905734964,-0.022551546391752608,0.0,-0.01727357609710556,0.01516587677725112,-0.02088167053364265,0.0,-0.0026560424966800555,0.020325203252032464,-0.06226175349428209,0.03326474622770914,0.028934368383909614,-0.025782055689240302,0.02501761804087388
2022-03-07,12.12,12.9,17.78,7.23,29.96,-0.03656597774244841,-0.13942628418945968,-0.022002200220021972,-0.028225806451612878,-0.013824884792626668,True,True,False,False,True,-0.017187500000000022,-0.023646071700991533,-0.04446064139941697,0.023880597014925398,-0.018979057591622994,0.012591119946984808,-0.00854139290407363,0.003295978905734964,-0.13634204275534445,0.0,-0.01727357609710556,0.01516587677725112,-0.009320905459387352,0.0,-0.0026560424966800555,0.020325203252032464,0.008297378028542912,0.03326474622770914,0.028934368383909614,-0.025782055689240302
2022-03-08,12.13,13.01,17.73,7.15,30.44,0.0008250825082509738,0.008527131782945618,-0.0028121484814398467,-0.011065006915629283,0.01602136181575431,True,True,True,True,True,-0.03656597774244841,-0.017187500000000022,-0.023646071700991533,-0.04446064139941697,-0.13942628418945968,-0.018979057591622994,0.012591119946984808,-0.00854139290407363,-0.022002200220021972,-0.13634204275534445,0.0,-0.01727357609710556,-0.028225806451612878,-0.009320905459387352,0.0,-0.0026560424966800555,-0.013824884792626668,0.008297378028542912,0.03326474622770914,0.028934368383909614
2022-03-09,12.58,13.76,18.5,7.5,31.5,0.0370981038746907,0.05764796310530351,0.0434292160180485,0.04895104895104896,0.034822601839684664,False,False,False,False,False,0.0008250825082509738,-0.03656597774244841,-0.017187500000000022,-0.023646071700991533,0.008527131782945618,-0.13942628418945968,-0.018979057591622994,0.012591119946984808,-0.0028121484814398467,-0.022002200220021972,-0.13634204275534445,0.0,-0.011065006915629283,-0.028225806451612878,-0.009320905459387352,0.0,0.01602136181575431,-0.013824884792626668,0.008297378028542912,0.03326474622770914
2022-03-10,12.08,13.63,18.4,7.41,30.58,-0.03974562798092207,-0.009447674418604612,-0.005405405405405461,-0.01200000000000001,-0.029206349206349236,False,False,False,False,False,0.0370981038746907,0.0008250825082509738,-0.03656597774244841,-0.017187500000000022,0.05764796310530351,0.008527131782945618,-0.13942628418945968,-0.018979057591622994,0.0434292160180485,-0.0028121484814398467,-0.022002200220021972,-0.13634204275534445,0.04895104895104896,-0.011065006915629283,-0.028225806451612878,-0.009320905459387352,0.034822601839684664,0.01602136181575431,-0.013824884792626668,0.008297378028542912
2022-03-11,11.9,13.51,18.4,7.38,30.26,-0.01490066225165565,-0.008804108584005932,0.0,-0.004048582995951455,-0.01046435578809668,True,True,True,True,False,-0.03974562798092207,0.0370981038746907,0.0008250825082509738,-0.03656597774244841,-0.009447674418604612,0.05764796310530351,0.008527131782945618,-0.13942628418945968,-0.005405405405405461,0.0434292160180485,-0.0028121484814398467,-0.022002200220021972,-0.01200000000000001,0.04895104895104896,-0.011065006915629283,-0.028225806451612878,-0.029206349206349236,0.034822601839684664,0.01602136181575431,-0.013824884792626668
2022-03-14,12.02,13.65,18.55,7.41,29.91,0.010084033613445342,0.010362694300518172,0.008152173913043681,0.004065040650406582,-0.011566424322538071,True,False,False,True,False,-0.01490066225165565,-0.03974562798092207,0.0370981038746907,0.0008250825082509738,-0.008804108584005932,-0.009447674418604612,0.05764796310530351,0.008527131782945618,0.0,-0.005405405405405461,0.0434292160180485,-0.0028121484814398467,-0.004048582995951455,-0.01200000000000001,0.04895104895104896,-0.011065006915629283,-0.01046435578809668,-0.029206349206349236,0.034822601839684664,0.01602136181575431
2022-03-15,12.16,13.58,18.65,7.38,29.11,0.011647254575707144,-0.00512820512820511,0.005390835579514697,-0.004048582995951455,-0.02674690738883323,True,True,True,True,True,0.010084033613445342,-0.01490066225165565,-0.03974562798092207,0.0370981038746907,0.010362694300518172,-0.008804108584005932,-0.009447674418604612,0.05764796310530351,0.008152173913043681,0.0,-0.005405405405405461,0.0434292160180485,0.004065040650406582,-0.004048582995951455,-0.01200000000000001,0.04895104895104896,-0.011566424322538071,-0.01046435578809668,-0.029206349206349236,0.034822601839684664
2022-03-16,12.44,13.81,19.11,7.48,30.83,0.023026315789473673,0.016936671575846773,0.02466487935656847,0.013550135501354976,0.059086224665063414,True,True,True,True,True,0.011647254575707144,0.010084033613445342,-0.01490066225165565,-0.03974562798092207,-0.00512820512820511,0.010362694300518172,-0.008804108584005932,-0.009447674418604612,0.005390835579514697,0.008152173913043681,0.0,-0.005405405405405461,-0.004048582995951455,0.004065040650406582,-0.004048582995951455,-0.01200000000000001,-0.02674690738883323,-0.011566424322538071,-0.01046435578809668,-0.029206349206349236
2022-03-17,12.58,13.91,19.51,7.65,31.91,0.0112540192926045,0.007241129616220032,0.020931449502878285,0.022727272727272707,0.03503081414206943,True,False,True,True,True,0.023026315789473673,0.011647254575707144,0.010084033613445342,-0.01490066225165565,0.016936671575846773,-0.00512820512820511,0.010362694300518172,-0.008804108584005932,0.02466487935656847,0.005390835579514697,0.008152173913043681,0.0,0.013550135501354976,-0.004048582995951455,0.004065040650406582,-0.004048582995951455,0.059086224665063414,-0.02674690738883323,-0.011566424322538071,-0.01046435578809668
2022-03-18,12.86,13.88,19.68,7.76,32.09,0.022257551669316422,-0.0021567217828899476,0.00871348026652985,0.01437908496732021,0.005640864932623169,False,True,True,True,False,0.0112540192926045,0.023026315789473673,0.011647254575707144,0.010084033613445342,0.007241129616220032,0.016936671575846773,-0.00512820512820511,0.010362694300518172,0.020931449502878285,0.02466487935656847,0.005390835579514697,0.008152173913043681,0.022727272727272707,0.013550135501354976,-0.004048582995951455,0.004065040650406582,0.03503081414206943,0.059086224665063414,-0.02674690738883323,-0.011566424322538071
2022-03-21,12.8,14.14,20.05,7.93,31.38,-0.004665629860031051,0.018731988472622474,0.01880081300813008,0.021907216494845283,-0.022125272670614038,True,True,True,True,True,0.022257551669316422,0.0112540192926045,0.023026315789473673,0.011647254575707144,-0.0021567217828899476,0.007241129616220032,0.016936671575846773,-0.00512820512820511,0.00871348026652985,0.020931449502878285,0.02466487935656847,0.005390835579514697,0.01437908496732021,0.022727272727272707,0.013550135501354976,-0.004048582995951455,0.005640864932623169,0.03503081414206943,0.059086224665063414,-0.02674690738883323
2022-03-22,12.98,14.32,20.38,8.07,31.81,0.014062499999999867,0.012729844413012614,0.016458852867830442,0.017654476670870167,0.013702995538559692,False,False,True,False,False,-0.004665629860031051,0.022257551669316422,0.0112540192926045,0.023026315789473673,0.018731988472622474,-0.0021567217828899476,0.007241129616220032,0.016936671575846773,0.01880081300813008,0.00871348026652985,0.020931449502878285,0.02466487935656847,0.021907216494845283,0.01437908496732021,0.022727272727272707,0.013550135501354976,-0.022125272670614038,0.005640864932623169,0.03503081414206943,0.059086224665063414
2022-03-23,12.81,14.24,20.26,8.1,31.57,-0.013097072419106293,-0.005586592178770999,-0.0058881256133462845,0.0037174721189590088,-0.007544797233574263,True,True,True,False,True,0.014062499999999867,-0.004665629860031051,0.022257551669316422,0.0112540192926045,0.012729844413012614,0.018731988472622474,-0.0021567217828899476,0.007241129616220032,0.016458852867830442,0.01880081300813008,0.00871348026652985,0.020931449502878285,0.017654476670870167,0.021907216494845283,0.01437908496732021,0.022727272727272707,0.013702995538559692,-0.022125272670614038,0.005640864932623169,0.03503081414206943
2022-03-24,12.82,14.4,20.25,8.13,31.94,0.0007806401249024209,0.011235955056179803,-0.000493583415597354,0.0037037037037037646,0.011719987329743553,True,True,True,True,False,-0.013097072419106293,0.014062499999999867,-0.004665629860031051,0.022257551669316422,-0.005586592178770999,0.012729844413012614,0.018731988472622474,-0.0021567217828899476,-0.0058881256133462845,0.016458852867830442,0.01880081300813008,0.00871348026652985,0.0037174721189590088,0.017654476670870167,0.021907216494845283,0.01437908496732021,-0.007544797233574263,0.013702995538559692,-0.022125272670614038,0.005640864932623169
2022-03-25,12.93,14.59,20.27,8.21,31.7,0.00858034321372858,0.013194444444444509,0.0009876543209876854,0.009840098400984099,-0.007514088916718897,True,False,False,False,True,0.0007806401249024209,-0.013097072419106293,0.014062499999999867,-0.004665629860031051,0.011235955056179803,-0.005586592178770999,0.012729844413012614,0.018731988472622474,-0.000493583415597354,-0.0058881256133462845,0.016458852867830442,0.01880081300813008,0.0037037037037037646,0.0037174721189590088,0.017654476670870167,0.021907216494845283,0.011719987329743553,-0.007544797233574263,0.013702995538559692,-0.022125272670614038
2022-03-28,13.31,14.53,20.26,8.1,32.43,0.029389017788089777,-0.004112405757368043,-0.0004933399111987091,-0.013398294762484886,0.023028391167192463,True,True,True,True,True,0.00858034321372858,0.0007806401249024209,-0.013097072419106293,0.014062499999999867,0.013194444444444509,0.011235955056179803,-0.005586592178770999,0.012729844413012614,0.0009876543209876854,-0.000493583415597354,-0.0058881256133462845,0.016458852867830442,0.009840098400984099,0.0037037037037037646,0.0037174721189590088,0.017654476670870167,-0.007514088916718897,0.011719987329743553,-0.007544797233574263,0.013702995538559692
2022-03-29,13.77,14.71,20.68,8.23,32.77,0.03456048084147256,0.012388162422574123,0.02073050345508376,0.0160493827160495,0.010484119642306666,False,False,False,True,True,0.029389017788089777,0.00858034321372858,0.0007806401249024209,-0.013097072419106293,-0.004112405757368043,0.013194444444444509,0.011235955056179803,-0.005586592178770999,-0.0004933399111987091,0.0009876543209876854,-0.000493583415597354,-0.0058881256133462845,-0.013398294762484886,0.009840098400984099,0.0037037037037037646,0.0037174721189590088,0.023028391167192463,-0.007514088916718897,0.011719987329743553,-0.007544797233574263
2022-03-30,13.69,14.65,20.69,8.13,32.96,-0.005809731299927345,-0.004078857919782464,0.00048355899419738613,-0.012150668286755706,0.005797985962770813,True,False,True,False,True,0.03456048084147256,0.029389017788089777,0.00858034321372858,0.0007806401249024209,0.012388162422574123,-0.004112405757368043,0.013194444444444509,0.011235955056179803,0.02073050345508376,-0.0004933399111987091,0.0009876543209876854,-0.000493583415597354,0.0160493827160495,-0.013398294762484886,0.009840098400984099,0.0037037037037037646,0.010484119642306666,0.023028391167192463,-0.007514088916718897,0.011719987329743553
2022-03-31,13.9,14.49,20.41,8.15,33.65,0.015339663988312768,-0.010921501706484649,-0.013533107781537046,0.002460024600245969,0.020934466019417508,False,False,False,True,True,-0.005809731299927345,0.03456048084147256,0.029389017788089777,0.00858034321372858,-0.004078857919782464,0.012388162422574123,-0.004112405757368043,0.013194444444444509,0.00048355899419738613,0.02073050345508376,-0.0004933399111987091,0.0009876543209876854,-0.012150668286755706,0.0160493827160495,-0.013398294762484886,0.009840098400984099,0.005797985962770813,0.010484119642306666,0.023028391167192463,-0.007514088916718897
2022-04-01,13.89,14.39,20.46,8.13,34.15,-0.0007194244604316058,-0.0069013112491372874,0.002449779519843265,-0.0024539877300613355,0.014858841010401136,False,False,False,False,False,0.015339663988312768,-0.005809731299927345,0.03456048084147256,0.029389017788089777,-0.010921501706484649,-0.004078857919782464,0.012388162422574123,-0.004112405757368043,-0.013533107781537046,0.00048355899419738613,0.02073050345508376,-0.0004933399111987091,0.002460024600245969,-0.012150668286755706,0.0160493827160495,-0.013398294762484886,0.020934466019417508,0.005797985962770813,0.010484119642306666,0.023028391167192463
2022-04-04,13.71,14.34,20.34,8.08,33.8,-0.01295896328293733,-0.0034746351633079264,-0.0058651026392961825,-0.006150061500615145,-0.01024890190336758,False,False,False,False,False,-0.0007194244604316058,0.015339663988312768,-0.005809731299927345,0.03456048084147256,-0.0069013112491372874,-0.010921501706484649,-0.004078857919782464,0.012388162422574123,0.002449779519843265,-0.013533107781537046,0.00048355899419738613,0.02073050345508376,-0.0024539877300613355,0.002460024600245969,-0.012150668286755706,0.0160493827160495,0.014858841010401136,0.020934466019417508,0.005797985962770813,0.010484119642306666
2022-04-05,13.6,13.96,19.82,7.96,33.42,-0.008023340627279496,-0.026499302649930168,-0.025565388397246758,-0.014851485148514865,-0.011242603550295716,False,False,False,False,False,-0.01295896328293733,-0.0007194244604316058,0.015339663988312768,-0.005809731299927345,-0.0034746351633079264,-0.0069013112491372874,-0.010921501706484649,-0.004078857919782464,-0.0058651026392961825,0.002449779519843265,-0.013533107781537046,0.00048355899419738613,-0.006150061500615145,-0.0024539877300613355,0.002460024600245969,-0.012150668286755706,-0.01024890190336758,0.014858841010401136,0.020934466019417508,0.005797985962770813
2022-04-06,13.5,13.85,19.75,7.93,33.13,-0.007352941176470562,-0.007879656160458492,-0.003531786074672083,-0.0037688442211055717,-0.008677438659485337,True,True,False,False,False,-0.008023340627279496,-0.01295896328293733,-0.0007194244604316058,0.015339663988312768,-0.026499302649930168,-0.0034746351633079264,-0.0069013112491372874,-0.010921501706484649,-0.025565388397246758,-0.0058651026392961825,0.002449779519843265,-0.013533107781537046,-0.014851485148514865,-0.006150061500615145,-0.0024539877300613355,0.002460024600245969,-0.011242603550295716,-0.01024890190336758,0.014858841010401136,0.020934466019417508
2022-04-07,13.6,13.9,19.75,7.82,32.93,0.007407407407407307,0.0036101083032491488,0.0,-0.013871374527112179,-0.006036824630244575,False,True,True,True,True,-0.007352941176470562,-0.008023340627279496,-0.01295896328293733,-0.0007194244604316058,-0.007879656160458492,-0.026499302649930168,-0.0034746351633079264,-0.0069013112491372874,-0.003531786074672083,-0.025565388397246758,-0.0058651026392961825,0.002449779519843265,-0.0037688442211055717,-0.014851485148514865,-0.006150061500615145,-0.0024539877300613355,-0.008677438659485337,-0.011242603550295716,-0.01024890190336758,0.014858841010401136
2022-04-08,13.48,13.97,19.81,7.87,32.95,-0.008823529411764675,0.005035971223021685,0.0030379746835442756,0.006393861892583175,0.000607348921955797,True,True,False,False,False,0.007407407407407307,-0.007352941176470562,-0.008023340627279496,-0.01295896328293733,0.0036101083032491488,-0.007879656160458492,-0.026499302649930168,-0.0034746351633079264,0.0,-0.003531786074672083,-0.025565388397246758,-0.0058651026392961825,-0.013871374527112179,-0.0037688442211055717,-0.014851485148514865,-0.006150061500615145,-0.006036824630244575,-0.008677438659485337,-0.011242603550295716,-0.01024890190336758
2022-04-11,13.72,14.0,19.71,7.79,31.42,0.017804154302670572,0.0021474588403722628,-0.005047955577990759,-0.010165184243964398,-0.046433990895295985,False,False,False,False,False,-0.008823529411764675,0.007407407407407307,-0.007352941176470562,-0.008023340627279496,0.005035971223021685,0.0036101083032491488,-0.007879656160458492,-0.026499302649930168,0.0030379746835442756,0.0,-0.003531786074672083,-0.025565388397246758,0.006393861892583175,-0.013871374527112179,-0.0037688442211055717,-0.014851485148514865,0.000607348921955797,-0.006036824630244575,-0.008677438659485337,-0.011242603550295716
2022-04-12,13.59,13.9,19.38,7.78,31.24,-0.009475218658892226,-0.0071428571428571175,-0.016742770167427756,-0.0012836970474967568,-0.005728835136855626,False,True,False,True,True,0.017804154302670572,-0.008823529411764675,0.007407407407407307,-0.007352941176470562,0.0021474588403722628,0.005035971223021685,0.0036101083032491488,-0.007879656160458492,-0.005047955577990759,0.0030379746835442756,0.0,-0.003531786074672083,-0.010165184243964398,0.006393861892583175,-0.013871374527112179,-0.0037688442211055717,-0.046433990895295985,0.000607348921955797,-0.006036824630244575,-0.008677438659485337
2022-04-13,13.39,14.04,19.42,7.68,31.43,-0.01471670345842524,0.010071942446043147,0.002063983488132193,-0.01285347043701801,0.006081946222791235,False,True,True,True,False,-0.009475218658892226,0.017804154302670572,-0.008823529411764675,0.007407407407407307,-0.0071428571428571175,0.0021474588403722628,0.005035971223021685,0.0036101083032491488,-0.016742770167427756,-0.005047955577990759,0.0030379746835442756,0.0,-0.0012836970474967568,-0.010165184243964398,0.006393861892583175,-0.013871374527112179,-0.005728835136855626,-0.046433990895295985,0.000607348921955797,-0.006036824630244575
2022-04-14,13.27,14.07,19.56,7.69,31.16,-0.008961911874533324,0.002136752136752129,0.00720906282183309,0.0013020833333334814,-0.008590518612790365,True,True,True,True,False,-0.01471670345842524,-0.009475218658892226,0.017804154302670572,-0.008823529411764675,0.010071942446043147,-0.0071428571428571175,0.0021474588403722628,0.005035971223021685,0.002063983488132193,-0.016742770167427756,-0.005047955577990759,0.0030379746835442756,-0.01285347043701801,-0.0012836970474967568,-0.010165184243964398,0.006393861892583175,0.006081946222791235,-0.005728835136855626,-0.046433990895295985,0.000607348921955797
2022-04-18,13.28,14.34,19.62,7.72,30.8,0.0007535795026374359,0.019189765458422103,0.0030674846625768915,0.0039011703511051543,-0.011553273427471145,False,False,False,False,False,-0.008961911874533324,-0.01471670345842524,-0.009475218658892226,0.017804154302670572,0.002136752136752129,0.010071942446043147,-0.0071428571428571175,0.0021474588403722628,0.00720906282183309,0.002063983488132193,-0.016742770167427756,-0.005047955577990759,0.0013020833333334814,-0.01285347043701801,-0.0012836970474967568,-0.010165184243964398,-0.008590518612790365,0.006081946222791235,-0.005728835136855626,-0.046433990895295985
2022-04-19,13.23,14.09,19.37,7.68,30.28,-0.003765060240963791,-0.017433751743375137,-0.012742099898063186,-0.005181347150259086,-0.016883116883116833,True,False,False,True,True,0.0007535795026374359,-0.008961911874533324,-0.01471670345842524,-0.009475218658892226,0.019189765458422103,0.002136752136752129,0.010071942446043147,-0.0071428571428571175,0.0030674846625768915,0.00720906282183309,0.002063983488132193,-0.016742770167427756,0.0039011703511051543,0.0013020833333334814,-0.01285347043701801,-0.0012836970474967568,-0.011553273427471145,-0.008590518612790365,0.006081946222791235,-0.005728835136855626
2022-04-20,13.3,14.04,19.39,7.67,30.32,0.005291005291005346,-0.0035486160397445454,0.0010325245224573898,-0.0013020833333332593,0.0013210039630118242,True,False,False,False,False,-0.003765060240963791,0.0007535795026374359,-0.008961911874533324,-0.01471670345842524,-0.017433751743375137,0.019189765458422103,0.002136752136752129,0.010071942446043147,-0.012742099898063186,0.0030674846625768915,0.00720906282183309,0.002063983488132193,-0.005181347150259086,0.0039011703511051543,0.0013020833333334814,-0.01285347043701801,-0.016883116883116833,-0.011553273427471145,-0.008590518612790365,0.006081946222791235
2022-04-22,13.32,13.83,19.02,7.53,30.22,0.0015037593984961184,-0.014957264957264904,-0.019082001031459517,-0.01825293350717072,-0.0032981530343008103,True,False,True,True,False,0.005291005291005346,-0.003765060240963791,0.0007535795026374359,-0.008961911874533324,-0.0035486160397445454,-0.017433751743375137,0.019189765458422103,0.002136752136752129,0.0010325245224573898,-0.012742099898063186,0.0030674846625768915,0.00720906282183309,-0.0013020833333332593,-0.005181347150259086,0.0039011703511051543,0.0013020833333334814,0.0013210039630118242,-0.016883116883116833,-0.011553273427471145,-0.008590518612790365
2022-04-25,13.65,13.76,19.08,7.6,30.12,0.024774774774774855,-0.005061460592914013,0.003154574132492094,0.009296148738379806,-0.0033090668431501324,False,False,False,False,False,0.0015037593984961184,0.005291005291005346,-0.003765060240963791,0.0007535795026374359,-0.014957264957264904,-0.0035486160397445454,-0.017433751743375137,0.019189765458422103,-0.019082001031459517,0.0010325245224573898,-0.012742099898063186,0.0030674846625768915,-0.01825293350717072,-0.0013020833333332593,-0.005181347150259086,0.0039011703511051543,-0.0032981530343008103,0.0013210039630118242,-0.016883116883116833,-0.011553273427471145
2022-04-26,13.32,13.24,18.5,7.33,28.93,-0.0241758241758242,-0.03779069767441856,-0.03039832285115296,-0.03552631578947363,-0.039508632138114286,False,False,False,False,True,0.024774774774774855,0.0015037593984961184,0.005291005291005346,-0.003765060240963791,-0.005061460592914013,-0.014957264957264904,-0.0035486160397445454,-0.017433751743375137,0.003154574132492094,-0.019082001031459517,0.0010325245224573898,-0.012742099898063186,0.009296148738379806,-0.01825293350717072,-0.0013020833333332593,-0.005181347150259086,-0.0033090668431501324,-0.0032981530343008103,0.0013210039630118242,-0.016883116883116833
2022-04-27,13.25,13.24,18.23,7.3,30.53,-0.005255255255255276,0.0,-0.014594594594594557,-0.004092769440654842,0.05530591081921887,True,False,True,False,False,-0.0241758241758242,0.024774774774774855,0.0015037593984961184,0.005291005291005346,-0.03779069767441856,-0.005061460592914013,-0.014957264957264904,-0.0035486160397445454,-0.03039832285115296,0.003154574132492094,-0.019082001031459517,0.0010325245224573898,-0.03552631578947363,0.009296148738379806,-0.01825293350717072,-0.0013020833333332593,-0.039508632138114286,-0.0033090668431501324,-0.0032981530343008103,0.0013210039630118242
2022-04-28,13.28,13.12,18.07,7.34,30.04,0.0022641509433962703,-0.009063444108761365,-0.008776741634668128,0.005479452054794498,-0.016049787094661094,False,False,False,False,False,-0.005255255255255276,-0.0241758241758242,0.024774774774774855,0.0015037593984961184,0.0,-0.03779069767441856,-0.005061460592914013,-0.014957264957264904,-0.014594594594594557,-0.03039832285115296,0.003154574132492094,-0.019082001031459517,-0.004092769440654842,-0.03552631578947363,0.009296148738379806,-0.01825293350717072,0.05530591081921887,-0.039508632138114286,-0.0033090668431501324,-0.0032981530343008103
2022-04-29,13.11,13.02,17.38,7.22,29.05,-0.012801204819277157,-0.007621951219512146,-0.03818483674598794,-0.016348773841961872,-0.032956058588548554,False,False,False,True,False,0.0022641509433962703,-0.005255255255255276,-0.0241758241758242,0.024774774774774855,-0.009063444108761365,0.0,-0.03779069767441856,-0.005061460592914013,-0.008776741634668128,-0.014594594594594557,-0.03039832285115296,0.003154574132492094,0.005479452054794498,-0.004092769440654842,-0.03552631578947363,0.009296148738379806,-0.016049787094661094,0.05530591081921887,-0.039508632138114286,-0.0033090668431501324
2022-05-02,13.06,12.91,17.59,7.16,27.93,-0.0038138825324178782,-0.008448540706605168,0.012082853855005737,-0.008310249307479145,-0.03855421686746996,False,True,False,True,False,-0.012801204819277157,0.0022641509433962703,-0.005255255255255276,-0.0241758241758242,-0.007621951219512146,-0.009063444108761365,0.0,-0.03779069767441856,-0.03818483674598794,-0.008776741634668128,-0.014594594594594557,-0.03039832285115296,-0.016348773841961872,0.005479452054794498,-0.004092769440654842,-0.03552631578947363,-0.032956058588548554,-0.016049787094661094,0.05530591081921887,-0.039508632138114286
2022-05-03,12.86,12.97,17.69,7.03,27.42,-0.015313935681470214,0.004647560030983877,0.005685048322910724,-0.018156424581005526,-0.018259935553168516,True,True,True,False,True,-0.0038138825324178782,-0.012801204819277157,0.0022641509433962703,-0.005255255255255276,-0.008448540706605168,-0.007621951219512146,-0.009063444108761365,0.0,0.012082853855005737,-0.03818483674598794,-0.008776741634668128,-0.014594594594594557,-0.008310249307479145,-0.016348773841961872,0.005479452054794498,-0.004092769440654842,-0.03855421686746996,-0.032956058588548554,-0.016049787094661094,0.05530591081921887
2022-05-04,12.95,13.12,17.66,7.24,27.93,0.006998444790046632,0.01156515034695449,-0.0016958733747880483,0.029871977240398362,0.018599562363238453,False,False,False,False,False,-0.015313935681470214,-0.0038138825324178782,-0.012801204819277157,0.0022641509433962703,0.004647560030983877,-0.008448540706605168,-0.007621951219512146,-0.009063444108761365,0.005685048322910724,0.012082853855005737,-0.03818483674598794,-0.008776741634668128,-0.018156424581005526,-0.008310249307479145,-0.016348773841961872,0.005479452054794498,-0.018259935553168516,-0.03855421686746996,-0.032956058588548554,-0.016049787094661094
2022-05-05,12.39,12.73,17.3,7.01,27.18,-0.043243243243243135,-0.029725609756097504,-0.020385050962627327,-0.03176795580110503,-0.02685284640171859,False,True,True,True,False,0.006998444790046632,-0.015313935681470214,-0.0038138825324178782,-0.012801204819277157,0.01156515034695449,0.004647560030983877,-0.008448540706605168,-0.007621951219512146,-0.0016958733747880483,0.005685048322910724,0.012082853855005737,-0.03818483674598794,0.029871977240398362,-0.018156424581005526,-0.008310249307479145,-0.016348773841961872,0.018599562363238453,-0.018259935553168516,-0.03855421686746996,-0.032956058588548554
2022-05-06,12.21,12.98,17.5,7.04,26.2,-0.014527845036319542,0.01963864886095834,0.01156069364161838,0.004279600570613384,-0.036055923473142015,True,True,False,False,False,-0.043243243243243135,0.006998444790046632,-0.015313935681470214,-0.0038138825324178782,-0.029725609756097504,0.01156515034695449,0.004647560030983877,-0.008448540706605168,-0.020385050962627327,-0.0016958733747880483,0.005685048322910724,0.012082853855005737,-0.03176795580110503,0.029871977240398362,-0.018156424581005526,-0.008310249307479145,-0.02685284640171859,0.018599562363238453,-0.018259935553168516,-0.03855421686746996
2022-05-09,12.36,13.17,17.39,6.89,25.73,0.01228501228501222,0.014637904468412843,-0.006285714285714228,-0.021306818181818232,-0.017938931297709848,True,True,True,False,False,-0.014527845036319542,-0.043243243243243135,0.006998444790046632,-0.015313935681470214,0.01963864886095834,-0.029725609756097504,0.01156515034695449,0.004647560030983877,0.01156069364161838,-0.020385050962627327,-0.0016958733747880483,0.005685048322910724,0.004279600570613384,-0.03176795580110503,0.029871977240398362,-0.018156424581005526,-0.036055923473142015,-0.02685284640171859,0.018599562363238453,-0.018259935553168516
2022-05-10,12.39,13.21,17.34,6.9,25.21,0.0024271844660195274,0.0030372057706911093,-0.002875215641173101,0.0014513788098695635,-0.020209871745044627,True,True,False,True,False,0.01228501228501222,-0.014527845036319542,-0.043243243243243135,0.006998444790046632,0.014637904468412843,0.01963864886095834,-0.029725609756097504,0.01156515034695449,-0.006285714285714228,0.01156069364161838,-0.020385050962627327,-0.0016958733747880483,-0.021306818181818232,0.004279600570613384,-0.03176795580110503,0.029871977240398362,-0.017938931297709848,-0.036055923473142015,-0.02685284640171859,0.018599562363238453
2022-05-11,12.59,13.43,17.76,6.9,25.19,0.01614205004035507,0.016654049962149697,0.02422145328719738,0.0,-0.0007933359777865245,True,True,True,True,True,0.0024271844660195274,0.01228501228501222,-0.014527845036319542,-0.043243243243243135,0.0030372057706911093,0.014637904468412843,0.01963864886095834,-0.029725609756097504,-0.002875215641173101,-0.006285714285714228,0.01156069364161838,-0.020385050962627327,0.0014513788098695635,-0.021306818181818232,0.004279600570613384,-0.03176795580110503,-0.020209871745044627,-0.017938931297709848,-0.036055923473142015,-0.02685284640171859
2022-05-12,13.07,13.5,18.12,7.02,25.49,0.038125496425734706,0.005212211466865346,0.020270270270270174,0.017391304347825987,0.01190948789202051,True,True,True,True,True,0.01614205004035507,0.0024271844660195274,0.01228501228501222,-0.014527845036319542,0.016654049962149697,0.0030372057706911093,0.014637904468412843,0.01963864886095834,0.02422145328719738,-0.002875215641173101,-0.006285714285714228,0.01156069364161838,0.0,0.0014513788098695635,-0.021306818181818232,0.004279600570613384,-0.0007933359777865245,-0.020209871745044627,-0.017938931297709848,-0.036055923473142015
2022-05-13,13.13,13.69,18.31,7.07,25.58,0.004590665646518888,0.014074074074074128,0.010485651214127811,0.007122507122507171,0.0035307963907413864,True,True,True,True,False,0.038125496425734706,0.01614205004035507,0.0024271844660195274,0.01228501228501222,0.005212211466865346,0.016654049962149697,0.0030372057706911093,0.014637904468412843,0.020270270270270174,0.02422145328719738,-0.002875215641173101,-0.006285714285714228,0.017391304347825987,0.0,0.0014513788098695635,-0.021306818181818232,0.01190948789202051,-0.0007933359777865245,-0.020209871745044627,-0.017938931297709848
2022-05-16,13.26,13.99,18.39,7.22,25.29,0.00990099009900991,0.021913805697589606,0.0043691971600219315,0.021216407355021172,-0.011336982017200903,True,True,True,True,True,0.004590665646518888,0.038125496425734706,0.01614205004035507,0.0024271844660195274,0.014074074074074128,0.005212211466865346,0.016654049962149697,0.0030372057706911093,0.010485651214127811,0.020270270270270174,0.02422145328719738,-0.002875215641173101,0.007122507122507171,0.017391304347825987,0.0,0.0014513788098695635,0.0035307963907413864,0.01190948789202051,-0.0007933359777865245,-0.020209871745044627
2022-05-17,13.3,14.26,18.65,7.24,25.97,0.003016591251885359,0.019299499642601914,0.014138118542686096,0.0027700831024930483,0.026888098062475274,False,False,False,False,False,0.00990099009900991,0.004590665646518888,0.038125496425734706,0.01614205004035507,0.021913805697589606,0.014074074074074128,0.005212211466865346,0.016654049962149697,0.0043691971600219315,0.010485651214127811,0.020270270270270174,0.02422145328719738,0.021216407355021172,0.007122507122507171,0.017391304347825987,0.0,-0.011336982017200903,0.0035307963907413864,0.01190948789202051,-0.0007933359777865245
2022-05-18,12.84,14.0,18.4,7.17,25.51,-0.03458646616541361,-0.018232819074333828,-0.013404825737265424,-0.00966850828729282,-0.017712745475548575,False,False,False,False,False,0.003016591251885359,0.00990099009900991,0.004590665646518888,0.038125496425734706,0.019299499642601914,0.021913805697589606,0.014074074074074128,0.005212211466865346,0.014138118542686096,0.0043691971600219315,0.010485651214127811,0.020270270270270174,0.0027700831024930483,0.021216407355021172,0.007122507122507171,0.017391304347825987,0.026888098062475274,-0.011336982017200903,0.0035307963907413864,0.01190948789202051
2022-05-19,12.77,13.97,18.39,7.14,24.64,-0.005451713395638658,-0.002142857142857113,-0.0005434782608694233,-0.004184100418410108,-0.034104272834182714,False,True,True,True,True,-0.03458646616541361,0.003016591251885359,0.00990099009900991,0.004590665646518888,-0.018232819074333828,0.019299499642601914,0.021913805697589606,0.014074074074074128,-0.013404825737265424,0.014138118542686096,0.0043691971600219315,0.010485651214127811,-0.00966850828729282,0.0027700831024930483,0.021216407355021172,0.007122507122507171,-0.017712745475548575,0.026888098062475274,-0.011336982017200903,0.0035307963907413864
2022-05-20,12.66,14.24,18.56,7.26,25.08,-0.008613938919342146,0.01932712956334992,0.009244154431756302,0.01680672268907557,0.017857142857142794,True,False,True,True,True,-0.005451713395638658,-0.03458646616541361,0.003016591251885359,0.00990099009900991,-0.002142857142857113,-0.018232819074333828,0.019299499642601914,0.021913805697589606,-0.0005434782608694233,-0.013404825737265424,0.014138118542686096,0.0043691971600219315,-0.004184100418410108,-0.00966850828729282,0.0027700831024930483,0.021216407355021172,-0.034104272834182714,-0.017712745475548575,0.026888098062475274,-0.011336982017200903
2022-05-23,12.71,13.89,19.03,7.33,25.64,0.003949447077409296,-0.024578651685393194,0.025323275862069172,0.009641873278236845,0.02232854864433831,True,True,False,True,False,-0.008613938919342146,-0.005451713395638658,-0.03458646616541361,0.003016591251885359,0.01932712956334992,-0.002142857142857113,-0.018232819074333828,0.019299499642601914,0.009244154431756302,-0.0005434782608694233,-0.013404825737265424,0.014138118542686096,0.01680672268907557,-0.004184100418410108,-0.00966850828729282,0.0027700831024930483,0.017857142857142794,-0.034104272834182714,-0.017712745475548575,0.026888098062475274
2022-05-24,12.76,14.16,19.35,7.32,25.17,0.003933910306844979,0.01943844492440605,0.016815554387808795,-0.0013642564802182067,-0.0183307332293291,False,False,False,False,False,0.003949447077409296,-0.008613938919342146,-0.005451713395638658,-0.03458646616541361,-0.024578651685393194,0.01932712956334992,-0.002142857142857113,-0.018232819074333828,0.025323275862069172,0.009244154431756302,-0.0005434782608694233,-0.013404825737265424,0.009641873278236845,0.01680672268907557,-0.004184100418410108,-0.00966850828729282,0.02232854864433831,0.017857142857142794,-0.034104272834182714,-0.017712745475548575
2022-05-25,12.67,14.02,18.97,7.26,24.43,-0.007053291536050166,-0.009887005649717562,-0.019638242894057023,-0.00819672131147553,-0.029400079459674267,True,True,False,True,True,0.003933910306844979,0.003949447077409296,-0.008613938919342146,-0.005451713395638658,0.01943844492440605,-0.024578651685393194,0.01932712956334992,-0.002142857142857113,0.016815554387808795,0.025323275862069172,0.009244154431756302,-0.0005434782608694233,-0.0013642564802182067,0.009641873278236845,0.01680672268907557,-0.004184100418410108,-0.0183307332293291,0.02232854864433831,0.017857142857142794,-0.034104272834182714
2022-05-26,12.83,14.08,19.15,7.24,24.81,0.012628255722178405,0.004279600570613384,0.009488666315234484,-0.0027548209366390353,0.015554645927138733,False,True,False,True,True,-0.007053291536050166,0.003933910306844979,0.003949447077409296,-0.008613938919342146,-0.009887005649717562,0.01943844492440605,-0.024578651685393194,0.01932712956334992,-0.019638242894057023,0.016815554387808795,0.025323275862069172,0.009244154431756302,-0.00819672131147553,-0.0013642564802182067,0.009641873278236845,0.01680672268907557,-0.029400079459674267,-0.0183307332293291,0.02232854864433831,0.017857142857142794
2022-05-27,12.83,14.18,19.31,7.18,25.31,0.0,0.007102272727272707,0.008355091383811963,-0.008287292817679592,0.02015316404675538,False,False,False,False,False,0.012628255722178405,-0.007053291536050166,0.003933910306844979,0.003949447077409296,0.004279600570613384,-0.009887005649717562,0.01943844492440605,-0.024578651685393194,0.009488666315234484,-0.019638242894057023,0.016815554387808795,0.025323275862069172,-0.0027548209366390353,-0.00819672131147553,-0.0013642564802182067,0.009641873278236845,0.015554645927138733,-0.029400079459674267,-0.0183307332293291,0.02232854864433831
2022-05-30,12.72,14.07,19.21,7.14,24.65,-0.008573655494933718,-0.007757404795486589,-0.005178663904712444,-0.005571030640668551,-0.026076649545634156,True,True,True,True,False,0.0,0.012628255722178405,-0.007053291536050166,0.003933910306844979,0.007102272727272707,0.004279600570613384,-0.009887005649717562,0.01943844492440605,0.008355091383811963,0.009488666315234484,-0.019638242894057023,0.016815554387808795,-0.008287292817679592,-0.0027548209366390353,-0.00819672131147553,-0.0013642564802182067,0.02015316404675538,0.015554645927138733,-0.029400079459674267,-0.0183307332293291
2022-05-31,12.81,14.25,19.38,7.15,24.49,0.007075471698113178,0.012793176972281328,0.008849557522123908,0.0014005602240896309,-0.006490872210953347,False,False,True,False,True,-0.008573655494933718,0.0,0.012628255722178405,-0.007053291536050166,-0.007757404795486589,0.007102272727272707,0.004279600570613384,-0.009887005649717562,-0.005178663904712444,0.008355091383811963,0.009488666315234484,-0.019638242894057023,-0.005571030640668551,-0.008287292817679592,-0.0027548209366390353,-0.00819672131147553,-0.026076649545634156,0.02015316404675538,0.015554645927138733,-0.029400079459674267
2022-06-01,12.75,14.02,19.13,7.17,25.3,-0.004683840749414525,-0.01614035087719301,-0.012899896800825594,0.002797202797202747,0.03307472437729686,False,True,True,False,True,0.007075471698113178,-0.008573655494933718,0.0,0.012628255722178405,0.012793176972281328,-0.007757404795486589,0.007102272727272707,0.004279600570613384,0.008849557522123908,-0.005178663904712444,0.008355091383811963,0.009488666315234484,0.0014005602240896309,-0.005571030640668551,-0.008287292817679592,-0.0027548209366390353,-0.006490872210953347,-0.026076649545634156,0.02015316404675538,0.015554645927138733
2022-06-02,12.75,14.03,19.13,7.23,25.41,0.0,0.0007132667617688604,0.0,0.008368200836820217,0.004347826086956497,False,False,False,False,False,-0.004683840749414525,0.007075471698113178,-0.008573655494933718,0.0,-0.01614035087719301,0.012793176972281328,-0.007757404795486589,0.007102272727272707,-0.012899896800825594,0.008849557522123908,-0.005178663904712444,0.008355091383811963,0.002797202797202747,0.0014005602240896309,-0.005571030640668551,-0.008287292817679592,0.03307472437729686,-0.006490872210953347,-0.026076649545634156,0.02015316404675538
2022-06-03,12.71,13.95,18.84,7.04,24.98,-0.0031372549019607066,-0.005702066999287214,-0.015159435441714497,-0.026279391424619658,-0.016922471467926026,False,False,True,False,True,0.0,-0.004683840749414525,0.007075471698113178,-0.008573655494933718,0.0007132667617688604,-0.01614035087719301,0.012793176972281328,-0.007757404795486589,0.0,-0.012899896800825594,0.008849557522123908,-0.005178663904712444,0.008368200836820217,0.002797202797202747,0.0014005602240896309,-0.005571030640668551,0.004347826086956497,0.03307472437729686,-0.006490872210953347,-0.026076649545634156
2022-06-06,12.68,13.86,18.84,7.13,25.04,-0.002360346184107076,-0.006451612903225823,0.0,0.012784090909090828,0.0024019215372297342,False,False,False,True,False,-0.0031372549019607066,0.0,-0.004683840749414525,0.007075471698113178,-0.005702066999287214,0.0007132667617688604,-0.01614035087719301,0.012793176972281328,-0.015159435441714497,0.0,-0.012899896800825594,0.008849557522123908,-0.026279391424619658,0.008368200836820217,0.002797202797202747,0.0014005602240896309,-0.016922471467926026,0.004347826086956497,0.03307472437729686,-0.006490872210953347
2022-06-07,12.39,13.74,18.89,7.09,25.01,-0.022870662460567792,-0.008658008658008587,0.002653927813163426,-0.005610098176718092,-0.0011980830670925702,True,False,False,False,False,-0.002360346184107076,-0.0031372549019607066,0.0,-0.004683840749414525,-0.006451612903225823,-0.005702066999287214,0.0007132667617688604,-0.01614035087719301,0.0,-0.015159435441714497,0.0,-0.012899896800825594,0.012784090909090828,-0.026279391424619658,0.008368200836820217,0.002797202797202747,0.0024019215372297342,-0.016922471467926026,0.004347826086956497,0.03307472437729686
2022-06-08,12.42,13.59,18.55,7.06,23.52,0.002421307506053294,-0.01091703056768567,-0.017998941238750676,-0.004231311706629048,-0.05957616953218725,False,True,False,False,True,-0.022870662460567792,-0.002360346184107076,-0.0031372549019607066,0.0,-0.008658008658008587,-0.006451612903225823,-0.005702066999287214,0.0007132667617688604,0.002653927813163426,0.0,-0.015159435441714497,0.0,-0.005610098176718092,0.012784090909090828,-0.026279391424619658,0.008368200836820217,-0.0011980830670925702,0.0024019215372297342,-0.016922471467926026,0.004347826086956497
2022-06-09,12.29,13.6,18.17,6.94,23.63,-0.01046698872785834,0.0007358351729211954,-0.020485175202156314,-0.016997167138810054,0.0046768707482993666,False,False,False,False,False,0.002421307506053294,-0.022870662460567792,-0.002360346184107076,-0.0031372549019607066,-0.01091703056768567,-0.008658008658008587,-0.006451612903225823,-0.005702066999287214,-0.017998941238750676,0.002653927813163426,0.0,-0.015159435441714497,-0.004231311706629048,-0.005610098176718092,0.012784090909090828,-0.026279391424619658,-0.05957616953218725,-0.0011980830670925702,0.0024019215372297342,-0.016922471467926026
2022-06-10,12.27,13.43,17.74,6.93,23.13,-0.0016273393002440573,-0.012499999999999956,-0.023665382498624266,-0.0014409221902018654,-0.021159542953872235,False,False,False,False,False,-0.01046698872785834,0.002421307506053294,-0.022870662460567792,-0.002360346184107076,0.0007358351729211954,-0.01091703056768567,-0.008658008658008587,-0.006451612903225823,-0.020485175202156314,-0.017998941238750676,0.002653927813163426,0.0,-0.016997167138810054,-0.004231311706629048,-0.005610098176718092,0.012784090909090828,0.0046768707482993666,-0.05957616953218725,-0.0011980830670925702,0.0024019215372297342
2022-06-13,12.03,13.21,17.45,6.86,22.96,-0.019559902200488977,-0.016381236038719216,-0.01634723788049597,-0.010101010101010055,-0.007349762213575417,False,False,False,False,True,-0.0016273393002440573,-0.01046698872785834,0.002421307506053294,-0.022870662460567792,-0.012499999999999956,0.0007358351729211954,-0.01091703056768567,-0.008658008658008587,-0.023665382498624266,-0.020485175202156314,-0.017998941238750676,0.002653927813163426,-0.0014409221902018654,-0.016997167138810054,-0.004231311706629048,-0.005610098176718092,-0.021159542953872235,0.0046768707482993666,-0.05957616953218725,-0.0011980830670925702
2022-06-14,11.87,13.11,17.39,6.8,23.37,-0.013300083125519557,-0.007570022710068236,-0.0034383954154727503,-0.008746355685131268,0.017857142857142794,False,True,False,False,False,-0.019559902200488977,-0.0016273393002440573,-0.01046698872785834,0.002421307506053294,-0.016381236038719216,-0.012499999999999956,0.0007358351729211954,-0.01091703056768567,-0.01634723788049597,-0.023665382498624266,-0.020485175202156314,-0.017998941238750676,-0.010101010101010055,-0.0014409221902018654,-0.016997167138810054,-0.004231311706629048,-0.007349762213575417,-0.021159542953872235,0.0046768707482993666,-0.05957616953218725
2022-06-15,11.79,13.21,17.35,6.79,23.13,-0.006739679865206405,0.0076277650648362005,-0.0023001725129384587,-0.0014705882352941124,-0.010269576379974388,False,False,True,False,False,-0.013300083125519557,-0.019559902200488977,-0.0016273393002440573,-0.01046698872785834,-0.007570022710068236,-0.016381236038719216,-0.012499999999999956,0.0007358351729211954,-0.0034383954154727503,-0.01634723788049597,-0.023665382498624266,-0.020485175202156314,-0.008746355685131268,-0.010101010101010055,-0.0014409221902018654,-0.016997167138810054,0.017857142857142794,-0.007349762213575417,-0.021159542953872235,0.0046768707482993666
2022-06-17,11.76,13.0,17.14,6.89,22.0,-0.0025445292620864812,-0.015897047691143085,-0.012103746397694626,0.014727540500736325,-0.04885430177258965,True,True,False,True,True,-0.006739679865206405,-0.013300083125519557,-0.019559902200488977,-0.0016273393002440573,0.0076277650648362005,-0.007570022710068236,-0.016381236038719216,-0.012499999999999956,-0.0023001725129384587,-0.0034383954154727503,-0.01634723788049597,-0.023665382498624266,-0.0014705882352941124,-0.008746355685131268,-0.010101010101010055,-0.0014409221902018654,-0.010269576379974388,0.017857142857142794,-0.007349762213575417,-0.021159542953872235
2022-06-20,11.78,13.26,17.87,6.84,23.23,0.001700680272108901,0.020000000000000018,0.0425904317386232,-0.007256894049346818,0.05590909090909091,True,False,False,False,True,-0.0025445292620864812,-0.006739679865206405,-0.013300083125519557,-0.019559902200488977,-0.015897047691143085,0.0076277650648362005,-0.007570022710068236,-0.016381236038719216,-0.012103746397694626,-0.0023001725129384587,-0.0034383954154727503,-0.01634723788049597,0.014727540500736325,-0.0014705882352941124,-0.008746355685131268,-0.010101010101010055,-0.04885430177258965,-0.010269576379974388,0.017857142857142794,-0.007349762213575417
2022-06-21,11.89,13.16,17.79,6.83,24.38,0.009337860780984863,-0.007541478129713397,-0.004476776720761189,-0.0014619883040934978,0.04950495049504955,True,False,False,False,True,0.001700680272108901,-0.0025445292620864812,-0.006739679865206405,-0.013300083125519557,0.020000000000000018,-0.015897047691143085,0.0076277650648362005,-0.007570022710068236,0.0425904317386232,-0.012103746397694626,-0.0023001725129384587,-0.0034383954154727503,-0.007256894049346818,0.014727540500736325,-0.0014705882352941124,-0.008746355685131268,0.05590909090909091,-0.04885430177258965,-0.010269576379974388,0.017857142857142794
2022-06-22,12.01,13.09,17.6,6.83,24.85,0.010092514718250456,-0.005319148936170248,-0.010680157391793066,0.0,0.019278096800656286,True,False,False,False,True,0.009337860780984863,0.001700680272108901,-0.0025445292620864812,-0.006739679865206405,-0.007541478129713397,0.020000000000000018,-0.015897047691143085,0.0076277650648362005,-0.004476776720761189,0.0425904317386232,-0.012103746397694626,-0.0023001725129384587,-0.0014619883040934978,-0.007256894049346818,0.014727540500736325,-0.0014705882352941124,0.04950495049504955,0.05590909090909091,-0.04885430177258965,-0.010269576379974388
2022-06-23,12.03,12.78,17.19,6.8,24.97,0.0016652789342215257,-0.023682200152788435,-0.023295454545454564,-0.004392386530014725,0.0048289738430582485,True,False,False,False,True,0.010092514718250456,0.009337860780984863,0.001700680272108901,-0.0025445292620864812,-0.005319148936170248,-0.007541478129713397,0.020000000000000018,-0.015897047691143085,-0.010680157391793066,-0.004476776720761189,0.0425904317386232,-0.012103746397694626,0.0,-0.0014619883040934978,-0.007256894049346818,0.014727540500736325,0.019278096800656286,0.04950495049504955,0.05590909090909091,-0.04885430177258965
2022-06-24,12.34,12.76,17.15,6.69,25.5,0.025768911055694232,-0.0015649452269169695,-0.002326934264107239,-0.016176470588235237,0.021225470564677718,True,True,True,True,False,0.0016652789342215257,0.010092514718250456,0.009337860780984863,0.001700680272108901,-0.023682200152788435,-0.005319148936170248,-0.007541478129713397,0.020000000000000018,-0.023295454545454564,-0.010680157391793066,-0.004476776720761189,0.0425904317386232,-0.004392386530014725,0.0,-0.0014619883040934978,-0.007256894049346818,0.0048289738430582485,0.019278096800656286,0.04950495049504955,0.05590909090909091
2022-06-27,12.39,12.87,17.34,6.72,25.03,0.004051863857374549,0.008620689655172376,0.011078717201166155,0.004484304932735439,-0.01843137254901961,False,False,False,False,True,0.025768911055694232,0.0016652789342215257,0.010092514718250456,0.009337860780984863,-0.0015649452269169695,-0.023682200152788435,-0.005319148936170248,-0.007541478129713397,-0.002326934264107239,-0.023295454545454564,-0.010680157391793066,-0.004476776720761189,-0.016176470588235237,-0.004392386530014725,0.0,-0.0014619883040934978,0.021225470564677718,0.0048289738430582485,0.019278096800656286,0.04950495049504955
2022-06-28,12.21,12.75,17.23,6.7,25.24,-0.014527845036319542,-0.00932400932400923,-0.006343713956170616,-0.0029761904761904656,0.008389932081502183,True,False,False,False,False,0.004051863857374549,0.025768911055694232,0.0016652789342215257,0.010092514718250456,0.008620689655172376,-0.0015649452269169695,-0.023682200152788435,-0.005319148936170248,0.011078717201166155,-0.002326934264107239,-0.023295454545454564,-0.010680157391793066,0.004484304932735439,-0.016176470588235237,-0.004392386530014725,0.0,-0.01843137254901961,0.021225470564677718,0.0048289738430582485,0.019278096800656286
2022-06-29,12.29,12.56,17.07,6.63,25.13,0.006552006552006384,-0.014901960784313717,-0.009286128845037767,-0.010447761194029903,-0.004358161648177483,False,False,False,False,True,-0.014527845036319542,0.004051863857374549,0.025768911055694232,0.0016652789342215257,-0.00932400932400923,0.008620689655172376,-0.0015649452269169695,-0.023682200152788435,-0.006343713956170616,0.011078717201166155,-0.002326934264107239,-0.023295454545454564,-0.0029761904761904656,0.004484304932735439,-0.016176470588235237,-0.004392386530014725,0.008389932081502183,-0.01843137254901961,0.021225470564677718,0.0048289738430582485
2022-06-30,12.1,12.27,16.75,6.57,25.53,-0.015459723352318933,-0.023089171974522316,-0.018746338605741042,-0.009049773755656076,0.015917230401910176,True,True,False,True,True,0.006552006552006384,-0.014527845036319542,0.004051863857374549,0.025768911055694232,-0.014901960784313717,-0.00932400932400923,0.008620689655172376,-0.0015649452269169695,-0.009286128845037767,-0.006343713956170616,0.011078717201166155,-0.002326934264107239,-0.010447761194029903,-0.0029761904761904656,0.004484304932735439,-0.016176470588235237,-0.004358161648177483,0.008389932081502183,-0.01843137254901961,0.021225470564677718
2022-07-01,12.42,12.3,16.8,6.48,25.58,0.026446280991735627,0.0024449877750611915,0.0029850746268658135,-0.013698630136986245,0.0019584802193497453,False,False,True,False,False,-0.015459723352318933,0.006552006552006384,-0.014527845036319542,0.004051863857374549,-0.023089171974522316,-0.014901960784313717,-0.00932400932400923,0.008620689655172376,-0.018746338605741042,-0.009286128845037767,-0.006343713956170616,0.011078717201166155,-0.009049773755656076,-0.010447761194029903,-0.0029761904761904656,0.004484304932735439,0.015917230401910176,-0.004358161648177483,0.008389932081502183,-0.01843137254901961
2022-07-04,12.35,12.17,16.69,6.52,25.57,-0.005636070853462183,-0.010569105691056957,-0.006547619047619024,0.006172839506172645,-0.0003909304143862036,True,True,False,True,True,0.026446280991735627,-0.015459723352318933,0.006552006552006384,-0.014527845036319542,0.0024449877750611915,-0.023089171974522316,-0.014901960784313717,-0.00932400932400923,0.0029850746268658135,-0.018746338605741042,-0.009286128845037767,-0.006343713956170616,-0.013698630136986245,-0.009049773755656076,-0.010447761194029903,-0.0029761904761904656,0.0019584802193497453,0.015917230401910176,-0.004358161648177483,0.008389932081502183
2022-07-05,12.72,12.21,16.79,6.48,26.08,0.029959514170040613,0.0032867707477404196,0.005991611743559,-0.006134969325153228,0.019945248337895904,True,False,False,False,True,-0.005636070853462183,0.026446280991735627,-0.015459723352318933,0.006552006552006384,-0.010569105691056957,0.0024449877750611915,-0.023089171974522316,-0.014901960784313717,-0.006547619047619024,0.0029850746268658135,-0.018746338605741042,-0.009286128845037767,0.006172839506172645,-0.013698630136986245,-0.009049773755656076,-0.010447761194029903,-0.0003909304143862036,0.0019584802193497453,0.015917230401910176,-0.004358161648177483
2022-07-06,12.85,12.17,16.68,6.46,26.16,0.010220125786163381,-0.003276003276003303,-0.00655151876116733,-0.0030864197530865445,0.0030674846625766694,False,True,True,True,True,0.029959514170040613,-0.005636070853462183,0.026446280991735627,-0.015459723352318933,0.0032867707477404196,-0.010569105691056957,0.0024449877750611915,-0.023089171974522316,0.005991611743559,-0.006547619047619024,0.0029850746268658135,-0.018746338605741042,-0.006134969325153228,0.006172839506172645,-0.013698630136986245,-0.009049773755656076,0.019945248337895904,-0.0003909304143862036,0.0019584802193497453,0.015917230401910176
2022-07-07,12.85,12.32,16.98,6.56,26.65,0.0,0.012325390304026351,0.017985611510791477,0.015479876160990669,0.018730886850152784,True,True,True,True,False,0.010220125786163381,0.029959514170040613,-0.005636070853462183,0.026446280991735627,-0.003276003276003303,0.0032867707477404196,-0.010569105691056957,0.0024449877750611915,-0.00655151876116733,0.005991611743559,-0.006547619047619024,0.0029850746268658135,-0.0030864197530865445,-0.006134969325153228,0.006172839506172645,-0.013698630136986245,0.0030674846625766694,0.019945248337895904,-0.0003909304143862036,0.0019584802193497453
2022-07-08,12.92,12.37,17.01,6.59,26.32,0.005447470817120603,0.0040584415584414835,0.0017667844522968323,0.004573170731707377,-0.012382739212007388,False,False,False,False,False,0.0,0.010220125786163381,0.029959514170040613,-0.005636070853462183,0.012325390304026351,-0.003276003276003303,0.0032867707477404196,-0.010569105691056957,0.017985611510791477,-0.00655151876116733,0.005991611743559,-0.006547619047619024,0.015479876160990669,-0.0030864197530865445,-0.006134969325153228,0.006172839506172645,0.018730886850152784,0.0030674846625766694,0.019945248337895904,-0.0003909304143862036
2022-07-11,12.73,12.18,16.8,6.49,25.56,-0.014705882352941124,-0.015359741309620034,-0.012345679012345734,-0.015174506828528056,-0.028875379939209744,False,False,False,False,True,0.005447470817120603,0.0,0.010220125786163381,0.029959514170040613,0.0040584415584414835,0.012325390304026351,-0.003276003276003303,0.0032867707477404196,0.0017667844522968323,0.017985611510791477,-0.00655151876116733,0.005991611743559,0.004573170731707377,0.015479876160990669,-0.0030864197530865445,-0.006134969325153228,-0.012382739212007388,0.018730886850152784,0.0030674846625766694,0.019945248337895904
2022-07-12,12.45,12.14,16.79,6.42,25.57,-0.021995286724273422,-0.003284072249589376,-0.0005952380952382041,-0.01078582434514641,0.00039123630672932563,True,False,False,False,True,-0.014705882352941124,0.005447470817120603,0.0,0.010220125786163381,-0.015359741309620034,0.0040584415584414835,0.012325390304026351,-0.003276003276003303,-0.012345679012345734,0.0017667844522968323,0.017985611510791477,-0.00655151876116733,-0.015174506828528056,0.004573170731707377,0.015479876160990669,-0.0030864197530865445,-0.028875379939209744,-0.012382739212007388,0.018730886850152784,0.0030674846625766694
2022-07-13,13.15,11.91,16.75,6.34,25.7,0.05622489959839361,-0.018945634266886335,-0.002382370458606231,-0.012461059190031154,0.005084082909659671,True,False,True,False,False,-0.021995286724273422,-0.014705882352941124,0.005447470817120603,0.0,-0.003284072249589376,-0.015359741309620034,0.0040584415584414835,0.012325390304026351,-0.0005952380952382041,-0.012345679012345734,0.0017667844522968323,0.017985611510791477,-0.01078582434514641,-0.015174506828528056,0.004573170731707377,0.015479876160990669,0.00039123630672932563,-0.028875379939209744,-0.012382739212007388,0.018730886850152784
2022-07-14,13.4,11.65,16.51,6.38,25.39,0.019011406844106515,-0.02183039462636438,-0.014328358208955172,0.006309148264984188,-0.012062256809338479,False,True,True,True,True,0.05622489959839361,-0.021995286724273422,-0.014705882352941124,0.005447470817120603,-0.018945634266886335,-0.003284072249589376,-0.015359741309620034,0.0040584415584414835,-0.002382370458606231,-0.0005952380952382041,-0.012345679012345734,0.0017667844522968323,-0.012461059190031154,-0.01078582434514641,-0.015174506828528056,0.004573170731707377,0.005084082909659671,0.00039123630672932563,-0.028875379939209744,-0.012382739212007388
2022-07-15,13.17,11.75,16.83,6.52,25.53,-0.01716417910447765,0.008583690987124415,0.019382192610538862,0.021943573667711602,0.0055139818826310805,False,True,True,True,False,0.019011406844106515,0.05622489959839361,-0.021995286724273422,-0.014705882352941124,-0.02183039462636438,-0.018945634266886335,-0.003284072249589376,-0.015359741309620034,-0.014328358208955172,-0.002382370458606231,-0.0005952380952382041,-0.012345679012345734,0.006309148264984188,-0.012461059190031154,-0.01078582434514641,-0.015174506828528056,-0.012062256809338479,0.005084082909659671,0.00039123630672932563,-0.028875379939209744
2022-07-18,13.08,11.84,16.97,6.53,25.12,-0.006833712984054663,0.007659574468085184,0.008318478906714333,0.0015337423312884457,-0.0160595377986682,False,True,True,True,True,-0.01716417910447765,0.019011406844106515,0.05622489959839361,-0.021995286724273422,0.008583690987124415,-0.02183039462636438,-0.018945634266886335,-0.003284072249589376,0.019382192610538862,-0.014328358208955172,-0.002382370458606231,-0.0005952380952382041,0.021943573667711602,0.006309148264984188,-0.012461059190031154,-0.01078582434514641,0.0055139818826310805,-0.012062256809338479,0.005084082909659671,0.00039123630672932563
2022-07-19,13.07,12.25,17.43,6.65,25.93,-0.000764525993883769,0.03462837837837829,0.02710665880966423,0.018376722817764257,0.032245222929936146,False,False,False,False,False,-0.006833712984054663,-0.01716417910447765,0.019011406844106515,0.05622489959839361,0.007659574468085184,0.008583690987124415,-0.02183039462636438,-0.018945634266886335,0.008318478906714333,0.019382192610538862,-0.014328358208955172,-0.002382370458606231,0.0015337423312884457,0.021943573667711602,0.006309148264984188,-0.012461059190031154,-0.0160595377986682,0.0055139818826310805,-0.012062256809338479,0.005084082909659671
2022-07-20,12.91,12.05,17.14,6.63,24.99,-0.01224177505738333,-0.01632653061224487,-0.01663798049340215,-0.00300751879699257,-0.036251446201311266,True,True,True,True,False,-0.000764525993883769,-0.006833712984054663,-0.01716417910447765,0.019011406844106515,0.03462837837837829,0.007659574468085184,0.008583690987124415,-0.02183039462636438,0.02710665880966423,0.008318478906714333,0.019382192610538862,-0.014328358208955172,0.018376722817764257,0.0015337423312884457,0.021943573667711602,0.006309148264984188,0.032245222929936146,-0.0160595377986682,0.0055139818826310805,-0.012062256809338479
2022-07-21,13.14,12.2,17.3,6.69,24.36,0.01781564678543779,0.012448132780082943,0.009334889148191472,0.009049773755656076,-0.025210084033613356,False,False,False,False,True,-0.01224177505738333,-0.000764525993883769,-0.006833712984054663,-0.01716417910447765,-0.01632653061224487,0.03462837837837829,0.007659574468085184,0.008583690987124415,-0.01663798049340215,0.02710665880966423,0.008318478906714333,0.019382192610538862,-0.00300751879699257,0.018376722817764257,0.0015337423312884457,0.021943573667711602,-0.036251446201311266,0.032245222929936146,-0.0160595377986682,0.0055139818826310805
2022-07-22,13.1,12.1,17.15,6.63,24.85,-0.003044140030441511,-0.008196721311475419,-0.008670520231213952,-0.008968609865470878,0.02011494252873569,True,True,True,True,True,0.01781564678543779,-0.01224177505738333,-0.000764525993883769,-0.006833712984054663,0.012448132780082943,-0.01632653061224487,0.03462837837837829,0.007659574468085184,0.009334889148191472,-0.01663798049340215,0.02710665880966423,0.008318478906714333,0.009049773755656076,-0.00300751879699257,0.018376722817764257,0.0015337423312884457,-0.025210084033613356,-0.036251446201311266,0.032245222929936146,-0.0160595377986682
2022-07-25,13.25,12.23,17.38,6.64,25.6,0.011450381679389388,0.010743801652892682,0.013411078717201264,0.0015082956259426794,0.030181086519114775,True,False,False,False,False,-0.003044140030441511,0.01781564678543779,-0.01224177505738333,-0.000764525993883769,-0.008196721311475419,0.012448132780082943,-0.01632653061224487,0.03462837837837829,-0.008670520231213952,0.009334889148191472,-0.01663798049340215,0.02710665880966423,-0.008968609865470878,0.009049773755656076,-0.00300751879699257,0.018376722817764257,0.02011494252873569,-0.025210084033613356,-0.036251446201311266,0.032245222929936146
2022-07-26,13.38,12.2,17.3,6.64,25.32,0.009811320754717023,-0.0024529844644318732,-0.00460299194476399,0.0,-0.010937500000000044,True,True,True,False,True,0.011450381679389388,-0.003044140030441511,0.01781564678543779,-0.01224177505738333,0.010743801652892682,-0.008196721311475419,0.012448132780082943,-0.01632653061224487,0.013411078717201264,-0.008670520231213952,0.009334889148191472,-0.01663798049340215,0.0015082956259426794,-0.008968609865470878,0.009049773755656076,-0.00300751879699257,0.030181086519114775,0.02011494252873569,-0.025210084033613356,-0.036251446201311266
2022-07-27,13.52,12.27,17.28,6.71,25.97,0.010463378176382543,0.0057377049180327155,-0.0011560693641617936,0.010542168674698926,0.025671406003159536,True,True,True,True,True,0.009811320754717023,0.011450381679389388,-0.003044140030441511,0.01781564678543779,-0.0024529844644318732,0.010743801652892682,-0.008196721311475419,0.012448132780082943,-0.00460299194476399,0.013411078717201264,-0.008670520231213952,0.009334889148191472,0.0,0.0015082956259426794,-0.008968609865470878,0.009049773755656076,-0.010937500000000044,0.030181086519114775,0.02011494252873569,-0.025210084033613356
2022-07-28,13.63,12.32,17.38,6.76,27.0,0.008136094674556338,0.004074979625101838,0.0057870370370369795,0.007451564828613977,0.039661147477859204,False,True,True,True,True,0.010463378176382543,0.009811320754717023,0.011450381679389388,-0.003044140030441511,0.0057377049180327155,-0.0024529844644318732,0.010743801652892682,-0.008196721311475419,-0.0011560693641617936,-0.00460299194476399,0.013411078717201264,-0.008670520231213952,0.010542168674698926,0.0,0.0015082956259426794,-0.008968609865470878,0.025671406003159536,-0.010937500000000044,0.030181086519114775,0.02011494252873569
2022-07-29,13.48,12.37,17.41,6.86,27.1,-0.011005135730007387,0.0040584415584414835,0.0017261219792865656,0.01479289940828421,0.0037037037037037646,False,False,False,False,False,0.008136094674556338,0.010463378176382543,0.009811320754717023,0.011450381679389388,0.004074979625101838,0.0057377049180327155,-0.0024529844644318732,0.010743801652892682,0.0057870370370369795,-0.0011560693641617936,-0.00460299194476399,0.013411078717201264,0.007451564828613977,0.010542168674698926,0.0,0.0015082956259426794,0.039661147477859204,0.025671406003159536,-0.010937500000000044,0.030181086519114775
2022-08-01,13.21,12.34,17.32,6.63,26.95,-0.02002967359050445,-0.0024252223120452276,-0.005169442848937389,-0.03352769679300294,-0.005535055350553542,True,True,True,True,True,-0.011005135730007387,0.008136094674556338,0.010463378176382543,0.009811320754717023,0.0040584415584414835,0.004074979625101838,0.0057377049180327155,-0.0024529844644318732,0.0017261219792865656,0.0057870370370369795,-0.0011560693641617936,-0.00460299194476399,0.01479289940828421,0.007451564828613977,0.010542168674698926,0.0,0.0037037037037037646,0.039661147477859204,0.025671406003159536,-0.010937500000000044
2022-08-02,13.28,12.53,17.51,6.74,27.43,0.005299015897047621,0.015397082658022754,0.010969976905311762,0.016591251885369473,0.017810760667903436,False,True,True,True,False,-0.02002967359050445,-0.011005135730007387,0.008136094674556338,0.010463378176382543,-0.0024252223120452276,0.0040584415584414835,0.004074979625101838,0.0057377049180327155,-0.005169442848937389,0.0017261219792865656,0.0057870370370369795,-0.0011560693641617936,-0.03352769679300294,0.01479289940828421,0.007451564828613977,0.010542168674698926,-0.005535055350553542,0.0037037037037037646,0.039661147477859204,0.025671406003159536
2022-08-03,13.21,12.68,17.64,6.75,27.18,-0.005271084337349241,0.011971268954509284,0.007424328954882764,0.0014836795252224366,-0.009114108640175034,True,True,True,True,True,0.005299015897047621,-0.02002967359050445,-0.011005135730007387,0.008136094674556338,0.015397082658022754,-0.0024252223120452276,0.0040584415584414835,0.004074979625101838,0.010969976905311762,-0.005169442848937389,0.0017261219792865656,0.0057870370370369795,0.016591251885369473,-0.03352769679300294,0.01479289940828421,0.007451564828613977,0.017810760667903436,-0.005535055350553542,0.0037037037037037646,0.039661147477859204
2022-08-04,13.25,12.99,17.99,6.77,27.85,0.0030280090840271168,0.02444794952681395,0.01984126984126977,0.002962962962962834,0.024650478292862488,False,True,True,True,True,-0.005271084337349241,0.005299015897047621,-0.02002967359050445,-0.011005135730007387,0.011971268954509284,0.015397082658022754,-0.0024252223120452276,0.0040584415584414835,0.007424328954882764,0.010969976905311762,-0.005169442848937389,0.0017261219792865656,0.0014836795252224366,0.016591251885369473,-0.03352769679300294,0.01479289940828421,-0.009114108640175034,0.017810760667903436,-0.005535055350553542,0.0037037037037037646
2022-08-05,13.18,13.11,18.27,6.86,27.87,-0.005283018867924594,0.009237875288683473,0.015564202334630517,0.013293943870014813,0.0007181328545780019,True,False,True,True,True,0.0030280090840271168,-0.005271084337349241,0.005299015897047621,-0.02002967359050445,0.02444794952681395,0.011971268954509284,0.015397082658022754,-0.0024252223120452276,0.01984126984126977,0.007424328954882764,0.010969976905311762,-0.005169442848937389,0.002962962962962834,0.0014836795252224366,0.016591251885369473,-0.03352769679300294,0.024650478292862488,-0.009114108640175034,0.017810760667903436,-0.005535055350553542
2022-08-08,13.36,13.11,18.47,6.89,28.74,0.01365705614567525,0.0,0.010946907498631697,0.004373177842565523,0.031216361679224924,False,True,True,True,False,-0.005283018867924594,0.0030280090840271168,-0.005271084337349241,0.005299015897047621,0.009237875288683473,0.02444794952681395,0.011971268954509284,0.015397082658022754,0.015564202334630517,0.01984126984126977,0.007424328954882764,0.010969976905311762,0.013293943870014813,0.002962962962962834,0.0014836795252224366,0.016591251885369473,0.0007181328545780019,0.024650478292862488,-0.009114108640175034,0.017810760667903436
2022-08-09,13.31,13.31,18.98,7.01,28.59,-0.0037425149700598404,0.015255530129672179,0.02761234434217652,0.01741654571843254,-0.005219206680584509,True,True,False,True,True,0.01365705614567525,-0.005283018867924594,0.0030280090840271168,-0.005271084337349241,0.0,0.009237875288683473,0.02444794952681395,0.011971268954509284,0.010946907498631697,0.015564202334630517,0.01984126984126977,0.007424328954882764,0.004373177842565523,0.013293943870014813,0.002962962962962834,0.0014836795252224366,0.031216361679224924,0.0007181328545780019,0.024650478292862488,-0.009114108640175034
2022-08-10,13.69,13.52,19.3,7.01,29.65,0.02854996243425978,0.01577761081893314,0.01685985247629085,0.0,0.03707590066456801,False,True,False,True,False,-0.0037425149700598404,0.01365705614567525,-0.005283018867924594,0.0030280090840271168,0.015255530129672179,0.0,0.009237875288683473,0.02444794952681395,0.02761234434217652,0.010946907498631697,0.015564202334630517,0.01984126984126977,0.01741654571843254,0.004373177842565523,0.013293943870014813,0.002962962962962834,-0.005219206680584509,0.031216361679224924,0.0007181328545780019,0.024650478292862488
2022-08-11,13.66,13.59,19.39,7.01,29.12,-0.0021913805697588717,0.005177514792899407,0.004663212435233044,0.0,-0.017875210792580032,True,True,True,True,True,0.02854996243425978,-0.0037425149700598404,0.01365705614567525,-0.005283018867924594,0.01577761081893314,0.015255530129672179,0.0,0.009237875288683473,0.01685985247629085,0.02761234434217652,0.010946907498631697,0.015564202334630517,0.0,0.01741654571843254,0.004373177842565523,0.013293943870014813,0.03707590066456801,-0.005219206680584509,0.031216361679224924,0.0007181328545780019
2022-08-12,13.73,13.84,19.56,7.09,29.87,0.005124450951683679,0.01839587932303166,0.008767405879319234,0.011412268188302432,0.025755494505494525,True,False,False,True,False,-0.0021913805697588717,0.02854996243425978,-0.0037425149700598404,0.01365705614567525,0.005177514792899407,0.01577761081893314,0.015255530129672179,0.0,0.004663212435233044,0.01685985247629085,0.02761234434217652,0.010946907498631697,0.0,0.0,0.01741654571843254,0.004373177842565523,-0.017875210792580032,0.03707590066456801,-0.005219206680584509,0.031216361679224924
2022-08-15,13.92,13.67,19.74,7.06,29.33,0.01383831026948279,-0.012283236994219626,0.009202453987730008,-0.004231311706629048,-0.018078339471041316,True,True,True,True,True,0.005124450951683679,-0.0021913805697588717,0.02854996243425978,-0.0037425149700598404,0.01839587932303166,0.005177514792899407,0.01577761081893314,0.015255530129672179,0.008767405879319234,0.004663212435233044,0.01685985247629085,0.02761234434217652,0.011412268188302432,0.0,0.0,0.01741654571843254,0.025755494505494525,-0.017875210792580032,0.03707590066456801,-0.005219206680584509
2022-08-16,13.99,13.91,19.96,7.11,29.57,0.005028735632183867,0.017556693489392927,0.011144883485309176,0.00708215297450443,0.008182748039549992,True,True,False,True,False,0.01383831026948279,0.005124450951683679,-0.0021913805697588717,0.02854996243425978,-0.012283236994219626,0.01839587932303166,0.005177514792899407,0.01577761081893314,0.009202453987730008,0.008767405879319234,0.004663212435233044,0.01685985247629085,-0.004231311706629048,0.011412268188302432,0.0,0.0,-0.018078339471041316,0.025755494505494525,-0.017875210792580032,0.03707590066456801
2022-08-17,14.04,13.96,20.02,7.09,29.41,0.0035739814152966343,0.0035945363048166534,0.0030060120240480437,-0.002812939521800395,-0.005410889414947606,True,True,False,False,True,0.005028735632183867,0.01383831026948279,0.005124450951683679,-0.0021913805697588717,0.017556693489392927,-0.012283236994219626,0.01839587932303166,0.005177514792899407,0.011144883485309176,0.009202453987730008,0.008767405879319234,0.004663212435233044,0.00708215297450443,-0.004231311706629048,0.011412268188302432,0.0,0.008182748039549992,-0.018078339471041316,0.025755494505494525,-0.017875210792580032
2022-08-18,14.44,14.02,19.98,7.09,29.81,0.028490028490028463,0.004297994269340855,-0.0019980019980019303,0.0,0.013600816048962905,False,False,True,False,False,0.0035739814152966343,0.005028735632183867,0.01383831026948279,0.005124450951683679,0.0035945363048166534,0.017556693489392927,-0.012283236994219626,0.01839587932303166,0.0030060120240480437,0.011144883485309176,0.009202453987730008,0.008767405879319234,-0.002812939521800395,0.00708215297450443,-0.004231311706629048,0.011412268188302432,-0.005410889414947606,0.008182748039549992,-0.018078339471041316,0.025755494505494525
2022-08-19,14.14,13.83,19.74,7.11,28.85,-0.020775623268697974,-0.013552068473609125,-0.012012012012012074,0.0028208744710860323,-0.03220395840322032,False,False,False,False,False,0.028490028490028463,0.0035739814152966343,0.005028735632183867,0.01383831026948279,0.004297994269340855,0.0035945363048166534,0.017556693489392927,-0.012283236994219626,-0.0019980019980019303,0.0030060120240480437,0.011144883485309176,0.009202453987730008,0.0,-0.002812939521800395,0.00708215297450443,-0.004231311706629048,0.013600816048962905,-0.005410889414947606,0.008182748039549992,-0.018078339471041316
2022-08-22,13.92,13.68,19.52,7.07,27.98,-0.015558698727015652,-0.010845986984815648,-0.011144883485308954,-0.005625879043600568,-0.03015597920277302,True,True,False,False,False,-0.020775623268697974,0.028490028490028463,0.0035739814152966343,0.005028735632183867,-0.013552068473609125,0.004297994269340855,0.0035945363048166534,0.017556693489392927,-0.012012012012012074,-0.0019980019980019303,0.0030060120240480437,0.011144883485309176,0.0028208744710860323,0.0,-0.002812939521800395,0.00708215297450443,-0.03220395840322032,0.013600816048962905,-0.005410889414947606,0.008182748039549992
2022-08-23,13.94,13.75,19.52,7.05,27.84,0.001436781609195359,0.005116959064327409,0.0,-0.0028288543140029265,-0.005003573981415266,True,False,False,True,False,-0.015558698727015652,-0.020775623268697974,0.028490028490028463,0.0035739814152966343,-0.010845986984815648,-0.013552068473609125,0.004297994269340855,0.0035945363048166534,-0.011144883485308954,-0.012012012012012074,-0.0019980019980019303,0.0030060120240480437,-0.005625879043600568,0.0028208744710860323,0.0,-0.002812939521800395,-0.03015597920277302,-0.03220395840322032,0.013600816048962905,-0.005410889414947606
2022-08-24,14.26,13.7,19.65,7.02,27.83,0.022955523672883782,-0.0036363636363636598,0.006659836065573632,-0.004255319148936176,-0.00035919540229889524,True,True,True,True,True,0.001436781609195359,-0.015558698727015652,-0.020775623268697974,0.028490028490028463,0.005116959064327409,-0.010845986984815648,-0.013552068473609125,0.004297994269340855,0.0,-0.011144883485308954,-0.012012012012012074,-0.0019980019980019303,-0.0028288543140029265,-0.005625879043600568,0.0028208744710860323,0.0,-0.005003573981415266,-0.03015597920277302,-0.03220395840322032,0.013600816048962905
2022-08-25,14.28,13.8,19.83,7.08,27.98,0.0014025245441795509,0.007299270072992803,0.009160305343511421,0.008547008547008517,0.005389867049946151,False,False,False,False,False,0.022955523672883782,0.001436781609195359,-0.015558698727015652,-0.020775623268697974,-0.0036363636363636598,0.005116959064327409,-0.010845986984815648,-0.013552068473609125,0.006659836065573632,0.0,-0.011144883485308954,-0.012012012012012074,-0.004255319148936176,-0.0028288543140029265,-0.005625879043600568,0.0028208744710860323,-0.00035919540229889524,-0.005003573981415266,-0.03015597920277302,-0.03220395840322032
2022-08-26,14.15,13.73,19.77,7.0,27.85,-0.0091036414565826,-0.005072463768115987,-0.0030257186081693588,-0.011299435028248594,-0.00464617583988558,False,True,False,False,False,0.0014025245441795509,0.022955523672883782,0.001436781609195359,-0.015558698727015652,0.007299270072992803,-0.0036363636363636598,0.005116959064327409,-0.010845986984815648,0.009160305343511421,0.006659836065573632,0.0,-0.011144883485308954,0.008547008547008517,-0.004255319148936176,-0.0028288543140029265,-0.005625879043600568,0.005389867049946151,-0.00035919540229889524,-0.005003573981415266,-0.03015597920277302
2022-08-29,14.09,13.77,19.68,7.0,27.42,-0.004240282685512353,0.0029133284777858037,-0.004552352048558417,0.0,-0.01543985637342904,False,False,True,False,True,-0.0091036414565826,0.0014025245441795509,0.022955523672883782,0.001436781609195359,-0.005072463768115987,0.007299270072992803,-0.0036363636363636598,0.005116959064327409,-0.0030257186081693588,0.009160305343511421,0.006659836065573632,0.0,-0.011299435028248594,0.008547008547008517,-0.004255319148936176,-0.0028288543140029265,-0.00464617583988558,0.005389867049946151,-0.00035919540229889524,-0.005003573981415266
2022-08-30,13.89,13.76,19.63,7.01,27.44,-0.01419446415897796,-0.000726216412490932,-0.002540650406504086,0.0014285714285713347,0.0007293946024800047,False,False,False,False,False,-0.004240282685512353,-0.0091036414565826,0.0014025245441795509,0.022955523672883782,0.0029133284777858037,-0.005072463768115987,0.007299270072992803,-0.0036363636363636598,-0.004552352048558417,-0.0030257186081693588,0.009160305343511421,0.006659836065573632,0.0,-0.011299435028248594,0.008547008547008517,-0.004255319148936176,-0.01543985637342904,-0.00464617583988558,0.005389867049946151,-0.00035919540229889524
2022-08-31,13.79,13.52,19.25,6.97,27.34,-0.00719942404607643,-0.01744186046511631,-0.019358125318390207,-0.005706134094151216,-0.0036443148688046767,True,False,False,True,True,-0.01419446415897796,-0.004240282685512353,-0.0091036414565826,0.0014025245441795509,-0.000726216412490932,0.0029133284777858037,-0.005072463768115987,0.007299270072992803,-0.002540650406504086,-0.004552352048558417,-0.0030257186081693588,0.009160305343511421,0.0014285714285713347,0.0,-0.011299435028248594,0.008547008547008517,0.0007293946024800047,-0.01543985637342904,-0.00464617583988558,0.005389867049946151
2022-09-01,13.93,13.52,19.39,6.89,27.43,0.010152284263959421,0.0,0.0072727272727273196,-0.011477761836441891,0.003291880029261174,True,True,True,True,True,-0.00719942404607643,-0.01419446415897796,-0.004240282685512353,-0.0091036414565826,-0.01744186046511631,-0.000726216412490932,0.0029133284777858037,-0.005072463768115987,-0.019358125318390207,-0.002540650406504086,-0.004552352048558417,-0.0030257186081693588,-0.005706134094151216,0.0014285714285713347,0.0,-0.011299435028248594,-0.0036443148688046767,0.0007293946024800047,-0.01543985637342904,-0.00464617583988558
2022-09-02,13.97,13.61,19.67,7.0,29.16,0.002871500358937684,0.006656804733727872,0.014440433212996373,0.0159651669085632,0.06306963179001102,True,True,True,True,True,0.010152284263959421,-0.00719942404607643,-0.01419446415897796,-0.004240282685512353,0.0,-0.01744186046511631,-0.000726216412490932,0.0029133284777858037,0.0072727272727273196,-0.019358125318390207,-0.002540650406504086,-0.004552352048558417,-0.011477761836441891,-0.005706134094151216,0.0014285714285713347,0.0,0.003291880029261174,-0.0036443148688046767,0.0007293946024800047,-0.01543985637342904
2022-09-05,14.04,13.72,19.88,7.09,29.83,0.00501073729420165,0.008082292432035398,0.010676156583629748,0.0128571428571429,0.022976680384087622,True,False,False,False,False,0.002871500358937684,0.010152284263959421,-0.00719942404607643,-0.01419446415897796,0.006656804733727872,0.0,-0.01744186046511631,-0.000726216412490932,0.014440433212996373,0.0072727272727273196,-0.019358125318390207,-0.002540650406504086,0.0159651669085632,-0.011477761836441891,-0.005706134094151216,0.0014285714285713347,0.06306963179001102,0.003291880029261174,-0.0036443148688046767,0.0007293946024800047
2022-09-06,14.05,13.59,19.82,7.04,29.24,0.0007122507122507837,-0.009475218658892226,-0.003018108651911433,-0.007052186177715081,-0.019778746228628852,False,False,False,False,False,0.00501073729420165,0.002871500358937684,0.010152284263959421,-0.00719942404607643,0.008082292432035398,0.006656804733727872,0.0,-0.01744186046511631,0.010676156583629748,0.014440433212996373,0.0072727272727273196,-0.019358125318390207,0.0128571428571429,0.0159651669085632,-0.011477761836441891,-0.005706134094151216,0.022976680384087622,0.06306963179001102,0.003291880029261174,-0.0036443148688046767
2022-09-08,13.99,13.54,19.75,7.04,29.16,-0.004270462633451988,-0.003679175864606421,-0.003531786074672083,0.0,-0.002735978112175075,True,True,False,True,True,0.0007122507122507837,0.00501073729420165,0.002871500358937684,0.010152284263959421,-0.009475218658892226,0.008082292432035398,0.006656804733727872,0.0,-0.003018108651911433,0.010676156583629748,0.014440433212996373,0.0072727272727273196,-0.007052186177715081,0.0128571428571429,0.0159651669085632,-0.011477761836441891,-0.019778746228628852,0.022976680384087622,0.06306963179001102,0.003291880029261174
2022-09-09,14.19,13.67,19.87,7.04,29.4,0.014295925661186537,0.009601181683899673,0.006075949367088551,0.0,0.008230452674897082,False,True,True,True,True,-0.004270462633451988,0.0007122507122507837,0.00501073729420165,0.002871500358937684,-0.003679175864606421,-0.009475218658892226,0.008082292432035398,0.006656804733727872,-0.003531786074672083,-0.003018108651911433,0.010676156583629748,0.014440433212996373,0.0,-0.007052186177715081,0.0128571428571429,0.0159651669085632,-0.002735978112175075,-0.019778746228628852,0.022976680384087622,0.06306963179001102
2022-09-12,14.18,13.85,20.02,7.19,30.62,-0.0007047216349541641,0.013167520117044695,0.007549068948162985,0.02130681818181812,0.04149659863945576,False,False,False,False,False,0.014295925661186537,-0.004270462633451988,0.0007122507122507837,0.00501073729420165,0.009601181683899673,-0.003679175864606421,-0.009475218658892226,0.008082292432035398,0.006075949367088551,-0.003531786074672083,-0.003018108651911433,0.010676156583629748,0.0,0.0,-0.007052186177715081,0.0128571428571429,0.008230452674897082,-0.002735978112175075,-0.019778746228628852,0.022976680384087622
2022-09-13,14.07,13.67,19.87,7.07,29.55,-0.007757404795486589,-0.012996389891696714,-0.007492507492507405,-0.016689847009735748,-0.03494448073154799,False,False,False,False,True,-0.0007047216349541641,0.014295925661186537,-0.004270462633451988,0.0007122507122507837,0.013167520117044695,0.009601181683899673,-0.003679175864606421,-0.009475218658892226,0.007549068948162985,0.006075949367088551,-0.003531786074672083,-0.003018108651911433,0.02130681818181812,0.0,0.0,-0.007052186177715081,0.04149659863945576,0.008230452674897082,-0.002735978112175075,-0.019778746228628852
2022-09-14,13.88,13.59,19.74,7.07,29.56,-0.013503909026297056,-0.005852231163130939,-0.006542526421741468,0.0,0.00033840947546526223,False,False,False,True,False,-0.007757404795486589,-0.0007047216349541641,0.014295925661186537,-0.004270462633451988,-0.012996389891696714,0.013167520117044695,0.009601181683899673,-0.003679175864606421,-0.007492507492507405,0.007549068948162985,0.006075949367088551,-0.003531786074672083,-0.016689847009735748,0.02130681818181812,0.0,0.0,-0.03494448073154799,0.04149659863945576,0.008230452674897082,-0.002735978112175075
2022-09-15,13.81,13.53,19.75,7.06,28.97,-0.005043227665706085,-0.004415011037527616,0.0005065856129686797,-0.0014144271570014633,-0.019959404600811914,False,False,False,False,True,-0.013503909026297056,-0.007757404795486589,-0.0007047216349541641,0.014295925661186537,-0.005852231163130939,-0.012996389891696714,0.013167520117044695,0.009601181683899673,-0.006542526421741468,-0.007492507492507405,0.007549068948162985,0.006075949367088551,0.0,-0.016689847009735748,0.02130681818181812,0.0,0.00033840947546526223,-0.03494448073154799,0.04149659863945576,0.008230452674897082
2022-09-16,13.79,13.39,19.71,7.01,29.42,-0.0014482259232441175,-0.010347376201034653,-0.0020253164556961467,-0.007082152974504208,0.015533310321021787,True,True,True,True,True,-0.005043227665706085,-0.013503909026297056,-0.007757404795486589,-0.0007047216349541641,-0.004415011037527616,-0.005852231163130939,-0.012996389891696714,0.013167520117044695,0.0005065856129686797,-0.006542526421741468,-0.007492507492507405,0.007549068948162985,-0.0014144271570014633,0.0,-0.016689847009735748,0.02130681818181812,-0.019959404600811914,0.00033840947546526223,-0.03494448073154799,0.04149659863945576
2022-09-19,13.97,13.72,20.27,7.22,29.54,0.013052936910805002,0.0246452576549665,0.028411973617453068,0.029957203994293913,0.004078857919782353,True,True,True,True,True,-0.0014482259232441175,-0.005043227665706085,-0.013503909026297056,-0.007757404795486589,-0.010347376201034653,-0.004415011037527616,-0.005852231163130939,-0.012996389891696714,-0.0020253164556961467,0.0005065856129686797,-0.006542526421741468,-0.007492507492507405,-0.007082152974504208,-0.0014144271570014633,0.0,-0.016689847009735748,0.015533310321021787,-0.019959404600811914,0.00033840947546526223,-0.03494448073154799
2022-09-20,14.23,14.22,20.84,7.39,30.05,0.018611309949892574,0.036443148688046545,0.028120374938332526,0.023545706371191022,0.01726472579553162,False,False,False,False,True,0.013052936910805002,-0.0014482259232441175,-0.005043227665706085,-0.013503909026297056,0.0246452576549665,-0.010347376201034653,-0.004415011037527616,-0.005852231163130939,0.028411973617453068,-0.0020253164556961467,0.0005065856129686797,-0.006542526421741468,0.029957203994293913,-0.007082152974504208,-0.0014144271570014633,0.0,0.004078857919782353,0.015533310321021787,-0.019959404600811914,0.00033840947546526223
2022-09-21,14.04,14.13,20.76,7.36,30.1,-0.013352073085031724,-0.006329113924050667,-0.0038387715930900956,-0.004059539918809141,0.0016638935108153063,True,True,True,True,False,0.018611309949892574,0.013052936910805002,-0.0014482259232441175,-0.005043227665706085,0.036443148688046545,0.0246452576549665,-0.010347376201034653,-0.004415011037527616,0.028120374938332526,0.028411973617453068,-0.0020253164556961467,0.0005065856129686797,0.023545706371191022,0.029957203994293913,-0.007082152974504208,-0.0014144271570014633,0.01726472579553162,0.004078857919782353,0.015533310321021787,-0.019959404600811914
2022-09-22,14.15,14.41,21.08,7.57,29.94,0.007834757834757955,0.01981599433828718,0.015414258188824581,0.028532608695652106,-0.0053156146179401675,False,False,False,False,False,-0.013352073085031724,0.018611309949892574,0.013052936910805002,-0.0014482259232441175,-0.006329113924050667,0.036443148688046545,0.0246452576549665,-0.010347376201034653,-0.0038387715930900956,0.028120374938332526,0.028411973617453068,-0.0020253164556961467,-0.004059539918809141,0.023545706371191022,0.029957203994293913,-0.007082152974504208,0.0016638935108153063,0.01726472579553162,0.004078857919782353,0.015533310321021787
2022-09-23,13.88,14.11,20.78,7.38,29.51,-0.01908127208480559,-0.020818875780707846,-0.01423149905123322,-0.025099075297225992,-0.014362057448229826,False,False,False,False,False,0.007834757834757955,-0.013352073085031724,0.018611309949892574,0.013052936910805002,0.01981599433828718,-0.006329113924050667,0.036443148688046545,0.0246452576549665,0.015414258188824581,-0.0038387715930900956,0.028120374938332526,0.028411973617453068,0.028532608695652106,-0.004059539918809141,0.023545706371191022,0.029957203994293913,-0.0053156146179401675,0.0016638935108153063,0.01726472579553162,0.004078857919782353
2022-09-26,13.79,13.8,20.35,7.21,29.51,-0.00648414985590795,-0.021970233876683065,-0.020692974013474474,-0.023035230352303482,0.0,True,False,False,False,False,-0.01908127208480559,0.007834757834757955,-0.013352073085031724,0.018611309949892574,-0.020818875780707846,0.01981599433828718,-0.006329113924050667,0.036443148688046545,-0.01423149905123322,0.015414258188824581,-0.0038387715930900956,0.028120374938332526,-0.025099075297225992,0.028532608695652106,-0.004059539918809141,0.023545706371191022,-0.014362057448229826,-0.0053156146179401675,0.0016638935108153063,0.01726472579553162
2022-09-27,13.94,13.69,20.21,7.13,29.05,0.010877447425670761,-0.007971014492753725,-0.00687960687960687,-0.01109570041608876,-0.0155879362927821,True,True,True,False,True,-0.00648414985590795,-0.01908127208480559,0.007834757834757955,-0.013352073085031724,-0.021970233876683065,-0.020818875780707846,0.01981599433828718,-0.006329113924050667,-0.020692974013474474,-0.01423149905123322,0.015414258188824581,-0.0038387715930900956,-0.023035230352303482,-0.025099075297225992,0.028532608695652106,-0.004059539918809141,0.0,-0.014362057448229826,-0.0053156146179401675,0.0016638935108153063
2022-09-28,14.19,13.74,20.1,7.2,29.31,0.017934002869440357,0.0036523009495983416,-0.005442850074220629,0.009817671809256634,0.008950086058519657,False,True,True,True,False,0.010877447425670761,-0.00648414985590795,-0.01908127208480559,0.007834757834757955,-0.007971014492753725,-0.021970233876683065,-0.020818875780707846,0.01981599433828718,-0.00687960687960687,-0.020692974013474474,-0.01423149905123322,0.015414258188824581,-0.01109570041608876,-0.023035230352303482,-0.025099075297225992,0.028532608695652106,-0.0155879362927821,0.0,-0.014362057448229826,-0.0053156146179401675
2022-09-29,14.09,13.89,20.4,7.25,29.14,-0.007047216349541863,0.01091703056768556,0.01492537313432818,0.00694444444444442,-0.0058000682360968,False,True,True,True,True,0.017934002869440357,0.010877447425670761,-0.00648414985590795,-0.01908127208480559,0.0036523009495983416,-0.007971014492753725,-0.021970233876683065,-0.020818875780707846,-0.005442850074220629,-0.00687960687960687,-0.020692974013474474,-0.01423149905123322,0.009817671809256634,-0.01109570041608876,-0.023035230352303482,-0.025099075297225992,0.008950086058519657,-0.0155879362927821,0.0,-0.014362057448229826
2022-09-30,14.03,13.93,20.47,7.37,31.07,-0.004258339247693477,0.0028797696184303945,0.0034313725490195957,0.016551724137931156,0.06623198352779691,True,True,True,True,True,-0.007047216349541863,0.017934002869440357,0.010877447425670761,-0.00648414985590795,0.01091703056768556,0.0036523009495983416,-0.007971014492753725,-0.021970233876683065,0.01492537313432818,-0.005442850074220629,-0.00687960687960687,-0.020692974013474474,0.00694444444444442,0.009817671809256634,-0.01109570041608876,-0.023035230352303482,-0.0058000682360968,0.008950086058519657,-0.0155879362927821,0.0
2022-10-03,14.71,14.85,21.55,7.81,32.46,0.0484675694939416,0.06604450825556363,0.052760136785539924,0.05970149253731338,0.04473768908915354,False,False,False,True,False,-0.004258339247693477,-0.007047216349541863,0.017934002869440357,0.010877447425670761,0.0028797696184303945,0.01091703056768556,0.0036523009495983416,-0.007971014492753725,0.0034313725490195957,0.01492537313432818,-0.005442850074220629,-0.00687960687960687,0.016551724137931156,0.00694444444444442,0.009817671809256634,-0.01109570041608876,0.06623198352779691,-0.0058000682360968,0.008950086058519657,-0.0155879362927821
2022-10-04,14.66,14.78,21.68,7.74,32.14,-0.003399048266485405,-0.004713804713804781,0.00603248259860778,-0.008962868117797673,-0.009858287122612497,False,True,True,False,True,0.0484675694939416,-0.004258339247693477,-0.007047216349541863,0.017934002869440357,0.06604450825556363,0.0028797696184303945,0.01091703056768556,0.0036523009495983416,0.052760136785539924,0.0034313725490195957,0.01492537313432818,-0.005442850074220629,0.05970149253731338,0.016551724137931156,0.00694444444444442,0.009817671809256634,0.04473768908915354,0.06623198352779691,-0.0058000682360968,0.008950086058519657
2022-10-05,14.55,15.01,21.68,7.77,32.55,-0.007503410641200525,0.01556156968876854,0.0,0.003875968992248069,0.012756689483509609,False,False,False,False,True,-0.003399048266485405,0.0484675694939416,-0.004258339247693477,-0.007047216349541863,-0.004713804713804781,0.06604450825556363,0.0028797696184303945,0.01091703056768556,0.00603248259860778,0.052760136785539924,0.0034313725490195957,0.01492537313432818,-0.008962868117797673,0.05970149253731338,0.016551724137931156,0.00694444444444442,-0.009858287122612497,0.04473768908915354,0.06623198352779691,-0.0058000682360968
2022-10-06,14.47,14.83,21.42,7.75,32.61,-0.005498281786941561,-0.011992005329780175,-0.011992619926199155,-0.002574002574002532,0.0018433179723502668,False,False,False,False,False,-0.007503410641200525,-0.003399048266485405,0.0484675694939416,-0.004258339247693477,0.01556156968876854,-0.004713804713804781,0.06604450825556363,0.0028797696184303945,0.0,0.00603248259860778,0.052760136785539924,0.0034313725490195957,0.003875968992248069,-0.008962868117797673,0.05970149253731338,0.016551724137931156,0.012756689483509609,-0.009858287122612497,0.04473768908915354,0.06623198352779691
2022-10-07,13.92,14.47,21.35,7.66,32.24,-0.038009675190048386,-0.024275118004045804,-0.0032679738562091387,-0.011612903225806437,-0.011346212818153845,False,False,False,False,True,-0.005498281786941561,-0.007503410641200525,-0.003399048266485405,0.0484675694939416,-0.011992005329780175,0.01556156968876854,-0.004713804713804781,0.06604450825556363,-0.011992619926199155,0.0,0.00603248259860778,0.052760136785539924,-0.002574002574002532,0.003875968992248069,-0.008962868117797673,0.05970149253731338,0.0018433179723502668,0.012756689483509609,-0.009858287122612497,0.04473768908915354
2022-10-10,13.72,14.33,21.09,7.66,33.13,-0.014367816091953922,-0.009675190048376026,-0.012177985948477854,0.0,0.027605459057072013,False,False,False,False,False,-0.038009675190048386,-0.005498281786941561,-0.007503410641200525,-0.003399048266485405,-0.024275118004045804,-0.011992005329780175,0.01556156968876854,-0.004713804713804781,-0.0032679738562091387,-0.011992619926199155,0.0,0.00603248259860778,-0.011612903225806437,-0.002574002574002532,0.003875968992248069,-0.008962868117797673,-0.011346212818153845,0.0018433179723502668,0.012756689483509609,-0.009858287122612497
2022-10-11,13.53,14.19,21.04,7.6,32.77,-0.01384839650145786,-0.00976971388695047,-0.0023707918444760834,-0.007832898172323799,-0.010866284334440035,True,False,False,False,False,-0.014367816091953922,-0.038009675190048386,-0.005498281786941561,-0.007503410641200525,-0.009675190048376026,-0.024275118004045804,-0.011992005329780175,0.01556156968876854,-0.012177985948477854,-0.0032679738562091387,-0.011992619926199155,0.0,0.0,-0.011612903225806437,-0.002574002574002532,0.003875968992248069,0.027605459057072013,-0.011346212818153845,0.0018433179723502668,0.012756689483509609
2022-10-13,13.55,14.01,20.89,7.57,32.36,0.0014781966001480296,-0.012684989429175508,-0.0071292775665398045,-0.003947368421052588,-0.012511443393347643,False,False,False,True,False,-0.01384839650145786,-0.014367816091953922,-0.038009675190048386,-0.005498281786941561,-0.00976971388695047,-0.009675190048376026,-0.024275118004045804,-0.011992005329780175,-0.0023707918444760834,-0.012177985948477854,-0.0032679738562091387,-0.011992619926199155,-0.007832898172323799,0.0,-0.011612903225806437,-0.002574002574002532,-0.010866284334440035,0.027605459057072013,-0.011346212818153845,0.0018433179723502668
2022-10-14,13.39,13.95,20.91,7.51,31.77,-0.011808118081180874,-0.004282655246252709,0.0009573958831976537,-0.00792602377807139,-0.018232385661310246,True,True,True,True,True,0.0014781966001480296,-0.01384839650145786,-0.014367816091953922,-0.038009675190048386,-0.012684989429175508,-0.00976971388695047,-0.009675190048376026,-0.024275118004045804,-0.0071292775665398045,-0.0023707918444760834,-0.012177985948477854,-0.0032679738562091387,-0.003947368421052588,-0.007832898172323799,0.0,-0.011612903225806437,-0.012511443393347643,-0.010866284334440035,0.027605459057072013,-0.011346212818153845
2022-10-17,13.47,14.05,21.03,7.66,32.49,0.005974607916355401,0.007168458781362075,0.0057388809182210565,0.01997336884154466,0.022662889518413776,False,True,True,True,True,-0.011808118081180874,0.0014781966001480296,-0.01384839650145786,-0.014367816091953922,-0.004282655246252709,-0.012684989429175508,-0.00976971388695047,-0.009675190048376026,0.0009573958831976537,-0.0071292775665398045,-0.0023707918444760834,-0.012177985948477854,-0.00792602377807139,-0.003947368421052588,-0.007832898172323799,0.0,-0.018232385661310246,-0.012511443393347643,-0.010866284334440035,0.027605459057072013
2022-10-18,13.45,14.18,21.46,7.78,33.41,-0.0014847809948033142,0.0092526690391459,0.020446980504041923,0.015665796344647598,0.028316405047706716,False,True,True,True,True,0.005974607916355401,-0.011808118081180874,0.0014781966001480296,-0.01384839650145786,0.007168458781362075,-0.004282655246252709,-0.012684989429175508,-0.00976971388695047,0.0057388809182210565,0.0009573958831976537,-0.0071292775665398045,-0.0023707918444760834,0.01997336884154466,-0.00792602377807139,-0.003947368421052588,-0.007832898172323799,0.022662889518413776,-0.018232385661310246,-0.012511443393347643,-0.010866284334440035
2022-10-19,13.44,14.28,21.52,7.85,33.5,-0.0007434944237918462,0.007052186177715081,0.002795899347623365,0.008997429305912519,0.002693804250224696,True,True,False,True,True,-0.0014847809948033142,0.005974607916355401,-0.011808118081180874,0.0014781966001480296,0.0092526690391459,0.007168458781362075,-0.004282655246252709,-0.012684989429175508,0.020446980504041923,0.0057388809182210565,0.0009573958831976537,-0.0071292775665398045,0.015665796344647598,0.01997336884154466,-0.00792602377807139,-0.003947368421052588,0.028316405047706716,0.022662889518413776,-0.018232385661310246,-0.012511443393347643
2022-10-20,13.58,14.47,21.87,7.83,33.51,0.01041666666666674,0.013305322128851715,0.016263940520446107,-0.002547770700636942,0.0002985074626864481,True,True,True,True,True,-0.0007434944237918462,-0.0014847809948033142,0.005974607916355401,-0.011808118081180874,0.007052186177715081,0.0092526690391459,0.007168458781362075,-0.004282655246252709,0.002795899347623365,0.020446980504041923,0.0057388809182210565,0.0009573958831976537,0.008997429305912519,0.015665796344647598,0.01997336884154466,-0.00792602377807139,0.002693804250224696,0.028316405047706716,0.022662889518413776,-0.018232385661310246
2022-10-21,13.82,14.85,22.5,8.16,34.03,0.01767304860088359,0.0262612301313061,0.028806584362139898,0.04214559386973171,0.015517755893763141,False,False,False,False,False,0.01041666666666674,-0.0007434944237918462,-0.0014847809948033142,0.005974607916355401,0.013305322128851715,0.007052186177715081,0.0092526690391459,0.007168458781362075,0.016263940520446107,0.002795899347623365,0.020446980504041923,0.0057388809182210565,-0.002547770700636942,0.008997429305912519,0.015665796344647598,0.01997336884154466,0.0002985074626864481,0.002693804250224696,0.028316405047706716,0.022662889518413776
2022-10-24,13.7,14.16,21.77,7.88,33.76,-0.00868306801736618,-0.04646464646464643,-0.0324444444444445,-0.03431372549019607,-0.007934175727299486,False,False,False,False,True,0.01767304860088359,0.01041666666666674,-0.0007434944237918462,-0.0014847809948033142,0.0262612301313061,0.013305322128851715,0.007052186177715081,0.0092526690391459,0.028806584362139898,0.016263940520446107,0.002795899347623365,0.020446980504041923,0.04214559386973171,-0.002547770700636942,0.008997429305912519,0.015665796344647598,0.015517755893763141,0.0002985074626864481,0.002693804250224696,0.028316405047706716
2022-10-25,13.46,14.06,21.68,7.84,33.89,-0.017518248175182327,-0.007062146892655385,-0.004134129536058739,-0.005076142131979711,0.0038507109004739526,True,False,False,False,True,-0.00868306801736618,0.01767304860088359,0.01041666666666674,-0.0007434944237918462,-0.04646464646464643,0.0262612301313061,0.013305322128851715,0.007052186177715081,-0.0324444444444445,0.028806584362139898,0.016263940520446107,0.002795899347623365,-0.03431372549019607,0.04214559386973171,-0.002547770700636942,0.008997429305912519,-0.007934175727299486,0.015517755893763141,0.0002985074626864481,0.002693804250224696
2022-10-26,13.63,13.51,21.28,7.72,36.72,0.012630014858840966,-0.03911806543385499,-0.01845018450184499,-0.015306122448979553,0.08350545883741511,True,True,True,True,True,-0.017518248175182327,-0.00868306801736618,0.01767304860088359,0.01041666666666674,-0.007062146892655385,-0.04646464646464643,0.0262612301313061,0.013305322128851715,-0.004134129536058739,-0.0324444444444445,0.028806584362139898,0.016263940520446107,-0.005076142131979711,-0.03431372549019607,0.04214559386973171,-0.002547770700636942,0.0038507109004739526,-0.007934175727299486,0.015517755893763141,0.0002985074626864481
2022-10-27,14.05,13.77,21.52,7.83,37.54,0.030814380044020595,0.01924500370096216,0.011278195488721776,0.014248704663212486,0.022331154684095855,True,True,True,True,False,0.012630014858840966,-0.017518248175182327,-0.00868306801736618,0.01767304860088359,-0.03911806543385499,-0.007062146892655385,-0.04646464646464643,0.0262612301313061,-0.01845018450184499,-0.004134129536058739,-0.0324444444444445,0.028806584362139898,-0.015306122448979553,-0.005076142131979711,-0.03431372549019607,0.04214559386973171,0.08350545883741511,0.0038507109004739526,-0.007934175727299486,0.015517755893763141
2022-10-28,14.24,13.88,21.6,7.86,37.19,0.013523131672597888,0.007988380537400142,0.003717472118959231,0.003831417624521105,-0.009323388385721887,True,True,True,True,True,0.030814380044020595,0.012630014858840966,-0.017518248175182327,-0.00868306801736618,0.01924500370096216,-0.03911806543385499,-0.007062146892655385,-0.04646464646464643,0.011278195488721776,-0.01845018450184499,-0.004134129536058739,-0.0324444444444445,0.014248704663212486,-0.015306122448979553,-0.005076142131979711,-0.03431372549019607,0.022331154684095855,0.08350545883741511,0.0038507109004739526,-0.007934175727299486
2022-10-31,14.44,14.23,22.14,8.08,38.94,0.014044943820224587,0.025216138328530313,0.02499999999999991,0.027989821882951516,0.047055660123689114,False,True,True,False,False,0.013523131672597888,0.030814380044020595,0.012630014858840966,-0.017518248175182327,0.007988380537400142,0.01924500370096216,-0.03911806543385499,-0.007062146892655385,0.003717472118959231,0.011278195488721776,-0.01845018450184499,-0.004134129536058739,0.003831417624521105,0.014248704663212486,-0.015306122448979553,-0.005076142131979711,-0.009323388385721887,0.022331154684095855,0.08350545883741511,0.0038507109004739526
2022-11-01,14.25,14.29,22.02,8.09,38.1,-0.013157894736842035,0.0042164441321150825,-0.005420054200542035,0.0012376237623761277,-0.02157164869029271,True,False,True,True,True,0.014044943820224587,0.013523131672597888,0.030814380044020595,0.012630014858840966,0.025216138328530313,0.007988380537400142,0.01924500370096216,-0.03911806543385499,0.02499999999999991,0.003717472118959231,0.011278195488721776,-0.01845018450184499,0.027989821882951516,0.003831417624521105,0.014248704663212486,-0.015306122448979553,0.047055660123689114,-0.009323388385721887,0.022331154684095855,0.08350545883741511
2022-11-03,14.46,14.0,22.1,8.13,38.86,0.01473684210526316,-0.020293911826452016,0.0036330608537693543,0.004944375772558907,0.01994750656167965,True,False,False,True,True,-0.013157894736842035,0.014044943820224587,0.013523131672597888,0.030814380044020595,0.0042164441321150825,0.025216138328530313,0.007988380537400142,0.01924500370096216,-0.005420054200542035,0.02499999999999991,0.003717472118959231,0.011278195488721776,0.0012376237623761277,0.027989821882951516,0.003831417624521105,0.014248704663212486,-0.02157164869029271,0.047055660123689114,-0.009323388385721887,0.022331154684095855
2022-11-04,14.85,13.97,22.16,8.1,39.44,0.026970954356846377,-0.002142857142857113,0.002714932126696823,-0.0036900369003691758,0.014925373134328401,False,False,False,False,True,0.01473684210526316,-0.013157894736842035,0.014044943820224587,0.013523131672597888,-0.020293911826452016,0.0042164441321150825,0.025216138328530313,0.007988380537400142,0.0036330608537693543,-0.005420054200542035,0.02499999999999991,0.003717472118959231,0.004944375772558907,0.0012376237623761277,0.027989821882951516,0.003831417624521105,0.01994750656167965,-0.02157164869029271,0.047055660123689114,-0.009323388385721887
2022-11-07,14.77,13.6,21.74,8.07,39.54,-0.005387205387205385,-0.026485325697924167,-0.01895306859205781,-0.0037037037037036535,0.002535496957403627,True,False,False,False,False,0.026970954356846377,0.01473684210526316,-0.013157894736842035,0.014044943820224587,-0.002142857142857113,-0.020293911826452016,0.0042164441321150825,0.025216138328530313,0.002714932126696823,0.0036330608537693543,-0.005420054200542035,0.02499999999999991,-0.0036900369003691758,0.004944375772558907,0.0012376237623761277,0.027989821882951516,0.014925373134328401,0.01994750656167965,-0.02157164869029271,0.047055660123689114
2022-11-08,15.11,13.52,21.72,8.0,39.44,0.023019634394041866,-0.00588235294117645,-0.0009199632014719183,-0.00867410161090465,-0.0025290844714214167,False,False,False,False,False,-0.005387205387205385,0.026970954356846377,0.01473684210526316,-0.013157894736842035,-0.026485325697924167,-0.002142857142857113,-0.020293911826452016,0.0042164441321150825,-0.01895306859205781,0.002714932126696823,0.0036330608537693543,-0.005420054200542035,-0.0037037037037036535,-0.0036900369003691758,0.004944375772558907,0.0012376237623761277,0.002535496957403627,0.014925373134328401,0.01994750656167965,-0.02157164869029271
2022-11-09,14.88,11.36,20.61,7.75,39.25,-0.015221707478490942,-0.1597633136094675,-0.05110497237569056,-0.03125,-0.004817444219066824,False,False,False,False,False,0.023019634394041866,-0.005387205387205385,0.026970954356846377,0.01473684210526316,-0.00588235294117645,-0.026485325697924167,-0.002142857142857113,-0.020293911826452016,-0.0009199632014719183,-0.01895306859205781,0.002714932126696823,0.0036330608537693543,-0.00867410161090465,-0.0037037037037036535,-0.0036900369003691758,0.004944375772558907,-0.0025290844714214167,0.002535496957403627,0.014925373134328401,0.01994750656167965
2022-11-10,14.44,11.0,20.37,7.54,37.93,-0.029569892473118364,-0.03169014084507038,-0.011644832605531175,-0.02709677419354839,-0.03363057324840768,True,True,True,False,True,-0.015221707478490942,0.023019634394041866,-0.005387205387205385,0.026970954356846377,-0.1597633136094675,-0.00588235294117645,-0.026485325697924167,-0.002142857142857113,-0.05110497237569056,-0.0009199632014719183,-0.01895306859205781,0.002714932126696823,-0.03125,-0.00867410161090465,-0.0037037037037036535,-0.0036900369003691758,-0.004817444219066824,-0.0025290844714214167,0.002535496957403627,0.014925373134328401
2022-11-11,14.53,11.13,19.96,7.67,38.66,0.006232686980609303,0.01181818181818195,-0.020127638684339755,0.01724137931034475,0.01924597943580264,False,True,False,False,True,-0.029569892473118364,-0.015221707478490942,0.023019634394041866,-0.005387205387205385,-0.03169014084507038,-0.1597633136094675,-0.00588235294117645,-0.026485325697924167,-0.011644832605531175,-0.05110497237569056,-0.0009199632014719183,-0.01895306859205781,-0.02709677419354839,-0.03125,-0.00867410161090465,-0.0037037037037036535,-0.03363057324840768,-0.004817444219066824,-0.0025290844714214167,0.002535496957403627
2022-11-14,14.4,11.21,19.96,7.51,39.31,-0.008947006194081175,0.007187780772686336,0.0,-0.020860495436766602,0.01681324366270065,False,False,False,False,False,0.006232686980609303,-0.029569892473118364,-0.015221707478490942,0.023019634394041866,0.01181818181818195,-0.03169014084507038,-0.1597633136094675,-0.00588235294117645,-0.020127638684339755,-0.011644832605531175,-0.05110497237569056,-0.0009199632014719183,0.01724137931034475,-0.02709677419354839,-0.03125,-0.00867410161090465,0.01924597943580264,-0.03363057324840768,-0.004817444219066824,-0.0025290844714214167
2022-11-16,13.94,11.14,19.7,7.46,37.42,-0.03194444444444455,-0.006244424620874267,-0.013026052104208485,-0.0066577896138482195,-0.04807936911727295,False,True,False,True,True,-0.008947006194081175,0.006232686980609303,-0.029569892473118364,-0.015221707478490942,0.007187780772686336,0.01181818181818195,-0.03169014084507038,-0.1597633136094675,0.0,-0.020127638684339755,-0.011644832605531175,-0.05110497237569056,-0.020860495436766602,0.01724137931034475,-0.02709677419354839,-0.03125,0.01681324366270065,0.01924597943580264,-0.03363057324840768,-0.004817444219066824
2022-11-17,13.9,11.3,19.72,7.44,38.24,-0.0028694404591104172,0.014362657091562037,0.0010152284263960087,-0.002680965147452974,0.02191341528594326,True,True,False,True,False,-0.03194444444444455,-0.008947006194081175,0.006232686980609303,-0.029569892473118364,-0.006244424620874267,0.007187780772686336,0.01181818181818195,-0.03169014084507038,-0.013026052104208485,0.0,-0.020127638684339755,-0.011644832605531175,-0.0066577896138482195,-0.020860495436766602,0.01724137931034475,-0.02709677419354839,-0.04807936911727295,0.01681324366270065,0.01924597943580264,-0.03363057324840768
2022-11-18,14.1,11.35,19.89,7.44,37.97,0.014388489208633004,0.004424778761061843,0.008620689655172598,0.0,-0.007060669456066981,True,False,True,False,True,-0.0028694404591104172,-0.03194444444444455,-0.008947006194081175,0.006232686980609303,0.014362657091562037,-0.006244424620874267,0.007187780772686336,0.01181818181818195,0.0010152284263960087,-0.013026052104208485,0.0,-0.020127638684339755,-0.002680965147452974,-0.0066577896138482195,-0.020860495436766602,0.01724137931034475,0.02191341528594326,-0.04807936911727295,0.01681324366270065,0.01924597943580264
2022-11-21,14.15,11.26,19.78,7.51,38.18,0.0035460992907800915,-0.007929515418502175,-0.005530417295123158,0.009408602150537515,0.005530682117461216,False,True,True,False,False,0.014388489208633004,-0.0028694404591104172,-0.03194444444444455,-0.008947006194081175,0.004424778761061843,0.014362657091562037,-0.006244424620874267,0.007187780772686336,0.008620689655172598,0.0010152284263960087,-0.013026052104208485,0.0,0.0,-0.002680965147452974,-0.0066577896138482195,-0.020860495436766602,-0.007060669456066981,0.02191341528594326,-0.04807936911727295,0.01681324366270065
2022-11-22,14.14,11.27,19.63,7.52,37.61,-0.0007067137809186885,0.000888099467140302,-0.007583417593528874,0.0013315579227695107,-0.014929282346778372,True,False,False,False,True,0.0035460992907800915,0.014388489208633004,-0.0028694404591104172,-0.03194444444444455,-0.007929515418502175,0.004424778761061843,0.014362657091562037,-0.006244424620874267,-0.005530417295123158,0.008620689655172598,0.0010152284263960087,-0.013026052104208485,0.009408602150537515,0.0,-0.002680965147452974,-0.0066577896138482195,0.005530682117461216,-0.007060669456066981,0.02191341528594326,-0.04807936911727295
2022-11-23,14.19,11.23,19.44,7.41,37.65,0.0035360678925033806,-0.003549245785270605,-0.009679062659195048,-0.014627659574467988,0.001063546929008119,True,True,True,True,True,-0.0007067137809186885,0.0035460992907800915,0.014388489208633004,-0.0028694404591104172,0.000888099467140302,-0.007929515418502175,0.004424778761061843,0.014362657091562037,-0.007583417593528874,-0.005530417295123158,0.008620689655172598,0.0010152284263960087,0.0013315579227695107,0.009408602150537515,0.0,-0.002680965147452974,-0.014929282346778372,0.005530682117461216,-0.007060669456066981,0.02191341528594326
2022-11-24,14.48,11.43,19.9,7.59,38.44,0.020436927413671757,0.01780943900267129,0.023662551440329027,0.02429149797570851,0.020982735723771517,False,False,True,False,False,0.0035360678925033806,-0.0007067137809186885,0.0035460992907800915,0.014388489208633004,-0.003549245785270605,0.000888099467140302,-0.007929515418502175,0.004424778761061843,-0.009679062659195048,-0.007583417593528874,-0.005530417295123158,0.008620689655172598,-0.014627659574467988,0.0013315579227695107,0.009408602150537515,0.0,0.001063546929008119,-0.014929282346778372,0.005530682117461216,-0.007060669456066981
2022-11-25,14.24,11.28,19.49,7.63,37.8,-0.016574585635359185,-0.013123359580052507,-0.020603015075376874,0.005270092226614009,-0.01664932362122795,True,False,False,False,False,0.020436927413671757,0.0035360678925033806,-0.0007067137809186885,0.0035460992907800915,0.01780943900267129,-0.003549245785270605,0.000888099467140302,-0.007929515418502175,0.023662551440329027,-0.009679062659195048,-0.007583417593528874,-0.005530417295123158,0.02429149797570851,-0.014627659574467988,0.0013315579227695107,0.009408602150537515,0.020982735723771517,0.001063546929008119,-0.014929282346778372,0.005530682117461216
2022-11-28,14.36,11.24,19.26,7.51,36.25,0.008426966292134797,-0.0035460992907800915,-0.011800923550538633,-0.01572739187418093,-0.041005291005290934,False,True,False,True,True,-0.016574585635359185,0.020436927413671757,0.0035360678925033806,-0.0007067137809186885,-0.013123359580052507,0.01780943900267129,-0.003549245785270605,0.000888099467140302,-0.020603015075376874,0.023662551440329027,-0.009679062659195048,-0.007583417593528874,0.005270092226614009,0.02429149797570851,-0.014627659574467988,0.0013315579227695107,-0.01664932362122795,0.020982735723771517,0.001063546929008119,-0.014929282346778372
2022-11-29,14.23,11.42,19.35,7.5,36.46,-0.009052924791086325,0.016014234875444844,0.004672897196261738,-0.0013315579227696217,0.0057931034482758825,True,True,True,True,True,0.008426966292134797,-0.016574585635359185,0.020436927413671757,0.0035360678925033806,-0.0035460992907800915,-0.013123359580052507,0.01780943900267129,-0.003549245785270605,-0.011800923550538633,-0.020603015075376874,0.023662551440329027,-0.009679062659195048,-0.01572739187418093,0.005270092226614009,0.02429149797570851,-0.014627659574467988,-0.041005291005290934,-0.01664932362122795,0.020982735723771517,0.001063546929008119
2022-11-30,14.37,11.78,19.63,7.75,37.7,0.00983836964160223,0.031523642732048884,0.014470284237726005,0.03333333333333344,0.034009873834339066,True,False,False,False,False,-0.009052924791086325,0.008426966292134797,-0.016574585635359185,0.020436927413671757,0.016014234875444844,-0.0035460992907800915,-0.013123359580052507,0.01780943900267129,0.004672897196261738,-0.011800923550538633,-0.020603015075376874,0.023662551440329027,-0.0013315579227696217,-0.01572739187418093,0.005270092226614009,0.02429149797570851,0.0057931034482758825,-0.041005291005290934,-0.01664932362122795,0.020982735723771517
2022-12-01,14.52,11.49,19.62,7.5,37.04,0.010438413361169019,-0.024617996604414216,-0.0005094243504838447,-0.032258064516129004,-0.017506631299734843,True,False,True,True,True,0.00983836964160223,-0.009052924791086325,0.008426966292134797,-0.016574585635359185,0.031523642732048884,0.016014234875444844,-0.0035460992907800915,-0.013123359580052507,0.014470284237726005,0.004672897196261738,-0.011800923550538633,-0.020603015075376874,0.03333333333333344,-0.0013315579227696217,-0.01572739187418093,0.005270092226614009,0.034009873834339066,0.0057931034482758825,-0.041005291005290934,-0.01664932362122795
2022-12-02,14.74,11.46,19.69,7.54,37.38,0.015151515151515138,-0.0026109660574411553,0.0035677879714577365,0.005333333333333412,0.009179265658747493,False,False,False,False,False,0.010438413361169019,0.00983836964160223,-0.009052924791086325,0.008426966292134797,-0.024617996604414216,0.031523642732048884,0.016014234875444844,-0.0035460992907800915,-0.0005094243504838447,0.014470284237726005,0.004672897196261738,-0.011800923550538633,-0.032258064516129004,0.03333333333333344,-0.0013315579227696217,-0.01572739187418093,-0.017506631299734843,0.034009873834339066,0.0057931034482758825,-0.041005291005290934
2022-12-05,14.46,11.16,19.33,7.43,36.35,-0.01899592944369055,-0.02617801047120427,-0.018283392585068725,-0.01458885941644572,-0.02755484216158377,True,True,False,True,True,0.015151515151515138,0.010438413361169019,0.00983836964160223,-0.009052924791086325,-0.0026109660574411553,-0.024617996604414216,0.031523642732048884,0.016014234875444844,0.0035677879714577365,-0.0005094243504838447,0.014470284237726005,0.004672897196261738,0.005333333333333412,-0.032258064516129004,0.03333333333333344,-0.0013315579227696217,0.009179265658747493,-0.017506631299734843,0.034009873834339066,0.0057931034482758825
2022-12-06,14.49,11.32,19.5,7.41,36.46,0.0020746887966804906,0.014336917562723928,0.00879461976202811,-0.0026917900403767847,0.003026134800550251,False,False,True,True,False,-0.01899592944369055,0.015151515151515138,0.010438413361169019,0.00983836964160223,-0.02617801047120427,-0.0026109660574411553,-0.024617996604414216,0.031523642732048884,-0.018283392585068725,0.0035677879714577365,-0.0005094243504838447,0.014470284237726005,-0.01458885941644572,0.005333333333333412,-0.032258064516129004,0.03333333333333344,-0.02755484216158377,0.009179265658747493,-0.017506631299734843,0.034009873834339066
2022-12-07,14.44,11.26,19.53,7.46,36.02,-0.0034506556245686992,-0.005300353356890497,0.0015384615384614886,0.006747638326585648,-0.012068019747668579,False,False,False,False,False,0.0020746887966804906,-0.01899592944369055,0.015151515151515138,0.010438413361169019,0.014336917562723928,-0.02617801047120427,-0.0026109660574411553,-0.024617996604414216,0.00879461976202811,-0.018283392585068725,0.0035677879714577365,-0.0005094243504838447,-0.0026917900403767847,-0.01458885941644572,0.005333333333333412,-0.032258064516129004,0.003026134800550251,-0.02755484216158377,0.009179265658747493,-0.017506631299734843
2022-12-08,14.17,11.06,18.89,7.41,35.96,-0.018698060941828243,-0.017761989342806372,-0.032770097286226374,-0.006702412868632712,-0.0016657412548585215,False,False,False,False,False,-0.0034506556245686992,0.0020746887966804906,-0.01899592944369055,0.015151515151515138,-0.005300353356890497,0.014336917562723928,-0.02617801047120427,-0.0026109660574411553,0.0015384615384614886,0.00879461976202811,-0.018283392585068725,0.0035677879714577365,0.006747638326585648,-0.0026917900403767847,-0.01458885941644572,0.005333333333333412,-0.012068019747668579,0.003026134800550251,-0.02755484216158377,0.009179265658747493
2022-12-09,14.0,10.98,18.75,7.34,35.87,-0.011997177134791759,-0.007233273056057921,-0.007411328745367984,-0.009446693657220062,-0.0025027808676307828,False,False,False,False,False,-0.018698060941828243,-0.0034506556245686992,0.0020746887966804906,-0.01899592944369055,-0.017761989342806372,-0.005300353356890497,0.014336917562723928,-0.02617801047120427,-0.032770097286226374,0.0015384615384614886,0.00879461976202811,-0.018283392585068725,-0.006702412868632712,0.006747638326585648,-0.0026917900403767847,-0.01458885941644572,-0.0016657412548585215,-0.012068019747668579,0.003026134800550251,-0.02755484216158377
2022-12-12,13.76,10.77,18.49,7.3,34.87,-0.017142857142857126,-0.019125683060109422,-0.013866666666666805,-0.00544959128065392,-0.02787844995818234,True,False,False,False,False,-0.011997177134791759,-0.018698060941828243,-0.0034506556245686992,0.0020746887966804906,-0.007233273056057921,-0.017761989342806372,-0.005300353356890497,0.014336917562723928,-0.007411328745367984,-0.032770097286226374,0.0015384615384614886,0.00879461976202811,-0.009446693657220062,-0.006702412868632712,0.006747638326585648,-0.0026917900403767847,-0.0025027808676307828,-0.0016657412548585215,-0.012068019747668579,0.003026134800550251
2022-12-13,13.79,10.46,17.92,7.18,34.6,0.0021802325581394832,-0.02878365831012064,-0.030827474310437863,-0.016438356164383605,-0.007743045597935039,False,True,True,True,True,-0.017142857142857126,-0.011997177134791759,-0.018698060941828243,-0.0034506556245686992,-0.019125683060109422,-0.007233273056057921,-0.017761989342806372,-0.005300353356890497,-0.013866666666666805,-0.007411328745367984,-0.032770097286226374,0.0015384615384614886,-0.00544959128065392,-0.009446693657220062,-0.006702412868632712,0.006747638326585648,-0.02787844995818234,-0.0025027808676307828,-0.0016657412548585215,-0.012068019747668579
2022-12-14,13.66,10.7,18.11,7.44,35.83,-0.00942712110224797,0.022944550669215857,0.010602678571428381,0.03621169916434552,0.03554913294797668,False,False,False,True,True,0.0021802325581394832,-0.017142857142857126,-0.011997177134791759,-0.018698060941828243,-0.02878365831012064,-0.019125683060109422,-0.007233273056057921,-0.017761989342806372,-0.030827474310437863,-0.013866666666666805,-0.007411328745367984,-0.032770097286226374,-0.016438356164383605,-0.00544959128065392,-0.009446693657220062,-0.006702412868632712,-0.007743045597935039,-0.02787844995818234,-0.0025027808676307828,-0.0016657412548585215
2022-12-15,13.54,10.57,18.25,7.34,35.85,-0.008784773060029338,-0.012149532710280297,0.007730535615682044,-0.013440860215053863,0.0005581914596708426,False,True,False,True,True,-0.00942712110224797,0.0021802325581394832,-0.017142857142857126,-0.011997177134791759,0.022944550669215857,-0.02878365831012064,-0.019125683060109422,-0.007233273056057921,0.010602678571428381,-0.030827474310437863,-0.013866666666666805,-0.007411328745367984,0.03621169916434552,-0.016438356164383605,-0.00544959128065392,-0.009446693657220062,0.03554913294797668,-0.007743045597935039,-0.02787844995818234,-0.0025027808676307828
2022-12-16,13.41,10.63,18.32,7.3,36.21,-0.009601181683899451,0.0056764427625355385,0.003835616438356171,-0.00544959128065392,0.010041841004184038,True,True,True,True,True,-0.008784773060029338,-0.00942712110224797,0.0021802325581394832,-0.017142857142857126,-0.012149532710280297,0.022944550669215857,-0.02878365831012064,-0.019125683060109422,0.007730535615682044,0.010602678571428381,-0.030827474310437863,-0.013866666666666805,-0.013440860215053863,0.03621169916434552,-0.016438356164383605,-0.00544959128065392,0.0005581914596708426,0.03554913294797668,-0.007743045597935039,-0.02787844995818234
2022-12-19,13.75,10.84,18.6,7.45,36.91,0.025354213273676374,0.019755409219190945,0.015283842794759916,0.020547945205479534,0.019331676332504655,True,True,True,True,True,-0.009601181683899451,-0.008784773060029338,-0.00942712110224797,0.0021802325581394832,0.0056764427625355385,-0.012149532710280297,0.022944550669215857,-0.02878365831012064,0.003835616438356171,0.007730535615682044,0.010602678571428381,-0.030827474310437863,-0.00544959128065392,-0.013440860215053863,0.03621169916434552,-0.016438356164383605,0.010041841004184038,0.0005581914596708426,0.03554913294797668,-0.007743045597935039
2022-12-20,13.8,11.19,19.02,7.51,37.21,0.0036363636363636598,0.032287822878228845,0.022580645161290214,0.00805369127516764,0.008127878623679363,False,True,True,True,False,0.025354213273676374,-0.009601181683899451,-0.008784773060029338,-0.00942712110224797,0.019755409219190945,0.0056764427625355385,-0.012149532710280297,0.022944550669215857,0.015283842794759916,0.003835616438356171,0.007730535615682044,0.010602678571428381,0.020547945205479534,-0.00544959128065392,-0.013440860215053863,0.03621169916434552,0.019331676332504655,0.010041841004184038,0.0005581914596708426,0.03554913294797668
2022-12-21,13.64,11.26,19.19,7.53,37.18,-0.011594202898550732,0.006255585344057124,0.008937960042061155,0.0026631158455392434,-0.0008062348830959465,True,True,False,True,True,0.0036363636363636598,0.025354213273676374,-0.009601181683899451,-0.008784773060029338,0.032287822878228845,0.019755409219190945,0.0056764427625355385,-0.012149532710280297,0.022580645161290214,0.015283842794759916,0.003835616438356171,0.007730535615682044,0.00805369127516764,0.020547945205479534,-0.00544959128065392,-0.013440860215053863,0.008127878623679363,0.019331676332504655,0.010041841004184038,0.0005581914596708426
2022-12-22,13.7,11.3,19.24,7.52,37.7,0.004398826979472137,0.00355239786856143,0.002605523710265567,-0.0013280212483400833,0.013986013986014179,True,True,True,True,False,-0.011594202898550732,0.0036363636363636598,0.025354213273676374,-0.009601181683899451,0.006255585344057124,0.032287822878228845,0.019755409219190945,0.0056764427625355385,0.008937960042061155,0.022580645161290214,0.015283842794759916,0.003835616438356171,0.0026631158455392434,0.00805369127516764,0.020547945205479534,-0.00544959128065392,-0.0008062348830959465,0.008127878623679363,0.019331676332504655,0.010041841004184038
2022-12-23,13.89,11.45,19.5,7.57,37.27,0.013868613138686259,0.01327433628318575,0.013513513513513598,0.0066489361702128935,-0.011405835543766618,False,False,True,False,False,0.004398826979472137,-0.011594202898550732,0.0036363636363636598,0.025354213273676374,0.00355239786856143,0.006255585344057124,0.032287822878228845,0.019755409219190945,0.002605523710265567,0.008937960042061155,0.022580645161290214,0.015283842794759916,-0.0013280212483400833,0.0026631158455392434,0.00805369127516764,0.020547945205479534,0.013986013986014179,-0.0008062348830959465,0.008127878623679363,0.019331676332504655
2022-12-26,13.8,11.18,19.25,7.66,36.97,-0.006479481641468721,-0.02358078602620084,-0.012820512820512775,0.011889035667107084,-0.008049369466058609,False,True,False,False,False,0.013868613138686259,0.004398826979472137,-0.011594202898550732,0.0036363636363636598,0.01327433628318575,0.00355239786856143,0.006255585344057124,0.032287822878228845,0.013513513513513598,0.002605523710265567,0.008937960042061155,0.022580645161290214,0.0066489361702128935,-0.0013280212483400833,0.0026631158455392434,0.00805369127516764,-0.011405835543766618,0.013986013986014179,-0.0008062348830959465,0.008127878623679363
2022-12-27,13.8,11.25,19.08,7.48,36.8,0.0,0.0062611806797854275,-0.008831168831168967,-0.023498694516971286,-0.00459832296456586,True,True,True,True,True,-0.006479481641468721,0.013868613138686259,0.004398826979472137,-0.011594202898550732,-0.02358078602620084,0.01327433628318575,0.00355239786856143,0.006255585344057124,-0.012820512820512775,0.013513513513513598,0.002605523710265567,0.008937960042061155,0.011889035667107084,0.0066489361702128935,-0.0013280212483400833,0.0026631158455392434,-0.008049369466058609,-0.011405835543766618,0.013986013986014179,-0.0008062348830959465
2022-12-28,13.83,11.6,19.57,7.57,37.47,0.0021739130434781373,0.03111111111111109,0.025681341719077766,0.012032085561497263,0.01820652173913051,False,False,False,False,False,0.0,-0.006479481641468721,0.013868613138686259,0.004398826979472137,0.0062611806797854275,-0.02358078602620084,0.01327433628318575,0.00355239786856143,-0.008831168831168967,-0.012820512820512775,0.013513513513513598,0.002605523710265567,-0.023498694516971286,0.011889035667107084,0.0066489361702128935,-0.0013280212483400833,-0.00459832296456586,-0.008049369466058609,-0.011405835543766618,0.013986013986014179
2022-12-29,13.8,11.54,19.53,7.53,37.28,-0.002169197396963085,-0.005172413793103514,-0.0020439448134900173,-0.005284015852047519,-0.005070723245262809,False,False,False,False,False,0.0021739130434781373,0.0,-0.006479481641468721,0.013868613138686259,0.03111111111111109,0.0062611806797854275,-0.02358078602620084,0.01327433628318575,0.025681341719077766,-0.008831168831168967,-0.012820512820512775,0.013513513513513598,0.012032085561497263,-0.023498694516971286,0.011889035667107084,0.0066489361702128935,0.01820652173913051,-0.00459832296456586,-0.008049369466058609,-0.011405835543766618
2023-01-02,13.49,11.3,19.15,7.47,36.89,-0.022463768115942084,-0.020797227036394972,-0.019457245263696965,-0.007968127490039945,-0.010461373390557971,False,False,False,False,False,-0.002169197396963085,0.0021739130434781373,0.0,-0.006479481641468721,-0.005172413793103514,0.03111111111111109,0.0062611806797854275,-0.02358078602620084,-0.0020439448134900173,0.025681341719077766,-0.008831168831168967,-0.012820512820512775,-0.005284015852047519,0.012032085561497263,-0.023498694516971286,0.011889035667107084,-0.005070723245262809,0.01820652173913051,-0.00459832296456586,-0.008049369466058609
2023-01-03,13.47,10.77,18.79,7.38,35.97,-0.001482579688658281,-0.046902654867256754,-0.01879895561357703,-0.012048192771084265,-0.02493900786120906,True,True,False,True,True,-0.022463768115942084,-0.002169197396963085,0.0021739130434781373,0.0,-0.020797227036394972,-0.005172413793103514,0.03111111111111109,0.0062611806797854275,-0.019457245263696965,-0.0020439448134900173,0.025681341719077766,-0.008831168831168967,-0.007968127490039945,-0.005284015852047519,0.012032085561497263,-0.023498694516971286,-0.010461373390557971,-0.005070723245262809,0.01820652173913051,-0.00459832296456586
2023-01-04,13.54,10.86,18.81,7.36,36.21,0.0051967334818112665,0.008356545961002881,0.001064395955295394,-0.0027100271002709064,0.006672226855713115,True,True,True,True,True,-0.001482579688658281,-0.022463768115942084,-0.002169197396963085,0.0021739130434781373,-0.046902654867256754,-0.020797227036394972,-0.005172413793103514,0.03111111111111109,-0.01879895561357703,-0.019457245263696965,-0.0020439448134900173,0.025681341719077766,-0.012048192771084265,-0.007968127490039945,-0.005284015852047519,0.012032085561497263,-0.02493900786120906,-0.010461373390557971,-0.005070723245262809,0.01820652173913051
2023-01-05,13.58,11.22,19.36,7.52,36.29,0.002954209748892156,0.03314917127071837,0.029239766081871288,0.021739130434782483,0.002209334438000532,True,True,True,True,True,0.0051967334818112665,-0.001482579688658281,-0.022463768115942084,-0.002169197396963085,0.008356545961002881,-0.046902654867256754,-0.020797227036394972,-0.005172413793103514,0.001064395955295394,-0.01879895561357703,-0.019457245263696965,-0.0020439448134900173,-0.0027100271002709064,-0.012048192771084265,-0.007968127490039945,-0.005284015852047519,0.006672226855713115,-0.02493900786120906,-0.010461373390557971,-0.005070723245262809
2023-01-06,13.61,11.52,19.61,7.53,36.82,0.0022091310751104487,0.026737967914438387,0.012913223140495811,0.0013297872340425343,0.01460457426288242,True,True,True,True,False,0.002954209748892156,0.0051967334818112665,-0.001482579688658281,-0.022463768115942084,0.03314917127071837,0.008356545961002881,-0.046902654867256754,-0.020797227036394972,0.029239766081871288,0.001064395955295394,-0.01879895561357703,-0.019457245263696965,0.021739130434782483,-0.0027100271002709064,-0.012048192771084265,-0.007968127490039945,0.002209334438000532,0.006672226855713115,-0.02493900786120906,-0.010461373390557971
2023-01-09,13.68,11.54,19.66,7.59,36.71,0.005143277002204183,0.0017361111111111605,0.0025497195308517018,0.007968127490039834,-0.002987506789788097,True,True,True,True,False,0.0022091310751104487,0.002954209748892156,0.0051967334818112665,-0.001482579688658281,0.026737967914438387,0.03314917127071837,0.008356545961002881,-0.046902654867256754,0.012913223140495811,0.029239766081871288,0.001064395955295394,-0.01879895561357703,0.0013297872340425343,0.021739130434782483,-0.0027100271002709064,-0.012048192771084265,0.01460457426288242,0.002209334438000532,0.006672226855713115,-0.02493900786120906
2023-01-10,13.82,11.78,19.98,7.67,36.36,0.01023391812865504,0.020797227036395194,0.016276703967446515,0.010540184453228019,-0.009534186870062689,False,True,False,True,True,0.005143277002204183,0.0022091310751104487,0.002954209748892156,0.0051967334818112665,0.0017361111111111605,0.026737967914438387,0.03314917127071837,0.008356545961002881,0.0025497195308517018,0.012913223140495811,0.029239766081871288,0.001064395955295394,0.007968127490039834,0.0013297872340425343,0.021739130434782483,-0.0027100271002709064,-0.002987506789788097,0.01460457426288242,0.002209334438000532,0.006672226855713115
2023-01-11,13.58,11.91,20.48,7.67,37.37,-0.01736613603473225,0.011035653650254718,0.025025025025025016,0.0,0.02777777777777768,False,False,False,False,False,0.01023391812865504,0.005143277002204183,0.0022091310751104487,0.002954209748892156,0.020797227036395194,0.0017361111111111605,0.026737967914438387,0.03314917127071837,0.016276703967446515,0.0025497195308517018,0.012913223140495811,0.029239766081871288,0.010540184453228019,0.007968127490039834,0.0013297872340425343,0.021739130434782483,-0.009534186870062689,-0.002987506789788097,0.01460457426288242,0.002209334438000532
2023-01-12,13.4,11.67,20.44,7.65,37.28,-0.013254786450662692,-0.02015113350125941,-0.001953125,-0.0026075619295957697,-0.0024083489430023475,False,True,False,False,True,-0.01736613603473225,0.01023391812865504,0.005143277002204183,0.0022091310751104487,0.011035653650254718,0.020797227036395194,0.0017361111111111605,0.026737967914438387,0.025025025025025016,0.016276703967446515,0.0025497195308517018,0.012913223140495811,0.0,0.010540184453228019,0.007968127490039834,0.0013297872340425343,0.02777777777777768,-0.009534186870062689,-0.002987506789788097,0.01460457426288242
2023-01-13,13.19,11.71,20.21,7.63,37.73,-0.015671641791044855,0.003427592116538314,-0.011252446183953047,-0.002614379084967422,0.012070815450643702,False,False,False,False,False,-0.013254786450662692,-0.01736613603473225,0.01023391812865504,0.005143277002204183,-0.02015113350125941,0.011035653650254718,0.020797227036395194,0.0017361111111111605,-0.001953125,0.025025025025025016,0.016276703967446515,0.0025497195308517018,-0.0026075619295957697,0.0,0.010540184453228019,0.007968127490039834,-0.0024083489430023475,0.02777777777777768,-0.009534186870062689,-0.002987506789788097
2023-01-16,12.54,11.45,19.81,7.49,36.49,-0.04927975739196366,-0.02220324508966709,-0.019792182088075316,-0.01834862385321101,-0.03286509408958371,True,True,True,True,True,-0.015671641791044855,-0.013254786450662692,-0.01736613603473225,0.01023391812865504,0.003427592116538314,-0.02015113350125941,0.011035653650254718,0.020797227036395194,-0.011252446183953047,-0.001953125,0.025025025025025016,0.016276703967446515,-0.002614379084967422,-0.0026075619295957697,0.0,0.010540184453228019,0.012070815450643702,-0.0024083489430023475,0.02777777777777768,-0.009534186870062689
2023-01-17,13.17,11.53,20.22,7.6,37.09,0.05023923444976086,0.006986899563318882,0.020696617869762735,0.014686248331108098,0.016442861057824,False,True,True,True,False,-0.04927975739196366,-0.015671641791044855,-0.013254786450662692,-0.01736613603473225,-0.02220324508966709,0.003427592116538314,-0.02015113350125941,0.011035653650254718,-0.019792182088075316,-0.011252446183953047,-0.001953125,0.025025025025025016,-0.01834862385321101,-0.002614379084967422,-0.0026075619295957697,0.0,-0.03286509408958371,0.012070815450643702,-0.0024083489430023475,0.02777777777777768
2023-01-18,13.1,11.66,20.32,7.66,36.78,-0.005315110098709219,0.011274934952298477,0.004945598417408492,0.007894736842105399,-0.008358047991372408,False,True,True,False,False,0.05023923444976086,-0.04927975739196366,-0.015671641791044855,-0.013254786450662692,0.006986899563318882,-0.02220324508966709,0.003427592116538314,-0.02015113350125941,0.020696617869762735,-0.019792182088075316,-0.011252446183953047,-0.001953125,0.014686248331108098,-0.01834862385321101,-0.002614379084967422,-0.0026075619295957697,0.016442861057824,-0.03286509408958371,0.012070815450643702,-0.0024083489430023475
2023-01-19,12.96,11.71,20.22,7.7,36.7,-0.010687022900763288,0.004288164665523286,-0.004921259842519787,0.005221932114882533,-0.002175095160413254,False,False,False,False,False,-0.005315110098709219,0.05023923444976086,-0.04927975739196366,-0.015671641791044855,0.011274934952298477,0.006986899563318882,-0.02220324508966709,0.003427592116538314,0.004945598417408492,0.020696617869762735,-0.019792182088075316,-0.011252446183953047,0.007894736842105399,0.014686248331108098,-0.01834862385321101,-0.002614379084967422,-0.008358047991372408,0.016442861057824,-0.03286509408958371,0.012070815450643702
2023-01-20,12.86,11.49,19.95,7.6,36.14,-0.007716049382716195,-0.018787361229718247,-0.013353115727002929,-0.012987012987013102,-0.015258855585831177,False,False,False,False,True,-0.010687022900763288,-0.005315110098709219,0.05023923444976086,-0.04927975739196366,0.004288164665523286,0.011274934952298477,0.006986899563318882,-0.02220324508966709,-0.004921259842519787,0.004945598417408492,0.020696617869762735,-0.019792182088075316,0.005221932114882533,0.007894736842105399,0.014686248331108098,-0.01834862385321101,-0.002175095160413254,-0.008358047991372408,0.016442861057824,-0.03286509408958371
2023-01-23,12.75,11.12,19.48,7.55,36.18,-0.008553654743390315,-0.03220191470844225,-0.023558897243107668,-0.006578947368421018,0.0011068068622024363,True,True,False,False,False,-0.007716049382716195,-0.010687022900763288,-0.005315110098709219,0.05023923444976086,-0.018787361229718247,0.004288164665523286,0.011274934952298477,0.006986899563318882,-0.013353115727002929,-0.004921259842519787,0.004945598417408492,0.020696617869762735,-0.012987012987013102,0.005221932114882533,0.007894736842105399,0.014686248331108098,-0.015258855585831177,-0.002175095160413254,-0.008358047991372408,0.016442861057824
2023-01-24,12.93,11.25,19.45,7.54,36.03,0.014117647058823568,0.011690647482014427,-0.0015400410677618437,-0.0013245033112582183,-0.004145936981757803,True,True,False,True,True,-0.008553654743390315,-0.007716049382716195,-0.010687022900763288,-0.005315110098709219,-0.03220191470844225,-0.018787361229718247,0.004288164665523286,0.011274934952298477,-0.023558897243107668,-0.013353115727002929,-0.004921259842519787,0.004945598417408492,-0.006578947368421018,-0.012987012987013102,0.005221932114882533,0.007894736842105399,0.0011068068622024363,-0.015258855585831177,-0.002175095160413254,-0.008358047991372408
2023-01-25,13.03,11.27,19.57,7.48,37.49,0.007733952049497228,0.001777777777777656,0.006169665809768743,-0.007957559681697535,0.0405217873993895,True,False,False,False,False,0.014117647058823568,-0.008553654743390315,-0.007716049382716195,-0.010687022900763288,0.011690647482014427,-0.03220191470844225,-0.018787361229718247,0.004288164665523286,-0.0015400410677618437,-0.023558897243107668,-0.013353115727002929,-0.004921259842519787,-0.0013245033112582183,-0.006578947368421018,-0.012987012987013102,0.005221932114882533,-0.004145936981757803,0.0011068068622024363,-0.015258855585831177,-0.002175095160413254
2023-01-26,13.06,11.24,19.49,7.48,36.99,0.00230237912509601,-0.002661934338952898,-0.004087889626980146,0.0,-0.013336889837289978,False,False,False,False,False,0.007733952049497228,0.014117647058823568,-0.008553654743390315,-0.007716049382716195,0.001777777777777656,0.011690647482014427,-0.03220191470844225,-0.018787361229718247,0.006169665809768743,-0.0015400410677618437,-0.023558897243107668,-0.013353115727002929,-0.007957559681697535,-0.0013245033112582183,-0.006578947368421018,-0.012987012987013102,0.0405217873993895,-0.004145936981757803,0.0011068068622024363,-0.015258855585831177
2023-01-27,12.97,11.01,19.0,7.44,36.7,-0.006891271056661541,-0.020462633451957313,-0.025141097998973794,-0.005347593582887722,-0.007839956745066212,False,True,True,True,False,0.00230237912509601,0.007733952049497228,0.014117647058823568,-0.008553654743390315,-0.002661934338952898,0.001777777777777656,0.011690647482014427,-0.03220191470844225,-0.004087889626980146,0.006169665809768743,-0.0015400410677618437,-0.023558897243107668,0.0,-0.007957559681697535,-0.0013245033112582183,-0.006578947368421018,-0.013336889837289978,0.0405217873993895,-0.004145936981757803,0.0011068068622024363
2023-01-30,12.86,11.03,19.02,7.47,36.16,-0.008481110254433433,0.0018165304268846771,0.001052631578947416,0.004032258064516014,-0.014713896457765885,True,True,False,True,True,-0.006891271056661541,0.00230237912509601,0.007733952049497228,0.014117647058823568,-0.020462633451957313,-0.002661934338952898,0.001777777777777656,0.011690647482014427,-0.025141097998973794,-0.004087889626980146,0.006169665809768743,-0.0015400410677618437,-0.005347593582887722,0.0,-0.007957559681697535,-0.0013245033112582183,-0.007839956745066212,-0.013336889837289978,0.0405217873993895,-0.004145936981757803
2023-01-31,12.98,11.28,19.24,7.43,37.02,0.009331259720062324,0.022665457842248493,0.011566771819137678,-0.0053547523427041055,0.023783185840708043,False,False,False,False,True,-0.008481110254433433,-0.006891271056661541,0.00230237912509601,0.007733952049497228,0.0018165304268846771,-0.020462633451957313,-0.002661934338952898,0.001777777777777656,0.001052631578947416,-0.025141097998973794,-0.004087889626980146,0.006169665809768743,0.004032258064516014,-0.005347593582887722,0.0,-0.007957559681697535,-0.014713896457765885,-0.007839956745066212,-0.013336889837289978,0.0405217873993895
2023-02-01,12.53,11.13,19.09,7.27,37.17,-0.034668721109399114,-0.013297872340425454,-0.0077962577962576995,-0.021534320323014833,0.004051863857374327,False,True,True,True,False,0.009331259720062324,-0.008481110254433433,-0.006891271056661541,0.00230237912509601,0.022665457842248493,0.0018165304268846771,-0.020462633451957313,-0.002661934338952898,0.011566771819137678,0.001052631578947416,-0.025141097998973794,-0.004087889626980146,-0.0053547523427041055,0.004032258064516014,-0.005347593582887722,0.0,0.023783185840708043,-0.014713896457765885,-0.007839956745066212,-0.013336889837289978
2023-02-02,12.46,11.2,19.13,7.28,36.83,-0.005586592178770777,0.0062893081761004055,0.002095337873232017,0.0013755158184320937,-0.009147161689534666,False,False,False,False,False,-0.034668721109399114,0.009331259720062324,-0.008481110254433433,-0.006891271056661541,-0.013297872340425454,0.022665457842248493,0.0018165304268846771,-0.020462633451957313,-0.0077962577962576995,0.011566771819137678,0.001052631578947416,-0.025141097998973794,-0.021534320323014833,-0.0053547523427041055,0.004032258064516014,-0.005347593582887722,0.004051863857374327,0.023783185840708043,-0.014713896457765885,-0.007839956745066212
2023-02-03,12.34,10.96,19.09,7.27,36.7,-0.009630818619582704,-0.02142857142857124,-0.002090956612650241,-0.0013736263736264798,-0.0035297311973933043,True,True,False,True,False,-0.005586592178770777,-0.034668721109399114,0.009331259720062324,-0.008481110254433433,0.0062893081761004055,-0.013297872340425454,0.022665457842248493,0.0018165304268846771,0.002095337873232017,-0.0077962577962576995,0.011566771819137678,0.001052631578947416,0.0013755158184320937,-0.021534320323014833,-0.0053547523427041055,0.004032258064516014,-0.009147161689534666,0.004051863857374327,0.023783185840708043,-0.014713896457765885
2023-02-06,12.37,10.98,19.25,7.24,36.37,0.002431118314424552,0.0018248175182480342,0.00838135149292829,-0.004126547455295615,-0.008991825613079207,False,False,False,False,True,-0.009630818619582704,-0.005586592178770777,-0.034668721109399114,0.009331259720062324,-0.02142857142857124,0.0062893081761004055,-0.013297872340425454,0.022665457842248493,-0.002090956612650241,0.002095337873232017,-0.0077962577962576995,0.011566771819137678,-0.0013736263736264798,0.0013755158184320937,-0.021534320323014833,-0.0053547523427041055,-0.0035297311973933043,-0.009147161689534666,0.004051863857374327,0.023783185840708043
2023-02-07,12.32,10.91,18.97,7.11,36.47,-0.004042037186742009,-0.006375227686703178,-0.014545454545454639,-0.017955801104972413,0.0027495188342041565,True,True,True,True,False,0.002431118314424552,-0.009630818619582704,-0.005586592178770777,-0.034668721109399114,0.0018248175182480342,-0.02142857142857124,0.0062893081761004055,-0.013297872340425454,0.00838135149292829,-0.002090956612650241,0.002095337873232017,-0.0077962577962576995,-0.004126547455295615,-0.0013736263736264798,0.0013755158184320937,-0.021534320323014833,-0.008991825613079207,-0.0035297311973933043,-0.009147161689534666,0.004051863857374327
2023-02-08,12.53,11.3,20.21,7.59,36.46,0.017045454545454364,0.03574702108157668,0.06536636794939388,0.06751054852320659,-0.0002741979709349751,False,False,False,False,True,-0.004042037186742009,0.002431118314424552,-0.009630818619582704,-0.005586592178770777,-0.006375227686703178,0.0018248175182480342,-0.02142857142857124,0.0062893081761004055,-0.014545454545454639,0.00838135149292829,-0.002090956612650241,0.002095337873232017,-0.017955801104972413,-0.004126547455295615,-0.0013736263736264798,0.0013755158184320937,0.0027495188342041565,-0.008991825613079207,-0.0035297311973933043,-0.009147161689534666
2023-02-09,12.37,11.04,19.75,7.48,36.77,-0.012769353551476459,-0.02300884955752225,-0.022761009401286558,-0.01449275362318836,0.008502468458584822,False,False,False,False,True,0.017045454545454364,-0.004042037186742009,0.002431118314424552,-0.009630818619582704,0.03574702108157668,-0.006375227686703178,0.0018248175182480342,-0.02142857142857124,0.06536636794939388,-0.014545454545454639,0.00838135149292829,-0.002090956612650241,0.06751054852320659,-0.017955801104972413,-0.004126547455295615,-0.0013736263736264798,-0.0002741979709349751,0.0027495188342041565,-0.008991825613079207,-0.0035297311973933043
2023-02-10,12.22,10.37,19.63,7.33,37.37,-0.01212611156022625,-0.06068840579710144,-0.006075949367088662,-0.020053475935828957,0.016317650258362626,True,True,True,True,False,-0.012769353551476459,0.017045454545454364,-0.004042037186742009,0.002431118314424552,-0.02300884955752225,0.03574702108157668,-0.006375227686703178,0.0018248175182480342,-0.022761009401286558,0.06536636794939388,-0.014545454545454639,0.00838135149292829,-0.01449275362318836,0.06751054852320659,-0.017955801104972413,-0.004126547455295615,0.008502468458584822,-0.0002741979709349751,0.0027495188342041565,-0.008991825613079207
2023-02-13,12.48,10.67,20.29,7.49,37.35,0.02127659574468077,0.028929604628736838,0.033622007131940856,0.021828103683492417,-0.0005351886540003736,False,False,True,False,False,-0.01212611156022625,-0.012769353551476459,0.017045454545454364,-0.004042037186742009,-0.06068840579710144,-0.02300884955752225,0.03574702108157668,-0.006375227686703178,-0.006075949367088662,-0.022761009401286558,0.06536636794939388,-0.014545454545454639,-0.020053475935828957,-0.01449275362318836,0.06751054852320659,-0.017955801104972413,0.016317650258362626,0.008502468458584822,-0.0002741979709349751,0.0027495188342041565
2023-02-14,12.35,10.65,20.05,7.56,37.14,-0.01041666666666674,-0.0018744142455482393,-0.01182848693937888,0.009345794392523255,-0.005622489959839383,True,True,False,True,True,0.02127659574468077,-0.01212611156022625,-0.012769353551476459,0.017045454545454364,0.028929604628736838,-0.06068840579710144,-0.02300884955752225,0.03574702108157668,0.033622007131940856,-0.006075949367088662,-0.022761009401286558,0.06536636794939388,0.021828103683492417,-0.020053475935828957,-0.01449275362318836,0.06751054852320659,-0.0005351886540003736,0.016317650258362626,0.008502468458584822,-0.0002741979709349751
2023-02-15,12.57,10.85,20.26,7.54,37.64,0.01781376518218636,0.018779342723004522,0.010473815461346625,-0.002645502645502562,0.013462574044157183,False,True,True,True,False,-0.01041666666666674,0.02127659574468077,-0.01212611156022625,-0.012769353551476459,-0.0018744142455482393,0.028929604628736838,-0.06068840579710144,-0.02300884955752225,-0.01182848693937888,0.033622007131940856,-0.006075949367088662,-0.022761009401286558,0.009345794392523255,0.021828103683492417,-0.020053475935828957,-0.01449275362318836,-0.005622489959839383,-0.0005351886540003736,0.016317650258362626,0.008502468458584822
2023-02-16,12.43,10.93,20.4,7.58,37.55,-0.011137629276054106,0.007373271889400845,0.006910167818361179,0.0053050397877985045,-0.0023910733262487716,True,False,False,True,True,0.01781376518218636,-0.01041666666666674,0.02127659574468077,-0.01212611156022625,0.018779342723004522,-0.0018744142455482393,0.028929604628736838,-0.06068840579710144,0.010473815461346625,-0.01182848693937888,0.033622007131940856,-0.006075949367088662,-0.002645502645502562,0.009345794392523255,0.021828103683492417,-0.020053475935828957,0.013462574044157183,-0.005622489959839383,-0.0005351886540003736,0.016317650258362626
2023-02-17,12.54,10.92,20.47,7.49,38.36,0.008849557522123908,-0.0009149130832570851,0.0034313725490195957,-0.01187335092348285,0.021571238348868205,True,False,False,False,False,-0.011137629276054106,0.01781376518218636,-0.01041666666666674,0.02127659574468077,0.007373271889400845,0.018779342723004522,-0.0018744142455482393,0.028929604628736838,0.006910167818361179,0.010473815461346625,-0.01182848693937888,0.033622007131940856,0.0053050397877985045,-0.002645502645502562,0.009345794392523255,0.021828103683492417,-0.0023910733262487716,0.013462574044157183,-0.005622489959839383,-0.0005351886540003736
2023-02-22,12.55,10.75,20.04,7.43,37.39,0.0007974481658692412,-0.015567765567765512,-0.021006350757205694,-0.008010680907877266,-0.025286757038581853,True,True,True,True,True,0.008849557522123908,-0.011137629276054106,0.01781376518218636,-0.01041666666666674,-0.0009149130832570851,0.007373271889400845,0.018779342723004522,-0.0018744142455482393,0.0034313725490195957,0.006910167818361179,0.010473815461346625,-0.01182848693937888,-0.01187335092348285,0.0053050397877985045,-0.002645502645502562,0.009345794392523255,0.021571238348868205,-0.0023910733262487716,0.013462574044157183,-0.005622489959839383
2023-02-23,12.59,10.77,20.12,7.48,38.21,0.0031872509960158,0.0018604651162790198,0.003992015968063978,0.006729475100942128,0.021930997592939372,True,False,False,False,False,0.0007974481658692412,0.008849557522123908,-0.011137629276054106,0.01781376518218636,-0.015567765567765512,-0.0009149130832570851,0.007373271889400845,0.018779342723004522,-0.021006350757205694,0.0034313725490195957,0.006910167818361179,0.010473815461346625,-0.008010680907877266,-0.01187335092348285,0.0053050397877985045,-0.002645502645502562,-0.025286757038581853,0.021571238348868205,-0.0023910733262487716,0.013462574044157183
2023-02-24,12.66,10.55,19.57,7.23,37.84,0.005559968228753043,-0.02042711234911787,-0.02733598409542748,-0.03342245989304815,-0.009683328971473393,True,False,False,False,False,0.0031872509960158,0.0007974481658692412,0.008849557522123908,-0.011137629276054106,0.0018604651162790198,-0.015567765567765512,-0.0009149130832570851,0.007373271889400845,0.003992015968063978,-0.021006350757205694,0.0034313725490195957,0.006910167818361179,0.006729475100942128,-0.008010680907877266,-0.01187335092348285,0.0053050397877985045,0.021930997592939372,-0.025286757038581853,0.021571238348868205,-0.0023910733262487716
2023-02-27,12.73,10.54,19.35,7.07,37.78,0.005529225908372792,-0.0009478672985783199,-0.01124169647419515,-0.022130013831258677,-0.001585623678647008,False,False,True,True,True,0.005559968228753043,0.0031872509960158,0.0007974481658692412,0.008849557522123908,-0.02042711234911787,0.0018604651162790198,-0.015567765567765512,-0.0009149130832570851,-0.02733598409542748,0.003992015968063978,-0.021006350757205694,0.0034313725490195957,-0.03342245989304815,0.006729475100942128,-0.008010680907877266,-0.01187335092348285,-0.009683328971473393,0.021930997592939372,-0.025286757038581853,0.021571238348868205
2023-02-28,12.72,10.41,19.41,7.13,38.13,-0.0007855459544383603,-0.012333965844402162,0.0031007751937983663,0.008486562942008335,0.009264160931709897,True,False,False,False,True,0.005529225908372792,0.005559968228753043,0.0031872509960158,0.0007974481658692412,-0.0009478672985783199,-0.02042711234911787,0.0018604651162790198,-0.015567765567765512,-0.01124169647419515,-0.02733598409542748,0.003992015968063978,-0.021006350757205694,-0.022130013831258677,-0.03342245989304815,0.006729475100942128,-0.008010680907877266,-0.001585623678647008,-0.009683328971473393,0.021930997592939372,-0.025286757038581853
2023-03-01,12.8,10.4,19.19,7.06,38.35,0.0062893081761006275,-0.0009606147934677622,-0.011334363730036046,-0.009817671809256745,0.005769735116705865,False,False,False,False,False,-0.0007855459544383603,0.005529225908372792,0.005559968228753043,0.0031872509960158,-0.012333965844402162,-0.0009478672985783199,-0.02042711234911787,0.0018604651162790198,0.0031007751937983663,-0.01124169647419515,-0.02733598409542748,0.003992015968063978,0.008486562942008335,-0.022130013831258677,-0.03342245989304815,0.006729475100942128,0.009264160931709897,-0.001585623678647008,-0.009683328971473393,0.021930997592939372
2023-03-02,12.48,10.23,18.73,6.9,38.13,-0.025000000000000022,-0.016346153846153788,-0.023970818134445016,-0.022662889518413443,-0.005736636245110782,False,False,True,False,False,0.0062893081761006275,-0.0007855459544383603,0.005529225908372792,0.005559968228753043,-0.0009606147934677622,-0.012333965844402162,-0.0009478672985783199,-0.02042711234911787,-0.011334363730036046,0.0031007751937983663,-0.01124169647419515,-0.02733598409542748,-0.009817671809256745,0.008486562942008335,-0.022130013831258677,-0.03342245989304815,0.005769735116705865,0.009264160931709897,-0.001585623678647008,-0.009683328971473393
2023-03-03,12.46,10.2,18.73,7.0,37.82,-0.0016025641025640969,-0.0029325513196482023,0.0,0.014492753623188248,-0.008130081300813052,True,True,True,True,True,-0.025000000000000022,0.0062893081761006275,-0.0007855459544383603,0.005529225908372792,-0.016346153846153788,-0.0009606147934677622,-0.012333965844402162,-0.0009478672985783199,-0.023970818134445016,-0.011334363730036046,0.0031007751937983663,-0.01124169647419515,-0.022662889518413443,-0.009817671809256745,0.008486562942008335,-0.022130013831258677,-0.005736636245110782,0.005769735116705865,0.009264160931709897,-0.001585623678647008
2023-03-06,12.83,10.5,18.87,7.07,38.39,0.029695024077046384,0.02941176470588247,0.0074746396155900285,0.010000000000000009,0.01507139079851938,False,True,True,True,True,-0.0016025641025640969,-0.025000000000000022,0.0062893081761006275,-0.0007855459544383603,-0.0029325513196482023,-0.016346153846153788,-0.0009606147934677622,-0.012333965844402162,0.0,-0.023970818134445016,-0.011334363730036046,0.0031007751937983663,0.014492753623188248,-0.022662889518413443,-0.009817671809256745,0.008486562942008335,-0.008130081300813052,-0.005736636245110782,0.005769735116705865,0.009264160931709897
2023-03-07,12.76,10.65,19.07,7.09,38.55,-0.005455962587685104,0.014285714285714235,0.010598834128245915,0.0028288543140027045,0.004167752018754856,True,True,True,True,True,0.029695024077046384,-0.0016025641025640969,-0.025000000000000022,0.0062893081761006275,0.02941176470588247,-0.0029325513196482023,-0.016346153846153788,-0.0009606147934677622,0.0074746396155900285,0.0,-0.023970818134445016,-0.011334363730036046,0.010000000000000009,0.014492753623188248,-0.022662889518413443,-0.009817671809256745,0.01507139079851938,-0.008130081300813052,-0.005736636245110782,0.005769735116705865
2023-03-08,12.94,10.93,19.32,7.17,39.11,0.014106583072100332,0.026291079812206464,0.013109596224436304,0.01128349788434413,0.014526588845655164,False,False,False,False,False,-0.005455962587685104,0.029695024077046384,-0.0016025641025640969,-0.025000000000000022,0.014285714285714235,0.02941176470588247,-0.0029325513196482023,-0.016346153846153788,0.010598834128245915,0.0074746396155900285,0.0,-0.023970818134445016,0.0028288543140027045,0.010000000000000009,0.014492753623188248,-0.022662889518413443,0.004167752018754856,0.01507139079851938,-0.008130081300813052,-0.005736636245110782
2023-03-09,12.92,10.88,19.07,7.14,38.81,-0.0015455950540957941,-0.0045745654162853144,-0.012939958592132483,-0.004184100418410108,-0.00767067246228581,False,False,False,False,False,0.014106583072100332,-0.005455962587685104,0.029695024077046384,-0.0016025641025640969,0.026291079812206464,0.014285714285714235,0.02941176470588247,-0.0029325513196482023,0.013109596224436304,0.010598834128245915,0.0074746396155900285,0.0,0.01128349788434413,0.0028288543140027045,0.010000000000000009,0.014492753623188248,0.014526588845655164,0.004167752018754856,0.01507139079851938,-0.008130081300813052
2023-03-10,12.84,10.59,18.63,7.07,38.5,-0.006191950464396245,-0.026654411764705954,-0.023072889355007953,-0.009803921568627416,-0.00798763205359454,True,False,False,False,True,-0.0015455950540957941,0.014106583072100332,-0.005455962587685104,0.029695024077046384,-0.0045745654162853144,0.026291079812206464,0.014285714285714235,0.02941176470588247,-0.012939958592132483,0.013109596224436304,0.010598834128245915,0.0074746396155900285,-0.004184100418410108,0.01128349788434413,0.0028288543140027045,0.010000000000000009,-0.00767067246228581,0.014526588845655164,0.004167752018754856,0.01507139079851938
2023-03-13,12.93,10.5,18.39,6.94,38.75,0.007009345794392496,-0.008498583569405138,-0.012882447665056307,-0.018387553041018356,0.006493506493506551,True,False,True,False,True,-0.006191950464396245,-0.0015455950540957941,0.014106583072100332,-0.005455962587685104,-0.026654411764705954,-0.0045745654162853144,0.026291079812206464,0.014285714285714235,-0.023072889355007953,-0.012939958592132483,0.013109596224436304,0.010598834128245915,-0.009803921568627416,-0.004184100418410108,0.01128349788434413,0.0028288543140027045,-0.00798763205359454,-0.00767067246228581,0.014526588845655164,0.004167752018754856
2023-03-14,13.26,10.43,18.34,6.96,39.2,0.025522041763341052,-0.00666666666666671,-0.002718868950516651,0.0028818443804032867,0.011612903225806548,True,True,False,True,False,0.007009345794392496,-0.006191950464396245,-0.0015455950540957941,0.014106583072100332,-0.008498583569405138,-0.026654411764705954,-0.0045745654162853144,0.026291079812206464,-0.012882447665056307,-0.023072889355007953,-0.012939958592132483,0.013109596224436304,-0.018387553041018356,-0.009803921568627416,-0.004184100418410108,0.01128349788434413,0.006493506493506551,-0.00798763205359454,-0.00767067246228581,0.014526588845655164
2023-03-15,13.32,10.63,18.36,6.95,39.02,0.004524886877828038,0.019175455417066223,0.0010905125408942062,-0.001436781609195359,-0.004591836734693877,True,True,True,True,True,0.025522041763341052,0.007009345794392496,-0.006191950464396245,-0.0015455950540957941,-0.00666666666666671,-0.008498583569405138,-0.026654411764705954,-0.0045745654162853144,-0.002718868950516651,-0.012882447665056307,-0.023072889355007953,-0.012939958592132483,0.0028818443804032867,-0.018387553041018356,-0.009803921568627416,-0.004184100418410108,0.011612903225806548,0.006493506493506551,-0.00798763205359454,-0.00767067246228581
2023-03-16,13.55,10.79,18.41,7.02,39.24,0.01726726726726735,0.015051740357478582,0.002723311546841023,0.010071942446043147,0.0056381342901075104,False,False,False,False,False,0.004524886877828038,0.025522041763341052,0.007009345794392496,-0.006191950464396245,0.019175455417066223,-0.00666666666666671,-0.008498583569405138,-0.026654411764705954,0.0010905125408942062,-0.002718868950516651,-0.012882447665056307,-0.023072889355007953,-0.001436781609195359,0.0028818443804032867,-0.018387553041018356,-0.009803921568627416,-0.004591836734693877,0.011612903225806548,0.006493506493506551,-0.00798763205359454
2023-03-17,13.51,10.45,18.0,6.93,38.82,-0.002952029520295274,-0.03151065801668207,-0.022270505160238985,-0.012820512820512775,-0.010703363914373099,False,False,False,False,False,0.01726726726726735,0.004524886877828038,0.025522041763341052,0.007009345794392496,0.015051740357478582,0.019175455417066223,-0.00666666666666671,-0.008498583569405138,0.002723311546841023,0.0010905125408942062,-0.002718868950516651,-0.012882447665056307,0.010071942446043147,-0.001436781609195359,0.0028818443804032867,-0.018387553041018356,0.0056381342901075104,-0.004591836734693877,0.011612903225806548,0.006493506493506551
2023-03-20,13.42,10.41,17.99,6.85,38.71,-0.006661732050333047,-0.00382775119617218,-0.0005555555555556424,-0.011544011544011523,-0.0028335909325090114,False,False,True,True,True,-0.002952029520295274,0.01726726726726735,0.004524886877828038,0.025522041763341052,-0.03151065801668207,0.015051740357478582,0.019175455417066223,-0.00666666666666671,-0.022270505160238985,0.002723311546841023,0.0010905125408942062,-0.002718868950516651,-0.012820512820512775,0.010071942446043147,-0.001436781609195359,0.0028818443804032867,-0.010703363914373099,0.0056381342901075104,-0.004591836734693877,0.011612903225806548
2023-03-21,13.26,10.38,18.23,6.89,38.96,-0.011922503725782407,-0.0028818443804033977,0.01334074485825476,0.005839416058394109,0.006458279514337306,False,False,True,False,False,-0.006661732050333047,-0.002952029520295274,0.01726726726726735,0.004524886877828038,-0.00382775119617218,-0.03151065801668207,0.015051740357478582,0.019175455417066223,-0.0005555555555556424,-0.022270505160238985,0.002723311546841023,0.0010905125408942062,-0.011544011544011523,-0.012820512820512775,0.010071942446043147,-0.001436781609195359,-0.0028335909325090114,-0.010703363914373099,0.0056381342901075104,-0.004591836734693877
2023-03-22,13.26,10.3,18.17,6.92,38.53,0.0,-0.0077071290944122905,-0.003291278113000451,0.004354136429608246,-0.011036960985626232,False,False,False,False,True,-0.011922503725782407,-0.006661732050333047,-0.002952029520295274,0.01726726726726735,-0.0028818443804033977,-0.00382775119617218,-0.03151065801668207,0.015051740357478582,0.01334074485825476,-0.0005555555555556424,-0.022270505160238985,0.002723311546841023,0.005839416058394109,-0.011544011544011523,-0.012820512820512775,0.010071942446043147,0.006458279514337306,-0.0028335909325090114,-0.010703363914373099,0.0056381342901075104
2023-03-23,13.1,10.07,17.73,6.84,38.89,-0.012066365007541435,-0.022330097087378653,-0.024215740231150362,-0.011560693641618491,0.009343368803529595,True,True,True,True,True,0.0,-0.011922503725782407,-0.006661732050333047,-0.002952029520295274,-0.0077071290944122905,-0.0028818443804033977,-0.00382775119617218,-0.03151065801668207,-0.003291278113000451,0.01334074485825476,-0.0005555555555556424,-0.022270505160238985,0.004354136429608246,0.005839416058394109,-0.011544011544011523,-0.012820512820512775,-0.011036960985626232,0.006458279514337306,-0.0028335909325090114,-0.010703363914373099
2023-03-24,13.2,10.21,18.0,6.96,39.5,0.007633587786259444,0.013902681231380498,0.015228426395939021,0.01754385964912286,0.01568526613525334,True,True,True,True,True,-0.012066365007541435,0.0,-0.011922503725782407,-0.006661732050333047,-0.022330097087378653,-0.0077071290944122905,-0.0028818443804033977,-0.00382775119617218,-0.024215740231150362,-0.003291278113000451,0.01334074485825476,-0.0005555555555556424,-0.011560693641618491,0.004354136429608246,0.005839416058394109,-0.011544011544011523,0.009343368803529595,-0.011036960985626232,0.006458279514337306,-0.0028335909325090114
2023-03-27,13.24,10.35,18.23,6.99,40.16,0.003030303030303161,0.013712047012732542,0.012777777777777777,0.004310344827586299,0.016708860759493627,True,False,True,True,True,0.007633587786259444,-0.012066365007541435,0.0,-0.011922503725782407,0.013902681231380498,-0.022330097087378653,-0.0077071290944122905,-0.0028818443804033977,0.015228426395939021,-0.024215740231150362,-0.003291278113000451,0.01334074485825476,0.01754385964912286,-0.011560693641618491,0.004354136429608246,0.005839416058394109,0.01568526613525334,0.009343368803529595,-0.011036960985626232,0.006458279514337306
2023-03-28,13.87,10.3,18.35,7.01,40.34,0.047583081570997,-0.004830917874396046,0.006582556226001124,0.0028612303290413976,0.004482071713147517,True,True,False,True,True,0.003030303030303161,0.007633587786259444,-0.012066365007541435,0.0,0.013712047012732542,0.013902681231380498,-0.022330097087378653,-0.0077071290944122905,0.012777777777777777,0.015228426395939021,-0.024215740231150362,-0.003291278113000451,0.004310344827586299,0.01754385964912286,-0.011560693641618491,0.004354136429608246,0.016708860759493627,0.01568526613525334,0.009343368803529595,-0.011036960985626232
2023-03-29,14.07,10.41,18.45,7.01,40.69,0.014419610670511895,0.010679611650485477,0.005449591280653809,0.0,0.008676251859196737,True,True,True,True,True,0.047583081570997,0.003030303030303161,0.007633587786259444,-0.012066365007541435,-0.004830917874396046,0.013712047012732542,0.013902681231380498,-0.022330097087378653,0.006582556226001124,0.012777777777777777,0.015228426395939021,-0.024215740231150362,0.0028612303290413976,0.004310344827586299,0.01754385964912286,-0.011560693641618491,0.004482071713147517,0.016708860759493627,0.01568526613525334,0.009343368803529595
2023-03-30,14.08,10.69,18.99,7.07,40.82,0.000710732054015617,0.026897214217098897,0.029268292682926855,0.00855920114122699,0.0031948881789138905,False,False,True,True,False,0.014419610670511895,0.047583081570997,0.003030303030303161,0.007633587786259444,0.010679611650485477,-0.004830917874396046,0.013712047012732542,0.013902681231380498,0.005449591280653809,0.006582556226001124,0.012777777777777777,0.015228426395939021,0.0,0.0028612303290413976,0.004310344827586299,0.01754385964912286,0.008676251859196737,0.004482071713147517,0.016708860759493627,0.01568526613525334
2023-03-31,13.62,10.62,19.09,7.13,39.54,-0.032670454545454586,-0.006548175865294659,0.00526592943654558,0.008486562942008335,-0.03135717785399317,False,False,False,False,False,0.000710732054015617,0.014419610670511895,0.047583081570997,0.003030303030303161,0.026897214217098897,0.010679611650485477,-0.004830917874396046,0.013712047012732542,0.029268292682926855,0.005449591280653809,0.006582556226001124,0.012777777777777777,0.00855920114122699,0.0,0.0028612303290413976,0.004310344827586299,0.0031948881789138905,0.008676251859196737,0.004482071713147517,0.016708860759493627
2023-04-03,13.62,10.38,18.51,7.05,38.6,0.0,-0.022598870056497078,-0.030382399161864804,-0.011220196353436185,-0.023773394031360584,True,True,True,True,True,-0.032670454545454586,0.000710732054015617,0.014419610670511895,0.047583081570997,-0.006548175865294659,0.026897214217098897,0.010679611650485477,-0.004830917874396046,0.00526592943654558,0.029268292682926855,0.005449591280653809,0.006582556226001124,0.008486562942008335,0.00855920114122699,0.0,0.0028612303290413976,-0.03135717785399317,0.0031948881789138905,0.008676251859196737,0.004482071713147517
2023-04-04,13.71,10.54,18.91,7.11,38.64,0.006607929515418665,0.015414258188824581,0.0216099405726633,0.008510638297872353,0.0010362694300518616,False,True,False,False,False,0.0,-0.032670454545454586,0.000710732054015617,0.014419610670511895,-0.022598870056497078,-0.006548175865294659,0.026897214217098897,0.010679611650485477,-0.030382399161864804,0.00526592943654558,0.029268292682926855,0.005449591280653809,-0.011220196353436185,0.008486562942008335,0.00855920114122699,0.0,-0.023773394031360584,-0.03135717785399317,0.0031948881789138905,0.008676251859196737
2023-04-05,13.68,10.55,18.87,7.08,37.78,-0.002188183807439903,0.0009487666034158071,-0.0021152829190903555,-0.0042194092827004814,-0.02225672877846785,True,False,False,False,False,0.006607929515418665,0.0,-0.032670454545454586,0.000710732054015617,0.015414258188824581,-0.022598870056497078,-0.006548175865294659,0.026897214217098897,0.0216099405726633,-0.030382399161864804,0.00526592943654558,0.029268292682926855,0.008510638297872353,-0.011220196353436185,0.008486562942008335,0.00855920114122699,0.0010362694300518616,-0.023773394031360584,-0.03135717785399317,0.0031948881789138905
2023-04-06,13.71,10.45,18.82,7.04,37.65,0.002192982456140413,-0.009478672985782088,-0.002649708532061479,-0.005649717514124353,-0.0034409740603494887,True,True,True,True,False,-0.002188183807439903,0.006607929515418665,0.0,-0.032670454545454586,0.0009487666034158071,0.015414258188824581,-0.022598870056497078,-0.006548175865294659,-0.0021152829190903555,0.0216099405726633,-0.030382399161864804,0.00526592943654558,-0.0042194092827004814,0.008510638297872353,-0.011220196353436185,0.008486562942008335,-0.02225672877846785,0.0010362694300518616,-0.023773394031360584,-0.03135717785399317
2023-04-10,13.74,10.51,18.98,7.06,37.43,0.002188183807439792,0.005741626794258492,0.008501594048884176,0.0028409090909089496,-0.005843293492695856,True,True,True,True,True,0.002192982456140413,-0.002188183807439903,0.006607929515418665,0.0,-0.009478672985782088,0.0009487666034158071,0.015414258188824581,-0.022598870056497078,-0.002649708532061479,-0.0021152829190903555,0.0216099405726633,-0.030382399161864804,-0.005649717514124353,-0.0042194092827004814,0.008510638297872353,-0.011220196353436185,-0.0034409740603494887,-0.02225672877846785,0.0010362694300518616,-0.023773394031360584
2023-04-11,14.05,10.94,19.59,7.3,38.11,0.022561863173216956,0.04091341579448149,0.03213909378292934,0.03399433427762033,0.018167245524979947,False,True,True,True,True,0.002188183807439792,0.002192982456140413,-0.002188183807439903,0.006607929515418665,0.005741626794258492,-0.009478672985782088,0.0009487666034158071,0.015414258188824581,0.008501594048884176,-0.002649708532061479,-0.0021152829190903555,0.0216099405726633,0.0028409090909089496,-0.005649717514124353,-0.0042194092827004814,0.008510638297872353,-0.005843293492695856,-0.0034409740603494887,-0.02225672877846785,0.0010362694300518616
2023-04-12,14.03,11.01,19.79,7.43,38.75,-0.00142348754448407,0.006398537477148025,0.010209290454313402,0.017808219178082174,0.016793492521647968,False,True,True,False,False,0.022561863173216956,0.002188183807439792,0.002192982456140413,-0.002188183807439903,0.04091341579448149,0.005741626794258492,-0.009478672985782088,0.0009487666034158071,0.03213909378292934,0.008501594048884176,-0.002649708532061479,-0.0021152829190903555,0.03399433427762033,0.0028409090909089496,-0.005649717514124353,-0.0042194092827004814,0.018167245524979947,-0.005843293492695856,-0.0034409740603494887,-0.02225672877846785
2023-04-13,13.87,11.12,19.68,7.46,38.39,-0.01140413399857454,0.009990917347865613,-0.005558362809499728,0.004037685060565233,-0.009290322580645105,True,True,True,True,False,-0.00142348754448407,0.022561863173216956,0.002188183807439792,0.002192982456140413,0.006398537477148025,0.04091341579448149,0.005741626794258492,-0.009478672985782088,0.010209290454313402,0.03213909378292934,0.008501594048884176,-0.002649708532061479,0.017808219178082174,0.03399433427762033,0.0028409090909089496,-0.005649717514124353,0.016793492521647968,0.018167245524979947,-0.005843293492695856,-0.0034409740603494887
2023-04-14,13.92,11.13,19.96,7.51,37.79,0.0036049026676279183,0.0008992805755396738,0.014227642276422925,0.006702412868632601,-0.015629070070330875,True,False,False,False,True,-0.01140413399857454,-0.00142348754448407,0.022561863173216956,0.002188183807439792,0.009990917347865613,0.006398537477148025,0.04091341579448149,0.005741626794258492,-0.005558362809499728,0.010209290454313402,0.03213909378292934,0.008501594048884176,0.004037685060565233,0.017808219178082174,0.03399433427762033,0.0028409090909089496,-0.009290322580645105,0.016793492521647968,0.018167245524979947,-0.005843293492695856
2023-04-17,14.02,11.11,19.9,7.49,38.49,0.007183908045977017,-0.0017969451931717506,-0.0030060120240481547,-0.0026631158455392434,0.018523418893887422,False,False,False,False,False,0.0036049026676279183,-0.01140413399857454,-0.00142348754448407,0.022561863173216956,0.0008992805755396738,0.009990917347865613,0.006398537477148025,0.04091341579448149,0.014227642276422925,-0.005558362809499728,0.010209290454313402,0.03213909378292934,0.006702412868632601,0.004037685060565233,0.017808219178082174,0.03399433427762033,-0.015629070070330875,-0.009290322580645105,0.016793492521647968,0.018167245524979947
2023-04-18,13.9,11.06,19.9,7.46,38.29,-0.008559201141226769,-0.004500450045004434,0.0,-0.004005340453938633,-0.005196154845414469,False,False,False,False,False,0.007183908045977017,0.0036049026676279183,-0.01140413399857454,-0.00142348754448407,-0.0017969451931717506,0.0008992805755396738,0.009990917347865613,0.006398537477148025,-0.0030060120240481547,0.014227642276422925,-0.005558362809499728,0.010209290454313402,-0.0026631158455392434,0.006702412868632601,0.004037685060565233,0.017808219178082174,0.018523418893887422,-0.015629070070330875,-0.009290322580645105,0.016793492521647968
2023-04-19,13.86,10.84,19.57,7.43,38.13,-0.0028776978417266452,-0.019891500904159143,-0.016582914572864205,-0.004021447721179627,-0.004178636719770035,True,True,False,True,True,-0.008559201141226769,0.007183908045977017,0.0036049026676279183,-0.01140413399857454,-0.004500450045004434,-0.0017969451931717506,0.0008992805755396738,0.009990917347865613,0.0,-0.0030060120240481547,0.014227642276422925,-0.005558362809499728,-0.004005340453938633,-0.0026631158455392434,0.006702412868632601,0.004037685060565233,-0.005196154845414469,0.018523418893887422,-0.015629070070330875,-0.009290322580645105
2023-04-20,13.87,10.97,19.6,7.38,39.25,0.0007215007215006786,0.011992619926199266,0.0015329586101175963,-0.006729475100942128,0.02937319695777596,False,False,True,False,True,-0.0028776978417266452,-0.008559201141226769,0.007183908045977017,0.0036049026676279183,-0.019891500904159143,-0.004500450045004434,-0.0017969451931717506,0.0008992805755396738,-0.016582914572864205,0.0,-0.0030060120240481547,0.014227642276422925,-0.004021447721179627,-0.004005340453938633,-0.0026631158455392434,0.006702412868632601,-0.004178636719770035,-0.005196154845414469,0.018523418893887422,-0.015629070070330875
2023-04-24,13.63,10.88,19.44,7.45,39.34,-0.017303532804614163,-0.008204193254329972,-0.008163265306122436,0.009485094850948617,0.0022929936305733367,False,True,False,True,True,0.0007215007215006786,-0.0028776978417266452,-0.008559201141226769,0.007183908045977017,0.011992619926199266,-0.019891500904159143,-0.004500450045004434,-0.0017969451931717506,0.0015329586101175963,-0.016582914572864205,0.0,-0.0030060120240481547,-0.006729475100942128,-0.004021447721179627,-0.004005340453938633,-0.0026631158455392434,0.02937319695777596,-0.004178636719770035,-0.005196154845414469,0.018523418893887422
2023-04-25,13.58,11.05,19.61,7.44,39.53,-0.003668378576669129,0.015625,0.008744855967078191,-0.0013422818791946067,0.0048296898830706425,False,False,False,False,False,-0.017303532804614163,0.0007215007215006786,-0.0028776978417266452,-0.008559201141226769,-0.008204193254329972,0.011992619926199266,-0.019891500904159143,-0.004500450045004434,-0.008163265306122436,0.0015329586101175963,-0.016582914572864205,0.0,0.009485094850948617,-0.006729475100942128,-0.004021447721179627,-0.004005340453938633,0.0022929936305733367,0.02937319695777596,-0.004178636719770035,-0.005196154845414469
2023-04-26,13.5,10.85,19.46,7.39,39.11,-0.00589101620029453,-0.018099547511312264,-0.007649158592554772,-0.006720430107526987,-0.010624841892233783,False,True,True,True,True,-0.003668378576669129,-0.017303532804614163,0.0007215007215006786,-0.0028776978417266452,0.015625,-0.008204193254329972,0.011992619926199266,-0.019891500904159143,0.008744855967078191,-0.008163265306122436,0.0015329586101175963,-0.016582914572864205,-0.0013422818791946067,0.009485094850948617,-0.006729475100942128,-0.004021447721179627,0.0048296898830706425,0.0022929936305733367,0.02937319695777596,-0.004178636719770035
2023-04-27,13.46,11.0,19.8,7.49,39.34,-0.002962962962962945,0.01382488479262678,0.01747173689619741,0.013531799729364025,0.005880848887752643,False,True,True,True,True,-0.00589101620029453,-0.003668378576669129,-0.017303532804614163,0.0007215007215006786,-0.018099547511312264,0.015625,-0.008204193254329972,0.011992619926199266,-0.007649158592554772,0.008744855967078191,-0.008163265306122436,0.0015329586101175963,-0.006720430107526987,-0.0013422818791946067,0.009485094850948617,-0.006729475100942128,-0.010624841892233783,0.0048296898830706425,0.0022929936305733367,0.02937319695777596
2023-04-28,13.46,11.15,20.04,7.54,40.09,0.0,0.013636363636363669,0.012121212121211977,0.006675567423231055,0.019064565327910454,True,False,False,False,False,-0.002962962962962945,-0.00589101620029453,-0.003668378576669129,-0.017303532804614163,0.01382488479262678,-0.018099547511312264,0.015625,-0.008204193254329972,0.01747173689619741,-0.007649158592554772,0.008744855967078191,-0.008163265306122436,0.013531799729364025,-0.006720430107526987,-0.0013422818791946067,0.009485094850948617,0.005880848887752643,-0.010624841892233783,0.0048296898830706425,0.0022929936305733367
2023-05-02,13.55,10.86,19.33,7.32,39.8,0.006686478454680511,-0.026008968609865568,-0.03542914171656686,-0.02917771883289122,-0.007233724120728535,True,True,False,False,False,0.0,-0.002962962962962945,-0.00589101620029453,-0.003668378576669129,0.013636363636363669,0.01382488479262678,-0.018099547511312264,0.015625,0.012121212121211977,0.01747173689619741,-0.007649158592554772,0.008744855967078191,0.006675567423231055,0.013531799729364025,-0.006720430107526987,-0.0013422818791946067,0.019064565327910454,0.005880848887752643,-0.010624841892233783,0.0048296898830706425
2023-05-03,13.86,10.9,19.17,7.31,38.9,0.022878228782287735,0.0036832412523020164,-0.008277289187790804,-0.001366120218579292,-0.022613065326633097,True,True,True,True,False,0.006686478454680511,0.0,-0.002962962962962945,-0.00589101620029453,-0.026008968609865568,0.013636363636363669,0.01382488479262678,-0.018099547511312264,-0.03542914171656686,0.012121212121211977,0.01747173689619741,-0.007649158592554772,-0.02917771883289122,0.006675567423231055,0.013531799729364025,-0.006720430107526987,-0.007233724120728535,0.019064565327910454,0.005880848887752643,-0.010624841892233783
2023-05-04,13.9,11.15,19.25,7.41,38.32,0.0028860028860029363,0.022935779816513735,0.004173187271778733,0.013679890560875485,-0.014910025706940777,False,True,True,True,False,0.022878228782287735,0.006686478454680511,0.0,-0.002962962962962945,0.0036832412523020164,-0.026008968609865568,0.013636363636363669,0.01382488479262678,-0.008277289187790804,-0.03542914171656686,0.012121212121211977,0.01747173689619741,-0.001366120218579292,-0.02917771883289122,0.006675567423231055,0.013531799729364025,-0.022613065326633097,-0.007233724120728535,0.019064565327910454,0.005880848887752643
2023-05-05,13.77,11.56,19.83,7.56,38.24,-0.009352517985611541,0.036771300448430466,0.030129870129870007,0.020242914979756943,-0.0020876826722338038,True,True,True,True,True,0.0028860028860029363,0.022878228782287735,0.006686478454680511,0.0,0.022935779816513735,0.0036832412523020164,-0.026008968609865568,0.013636363636363669,0.004173187271778733,-0.008277289187790804,-0.03542914171656686,0.012121212121211977,0.013679890560875485,-0.001366120218579292,-0.02917771883289122,0.006675567423231055,-0.014910025706940777,-0.022613065326633097,-0.007233724120728535,0.019064565327910454
2023-05-06,14.54,12.82,22.0,8.83,39.29,0.05591866376180099,0.10899653979238755,0.10943015632879494,0.16798941798941813,0.02745815899581583,False,False,False,False,False,-0.009352517985611541,0.0028860028860029363,0.022878228782287735,0.006686478454680511,0.036771300448430466,0.022935779816513735,0.0036832412523020164,-0.026008968609865568,0.030129870129870007,0.004173187271778733,-0.008277289187790804,-0.03542914171656686,0.020242914979756943,0.013679890560875485,-0.001366120218579292,-0.02917771883289122,-0.0020876826722338038,-0.014910025706940777,-0.022613065326633097,-0.007233724120728535
2023-05-08,13.79,11.8,20.22,7.61,38.22,-0.05158184319119674,-0.0795631825273011,-0.08090909090909093,-0.13816534541336345,-0.02723339272079406,False,True,True,True,True,0.05591866376180099,-0.009352517985611541,0.0028860028860029363,0.022878228782287735,0.10899653979238755,0.036771300448430466,0.022935779816513735,0.0036832412523020164,0.10943015632879494,0.030129870129870007,0.004173187271778733,-0.008277289187790804,0.16798941798941813,0.020242914979756943,0.013679890560875485,-0.001366120218579292,0.02745815899581583,-0.0020876826722338038,-0.014910025706940777,-0.022613065326633097
2023-05-09,13.78,11.92,20.42,7.67,38.87,-0.0007251631617113397,0.010169491525423568,0.009891196834817206,0.007884362680683266,0.017006802721088343,False,True,True,True,False,-0.05158184319119674,0.05591866376180099,-0.009352517985611541,0.0028860028860029363,-0.0795631825273011,0.10899653979238755,0.036771300448430466,0.022935779816513735,-0.08090909090909093,0.10943015632879494,0.030129870129870007,0.004173187271778733,-0.13816534541336345,0.16798941798941813,0.020242914979756943,0.013679890560875485,-0.02723339272079406,0.02745815899581583,-0.0020876826722338038,-0.014910025706940777
2023-05-10,13.68,11.95,20.76,7.75,38.37,-0.007256894049346818,0.00251677852348986,0.016650342801175277,0.010430247718383301,-0.012863390789812246,True,True,True,True,False,-0.0007251631617113397,-0.05158184319119674,0.05591866376180099,-0.009352517985611541,0.010169491525423568,-0.0795631825273011,0.10899653979238755,0.036771300448430466,0.009891196834817206,-0.08090909090909093,0.10943015632879494,0.030129870129870007,0.007884362680683266,-0.13816534541336345,0.16798941798941813,0.020242914979756943,0.017006802721088343,-0.02723339272079406,0.02745815899581583,-0.0020876826722338038
2023-05-11,13.78,12.03,20.93,7.82,38.34,0.007309941520467822,0.006694560669456173,0.00818882466281301,0.00903225806451613,-0.0007818608287722961,False,False,False,False,False,-0.007256894049346818,-0.0007251631617113397,-0.05158184319119674,0.05591866376180099,0.00251677852348986,0.010169491525423568,-0.0795631825273011,0.10899653979238755,0.016650342801175277,0.009891196834817206,-0.08090909090909093,0.10943015632879494,0.010430247718383301,0.007884362680683266,-0.13816534541336345,0.16798941798941813,-0.012863390789812246,0.017006802721088343,-0.02723339272079406,0.02745815899581583
2023-05-12,13.73,12.01,20.84,7.73,37.94,-0.0036284470246733536,-0.0016625103906898753,-0.004300047778308613,-0.011508951406649648,-0.010432968179447166,True,True,True,True,True,0.007309941520467822,-0.007256894049346818,-0.0007251631617113397,-0.05158184319119674,0.006694560669456173,0.00251677852348986,0.010169491525423568,-0.0795631825273011,0.00818882466281301,0.016650342801175277,0.009891196834817206,-0.08090909090909093,0.00903225806451613,0.010430247718383301,0.007884362680683266,-0.13816534541336345,-0.0007818608287722961,-0.012863390789812246,0.017006802721088343,-0.02723339272079406
2023-05-15,13.89,12.16,20.9,7.76,38.65,0.011653313911143437,0.012489592006661221,0.0028790786948176272,0.0038809831824060392,0.0187137585661572,False,False,False,False,True,-0.0036284470246733536,0.007309941520467822,-0.007256894049346818,-0.0007251631617113397,-0.0016625103906898753,0.006694560669456173,0.00251677852348986,0.010169491525423568,-0.004300047778308613,0.00818882466281301,0.016650342801175277,0.009891196834817206,-0.011508951406649648,0.00903225806451613,0.010430247718383301,0.007884362680683266,-0.010432968179447166,-0.0007818608287722961,-0.012863390789812246,0.017006802721088343
2023-05-16,13.87,12.04,20.78,7.7,38.71,-0.0014398848092153083,-0.009868421052631637,-0.00574162679425827,-0.0077319587628865705,0.0015523932729626377,False,True,True,True,False,0.011653313911143437,-0.0036284470246733536,0.007309941520467822,-0.007256894049346818,0.012489592006661221,-0.0016625103906898753,0.006694560669456173,0.00251677852348986,0.0028790786948176272,-0.004300047778308613,0.00818882466281301,0.016650342801175277,0.0038809831824060392,-0.011508951406649648,0.00903225806451613,0.010430247718383301,0.0187137585661572,-0.010432968179447166,-0.0007818608287722961,-0.012863390789812246
2023-05-17,13.84,12.16,20.92,7.82,38.48,-0.002162941600576729,0.00996677740863805,0.00673724735322434,0.01558441558441559,-0.005941617153190526,False,True,False,False,False,-0.0014398848092153083,0.011653313911143437,-0.0036284470246733536,0.007309941520467822,-0.009868421052631637,0.012489592006661221,-0.0016625103906898753,0.006694560669456173,-0.00574162679425827,0.0028790786948176272,-0.004300047778308613,0.00818882466281301,-0.0077319587628865705,0.0038809831824060392,-0.011508951406649648,0.00903225806451613,0.0015523932729626377,0.0187137585661572,-0.010432968179447166,-0.0007818608287722961
2023-05-18,13.83,12.19,20.89,7.79,38.32,-0.0007225433526011349,0.002467105263157743,-0.0014340344168261021,-0.0038363171355498826,-0.004158004158004047,True,True,False,False,True,-0.002162941600576729,-0.0014398848092153083,0.011653313911143437,-0.0036284470246733536,0.00996677740863805,-0.009868421052631637,0.012489592006661221,-0.0016625103906898753,0.00673724735322434,-0.00574162679425827,0.0028790786948176272,-0.004300047778308613,0.01558441558441559,-0.0077319587628865705,0.0038809831824060392,-0.011508951406649648,-0.005941617153190526,0.0015523932729626377,0.0187137585661572,-0.010432968179447166
2023-05-19,13.86,12.33,20.64,7.77,39.13,0.002169197396963085,0.011484823625922846,-0.011967448539971226,-0.0025673940949936247,0.021137787056367596,True,False,False,False,True,-0.0007225433526011349,-0.002162941600576729,-0.0014398848092153083,0.011653313911143437,0.002467105263157743,0.00996677740863805,-0.009868421052631637,0.012489592006661221,-0.0014340344168261021,0.00673724735322434,-0.00574162679425827,0.0028790786948176272,-0.0038363171355498826,0.01558441558441559,-0.0077319587628865705,0.0038809831824060392,-0.004158004158004047,-0.005941617153190526,0.0015523932729626377,0.0187137585661572
2023-05-22,13.89,12.28,20.42,7.75,39.35,0.0021645021645022577,-0.0040551500405515695,-0.010658914728682078,-0.002574002574002532,0.005622284692052171,False,True,True,True,False,0.002169197396963085,-0.0007225433526011349,-0.002162941600576729,-0.0014398848092153083,0.011484823625922846,0.002467105263157743,0.00996677740863805,-0.009868421052631637,-0.011967448539971226,-0.0014340344168261021,0.00673724735322434,-0.00574162679425827,-0.0025673940949936247,-0.0038363171355498826,0.01558441558441559,-0.0077319587628865705,0.021137787056367596,-0.004158004158004047,-0.005941617153190526,0.0015523932729626377
2023-05-23,13.87,12.36,20.47,7.76,39.22,-0.0014398848092153083,0.006514657980456029,0.0024485798237021683,0.001290322580645098,-0.003303684879288449,True,False,False,False,False,0.0021645021645022577,0.002169197396963085,-0.0007225433526011349,-0.002162941600576729,-0.0040551500405515695,0.011484823625922846,0.002467105263157743,0.00996677740863805,-0.010658914728682078,-0.011967448539971226,-0.0014340344168261021,0.00673724735322434,-0.002574002574002532,-0.0025673940949936247,-0.0038363171355498826,0.01558441558441559,0.005622284692052171,0.021137787056367596,-0.004158004158004047,-0.005941617153190526
2023-05-24,13.93,12.1,20.35,7.68,38.83,0.00432588320115368,-0.021035598705501646,-0.005862237420615424,-0.010309278350515427,-0.00994390617032126,True,True,True,True,False,-0.0014398848092153083,0.0021645021645022577,0.002169197396963085,-0.0007225433526011349,0.006514657980456029,-0.0040551500405515695,0.011484823625922846,0.002467105263157743,0.0024485798237021683,-0.010658914728682078,-0.011967448539971226,-0.0014340344168261021,0.001290322580645098,-0.002574002574002532,-0.0025673940949936247,-0.0038363171355498826,-0.003303684879288449,0.005622284692052171,0.021137787056367596,-0.004158004158004047
2023-05-25,14.01,12.3,20.93,7.8,38.07,0.005743000717875146,0.016528925619834878,0.028501228501228493,0.015625,-0.0195724954931753,True,False,False,False,True,0.00432588320115368,-0.0014398848092153083,0.0021645021645022577,0.002169197396963085,-0.021035598705501646,0.006514657980456029,-0.0040551500405515695,0.011484823625922846,-0.005862237420615424,0.0024485798237021683,-0.010658914728682078,-0.011967448539971226,-0.010309278350515427,0.001290322580645098,-0.002574002574002532,-0.0025673940949936247,-0.00994390617032126,-0.003303684879288449,0.005622284692052171,0.021137787056367596
2023-05-26,14.03,12.28,20.83,7.76,38.52,0.001427551748750755,-0.001626016260162677,-0.004777830864787447,-0.00512820512820511,0.011820330969267268,False,False,False,False,False,0.005743000717875146,0.00432588320115368,-0.0014398848092153083,0.0021645021645022577,0.016528925619834878,-0.021035598705501646,0.006514657980456029,-0.0040551500405515695,0.028501228501228493,-0.005862237420615424,0.0024485798237021683,-0.010658914728682078,0.015625,-0.010309278350515427,0.001290322580645098,-0.002574002574002532,-0.0195724954931753,-0.00994390617032126,-0.003303684879288449,0.005622284692052171
2023-05-29,14.03,12.28,20.65,7.75,37.91,0.0,0.0,-0.008641382621219384,-0.0012886597938144284,-0.01583592938733147,False,False,False,False,False,0.001427551748750755,0.005743000717875146,0.00432588320115368,-0.0014398848092153083,-0.001626016260162677,0.016528925619834878,-0.021035598705501646,0.006514657980456029,-0.004777830864787447,0.028501228501228493,-0.005862237420615424,0.0024485798237021683,-0.00512820512820511,0.015625,-0.010309278350515427,0.001290322580645098,0.011820330969267268,-0.0195724954931753,-0.00994390617032126,-0.003303684879288449
2023-05-30,13.76,12.05,20.55,7.74,37.38,-0.01924447612259439,-0.018729641693810972,-0.004842615012106477,-0.001290322580645098,-0.01398048008441033,False,False,False,False,False,0.0,0.001427551748750755,0.005743000717875146,0.00432588320115368,0.0,-0.001626016260162677,0.016528925619834878,-0.021035598705501646,-0.008641382621219384,-0.004777830864787447,0.028501228501228493,-0.005862237420615424,-0.0012886597938144284,-0.00512820512820511,0.015625,-0.010309278350515427,-0.01583592938733147,0.011820330969267268,-0.0195724954931753,-0.00994390617032126
2023-05-31,13.69,11.93,20.31,7.63,36.67,-0.005087209302325646,-0.009958506224066466,-0.01167883211678844,-0.014211886304909549,-0.01899411449973254,False,True,True,True,False,-0.01924447612259439,0.0,0.001427551748750755,0.005743000717875146,-0.018729641693810972,0.0,-0.001626016260162677,0.016528925619834878,-0.004842615012106477,-0.008641382621219384,-0.004777830864787447,0.028501228501228493,-0.001290322580645098,-0.0012886597938144284,-0.00512820512820511,0.015625,-0.01398048008441033,-0.01583592938733147,0.011820330969267268,-0.0195724954931753
2023-06-01,13.53,12.02,20.52,7.7,36.26,-0.011687363038714427,0.007544006705783701,0.010339734121122657,0.00917431192660545,-0.01118080174529601,True,True,True,True,True,-0.005087209302325646,-0.01924447612259439,0.0,0.001427551748750755,-0.009958506224066466,-0.018729641693810972,0.0,-0.001626016260162677,-0.01167883211678844,-0.004842615012106477,-0.008641382621219384,-0.004777830864787447,-0.014211886304909549,-0.001290322580645098,-0.0012886597938144284,-0.00512820512820511,-0.01899411449973254,-0.01398048008441033,-0.01583592938733147,0.011820330969267268
2023-06-02,13.74,12.35,20.8,7.9,36.73,0.015521064301552201,0.027454242928452555,0.013645224171540127,0.025974025974025983,0.012961941533370158,False,True,True,True,False,-0.011687363038714427,-0.005087209302325646,-0.01924447612259439,0.0,0.007544006705783701,-0.009958506224066466,-0.018729641693810972,0.0,0.010339734121122657,-0.01167883211678844,-0.004842615012106477,-0.008641382621219384,0.00917431192660545,-0.014211886304909549,-0.001290322580645098,-0.0012886597938144284,-0.01118080174529601,-0.01899411449973254,-0.01398048008441033,-0.01583592938733147
2023-06-05,13.69,12.5,21.01,7.92,36.69,-0.003639010189228631,0.012145748987854255,0.010096153846153921,0.0025316455696202667,-0.0010890280424720178,True,True,False,True,True,0.015521064301552201,-0.011687363038714427,-0.005087209302325646,-0.01924447612259439,0.027454242928452555,0.007544006705783701,-0.009958506224066466,-0.018729641693810972,0.013645224171540127,0.010339734121122657,-0.01167883211678844,-0.004842615012106477,0.025974025974025983,0.00917431192660545,-0.014211886304909549,-0.001290322580645098,0.012961941533370158,-0.01118080174529601,-0.01899411449973254,-0.01398048008441033
2023-06-06,14.08,12.76,21.07,7.92,37.25,0.028487947406866443,0.02079999999999993,0.0028557829604949347,0.0,0.01526301444535294,True,True,True,True,False,-0.003639010189228631,0.015521064301552201,-0.011687363038714427,-0.005087209302325646,0.012145748987854255,0.027454242928452555,0.007544006705783701,-0.009958506224066466,0.010096153846153921,0.013645224171540127,0.010339734121122657,-0.01167883211678844,0.0025316455696202667,0.025974025974025983,0.00917431192660545,-0.014211886304909549,-0.0010890280424720178,0.012961941533370158,-0.01118080174529601,-0.01899411449973254
2023-06-07,14.11,12.8,21.08,7.93,37.2,0.0021306818181818787,0.0031347962382446415,0.00047460844803026703,0.0012626262626262985,-0.0013422818791946067,True,True,True,True,False,0.028487947406866443,-0.003639010189228631,0.015521064301552201,-0.011687363038714427,0.02079999999999993,0.012145748987854255,0.027454242928452555,0.007544006705783701,0.0028557829604949347,0.010096153846153921,0.013645224171540127,0.010339734121122657,0.0,0.0025316455696202667,0.025974025974025983,0.00917431192660545,0.01526301444535294,-0.0010890280424720178,0.012961941533370158,-0.01118080174529601
2023-06-09,14.39,13.08,21.51,8.06,36.86,0.019844082211197822,0.021874999999999867,0.020398481973434635,0.016393442622950838,-0.009139784946236684,True,False,False,False,False,0.0021306818181818787,0.028487947406866443,-0.003639010189228631,0.015521064301552201,0.0031347962382446415,0.02079999999999993,0.012145748987854255,0.027454242928452555,0.00047460844803026703,0.0028557829604949347,0.010096153846153921,0.013645224171540127,0.0012626262626262985,0.0,0.0025316455696202667,0.025974025974025983,-0.0013422818791946067,0.01526301444535294,-0.0010890280424720178,0.012961941533370158
2023-06-12,14.41,12.96,21.41,8.02,36.81,0.001389854065323215,-0.00917431192660545,-0.004649000464900133,-0.004962779156327701,-0.0013564839934887551,True,True,True,True,False,0.019844082211197822,0.0021306818181818787,0.028487947406866443,-0.003639010189228631,0.021874999999999867,0.0031347962382446415,0.02079999999999993,0.012145748987854255,0.020398481973434635,0.00047460844803026703,0.0028557829604949347,0.010096153846153921,0.016393442622950838,0.0012626262626262985,0.0,0.0025316455696202667,-0.009139784946236684,-0.0013422818791946067,0.01526301444535294,-0.0010890280424720178
2023-06-13,14.51,12.98,21.47,8.11,36.42,0.006939625260235838,0.0015432098765431057,0.0028024287716019725,0.01122194513715713,-0.010594947025264867,True,True,True,True,True,0.001389854065323215,0.019844082211197822,0.0021306818181818787,0.028487947406866443,-0.00917431192660545,0.021874999999999867,0.0031347962382446415,0.02079999999999993,-0.004649000464900133,0.020398481973434635,0.00047460844803026703,0.0028557829604949347,-0.004962779156327701,0.016393442622950838,0.0012626262626262985,0.0,-0.0013564839934887551,-0.009139784946236684,-0.0013422818791946067,0.01526301444535294
2023-06-14,14.57,13.02,21.87,8.22,36.92,0.004135079255685792,0.0030816640986131016,0.01863064741499776,0.01356350184956856,0.013728720483251022,False,True,True,True,False,0.006939625260235838,0.001389854065323215,0.019844082211197822,0.0021306818181818787,0.0015432098765431057,-0.00917431192660545,0.021874999999999867,0.0031347962382446415,0.0028024287716019725,-0.004649000464900133,0.020398481973434635,0.00047460844803026703,0.01122194513715713,-0.004962779156327701,0.016393442622950838,0.0012626262626262985,-0.010594947025264867,-0.0013564839934887551,-0.009139784946236684,-0.0013422818791946067
2023-06-15,14.44,13.08,22.22,8.37,36.9,-0.008922443376801703,0.004608294930875667,0.016003657978966412,0.018248175182481674,-0.0005417118093175022,False,False,False,False,True,0.004135079255685792,0.006939625260235838,0.001389854065323215,0.019844082211197822,0.0030816640986131016,0.0015432098765431057,-0.00917431192660545,0.021874999999999867,0.01863064741499776,0.0028024287716019725,-0.004649000464900133,0.020398481973434635,0.01356350184956856,0.01122194513715713,-0.004962779156327701,0.016393442622950838,0.013728720483251022,-0.010594947025264867,-0.0013564839934887551,-0.009139784946236684
2023-06-16,14.32,13.08,22.14,8.29,36.91,-0.008310249307479145,0.0,-0.0036003600360035026,-0.009557945041816063,0.0002710027100270018,True,True,True,True,False,-0.008922443376801703,0.004135079255685792,0.006939625260235838,0.001389854065323215,0.004608294930875667,0.0030816640986131016,0.0015432098765431057,-0.00917431192660545,0.016003657978966412,0.01863064741499776,0.0028024287716019725,-0.004649000464900133,0.018248175182481674,0.01356350184956856,0.01122194513715713,-0.004962779156327701,-0.0005417118093175022,0.013728720483251022,-0.010594947025264867,-0.0013564839934887551
2023-06-19,14.36,13.35,22.64,8.49,36.73,0.0027932960893854997,0.020642201834862428,0.02258355916892496,0.024125452352231624,-0.004876727174207507,True,True,True,False,False,-0.008310249307479145,-0.008922443376801703,0.004135079255685792,0.006939625260235838,0.0,0.004608294930875667,0.0030816640986131016,0.0015432098765431057,-0.0036003600360035026,0.016003657978966412,0.01863064741499776,0.0028024287716019725,-0.009557945041816063,0.018248175182481674,0.01356350184956856,0.01122194513715713,0.0002710027100270018,-0.0005417118093175022,0.013728720483251022,-0.010594947025264867
2023-06-20,14.39,13.37,22.57,8.54,36.03,0.002089136490250665,0.0014981273408238849,-0.0030918727915194566,0.005889281507655886,-0.019057990743261533,True,True,True,True,False,0.0027932960893854997,-0.008310249307479145,-0.008922443376801703,0.004135079255685792,0.020642201834862428,0.0,0.004608294930875667,0.0030816640986131016,0.02258355916892496,-0.0036003600360035026,0.016003657978966412,0.01863064741499776,0.024125452352231624,-0.009557945041816063,0.018248175182481674,0.01356350184956856,-0.004876727174207507,0.0002710027100270018,-0.0005417118093175022,0.013728720483251022
2023-06-21,14.52,13.47,22.75,8.59,35.54,0.009034051424600342,0.007479431563201411,0.007975188303057212,0.005854800936768267,-0.013599777962808868,True,False,False,False,False,0.002089136490250665,0.0027932960893854997,-0.008310249307479145,-0.008922443376801703,0.0014981273408238849,0.020642201834862428,0.0,0.004608294930875667,-0.0030918727915194566,0.02258355916892496,-0.0036003600360035026,0.016003657978966412,0.005889281507655886,0.024125452352231624,-0.009557945041816063,0.018248175182481674,-0.019057990743261533,-0.004876727174207507,0.0002710027100270018,-0.0005417118093175022
2023-06-22,14.78,13.23,22.72,8.46,35.49,0.017906336088154173,-0.017817371937639215,-0.0013186813186814028,-0.015133876600698426,-0.0014068655036577615,False,False,True,False,True,0.009034051424600342,0.002089136490250665,0.0027932960893854997,-0.008310249307479145,0.007479431563201411,0.0014981273408238849,0.020642201834862428,0.0,0.007975188303057212,-0.0030918727915194566,0.02258355916892496,-0.0036003600360035026,0.005854800936768267,0.005889281507655886,0.024125452352231624,-0.009557945041816063,-0.013599777962808868,-0.019057990743261533,-0.004876727174207507,0.0002710027100270018
2023-06-23,14.72,13.19,22.69,8.49,35.69,-0.004059539918809141,-0.003023431594860182,-0.001320422535211141,0.0035460992907800915,0.005635390250774641,False,False,False,False,False,0.017906336088154173,0.009034051424600342,0.002089136490250665,0.0027932960893854997,-0.017817371937639215,0.007479431563201411,0.0014981273408238849,0.020642201834862428,-0.0013186813186814028,0.007975188303057212,-0.0030918727915194566,0.02258355916892496,-0.015133876600698426,0.005854800936768267,0.005889281507655886,0.024125452352231624,-0.0014068655036577615,-0.013599777962808868,-0.019057990743261533,-0.004876727174207507
2023-06-26,14.58,13.19,22.63,8.46,35.55,-0.009510869565217406,0.0,-0.002644336712208095,-0.0035335689045935537,-0.003922667413841396,True,True,False,False,True,-0.004059539918809141,0.017906336088154173,0.009034051424600342,0.002089136490250665,-0.003023431594860182,-0.017817371937639215,0.007479431563201411,0.0014981273408238849,-0.001320422535211141,-0.0013186813186814028,0.007975188303057212,-0.0030918727915194566,0.0035460992907800915,-0.015133876600698426,0.005854800936768267,0.005889281507655886,0.005635390250774641,-0.0014068655036577615,-0.013599777962808868,-0.019057990743261533
2023-06-27,14.62,13.21,22.47,8.41,35.65,0.00274348422496562,0.0015163002274451998,-0.007070260715863919,-0.005910165484633634,0.002812939521800395,False,False,False,False,True,-0.009510869565217406,-0.004059539918809141,0.017906336088154173,0.009034051424600342,0.0,-0.003023431594860182,-0.017817371937639215,0.007479431563201411,-0.002644336712208095,-0.001320422535211141,-0.0013186813186814028,0.007975188303057212,-0.0035335689045935537,0.0035460992907800915,-0.015133876600698426,0.005854800936768267,-0.003922667413841396,0.005635390250774641,-0.0014068655036577615,-0.013599777962808868
2023-06-28,14.46,13.04,22.31,8.32,35.72,-0.0109439124487003,-0.012869038607115968,-0.007120605251446421,-0.010701545778834753,0.001963534361851371,False,True,True,True,True,0.00274348422496562,-0.009510869565217406,-0.004059539918809141,0.017906336088154173,0.0015163002274451998,0.0,-0.003023431594860182,-0.017817371937639215,-0.007070260715863919,-0.002644336712208095,-0.001320422535211141,-0.0013186813186814028,-0.005910165484633634,-0.0035335689045935537,0.0035460992907800915,-0.015133876600698426,0.002812939521800395,-0.003922667413841396,0.005635390250774641,-0.0014068655036577615
2023-06-29,14.46,13.2,22.48,8.49,35.98,0.0,0.012269938650306678,0.007619901389511519,0.02043269230769229,0.007278835386338223,True,True,False,True,True,-0.0109439124487003,0.00274348422496562,-0.009510869565217406,-0.004059539918809141,-0.012869038607115968,0.0015163002274451998,0.0,-0.003023431594860182,-0.007120605251446421,-0.007070260715863919,-0.002644336712208095,-0.001320422535211141,-0.010701545778834753,-0.005910165484633634,-0.0035335689045935537,0.0035460992907800915,0.001963534361851371,0.002812939521800395,-0.003922667413841396,0.005635390250774641
2023-06-30,14.64,13.34,22.52,8.46,36.87,0.012448132780082943,0.01060606060606073,0.001779359430605032,-0.0035335689045935537,0.02473596442468029,False,True,True,True,False,0.0,-0.0109439124487003,0.00274348422496562,-0.009510869565217406,0.012269938650306678,-0.012869038607115968,0.0015163002274451998,0.0,0.007619901389511519,-0.007120605251446421,-0.007070260715863919,-0.002644336712208095,0.02043269230769229,-0.010701545778834753,-0.005910165484633634,-0.0035335689045935537,0.007278835386338223,0.001963534361851371,0.002812939521800395,-0.003922667413841396
2023-07-03,14.64,13.51,22.85,8.59,36.81,0.0,0.012743628185907019,0.014653641207815316,0.015366430260047137,-0.0016273393002439462,False,False,False,False,False,0.012448132780082943,0.0,-0.0109439124487003,0.00274348422496562,0.01060606060606073,0.012269938650306678,-0.012869038607115968,0.0015163002274451998,0.001779359430605032,0.007619901389511519,-0.007120605251446421,-0.007070260715863919,-0.0035335689045935537,0.02043269230769229,-0.010701545778834753,-0.005910165484633634,0.02473596442468029,0.007278835386338223,0.001963534361851371,0.002812939521800395
2023-07-04,14.39,13.38,22.82,8.51,36.32,-0.017076502732240484,-0.00962250185048108,-0.0013129102844638973,-0.0093131548311991,-0.013311600108666166,True,True,True,True,True,0.0,0.012448132780082943,0.0,-0.0109439124487003,0.012743628185907019,0.01060606060606073,0.012269938650306678,-0.012869038607115968,0.014653641207815316,0.001779359430605032,0.007619901389511519,-0.007120605251446421,0.015366430260047137,-0.0035335689045935537,0.02043269230769229,-0.010701545778834753,-0.0016273393002439462,0.02473596442468029,0.007278835386338223,0.001963534361851371
2023-07-05,14.45,13.4,22.97,8.61,36.62,0.004169562195969423,0.001494768310911887,0.006573181419807117,0.011750881316098694,0.008259911894272998,False,False,False,False,False,-0.017076502732240484,0.0,0.012448132780082943,0.0,-0.00962250185048108,0.012743628185907019,0.01060606060606073,0.012269938650306678,-0.0013129102844638973,0.014653641207815316,0.001779359430605032,0.007619901389511519,-0.0093131548311991,0.015366430260047137,-0.0035335689045935537,0.02043269230769229,-0.013311600108666166,-0.0016273393002439462,0.02473596442468029,0.007278835386338223
2023-07-06,14.09,13.09,22.96,8.52,36.03,-0.02491349480968852,-0.023134328358208944,-0.0004353504571178446,-0.010452961672473893,-0.01611141452758047,True,True,True,True,True,0.004169562195969423,-0.017076502732240484,0.0,0.012448132780082943,0.001494768310911887,-0.00962250185048108,0.012743628185907019,0.01060606060606073,0.006573181419807117,-0.0013129102844638973,0.014653641207815316,0.001779359430605032,0.011750881316098694,-0.0093131548311991,0.015366430260047137,-0.0035335689045935537,0.008259911894272998,-0.013311600108666166,-0.0016273393002439462,0.02473596442468029
2023-07-07,14.11,13.22,23.25,8.58,36.13,0.0014194464158978626,0.009931245225363039,0.012630662020905792,0.007042253521126751,0.0027754648903692836,True,True,True,False,False,-0.02491349480968852,0.004169562195969423,-0.017076502732240484,0.0,-0.023134328358208944,0.001494768310911887,-0.00962250185048108,0.012743628185907019,-0.0004353504571178446,0.006573181419807117,-0.0013129102844638973,0.014653641207815316,-0.010452961672473893,0.011750881316098694,-0.0093131548311991,0.015366430260047137,-0.01611141452758047,0.008259911894272998,-0.013311600108666166,-0.0016273393002439462
2023-07-10,14.26,13.23,23.02,8.64,35.44,0.010630758327427436,0.0007564296520423675,-0.009892473118279566,0.006993006993007089,-0.01909770274010536,False,False,False,False,False,0.0014194464158978626,-0.02491349480968852,0.004169562195969423,-0.017076502732240484,0.009931245225363039,-0.023134328358208944,0.001494768310911887,-0.00962250185048108,0.012630662020905792,-0.0004353504571178446,0.006573181419807117,-0.0013129102844638973,0.007042253521126751,-0.010452961672473893,0.011750881316098694,-0.0093131548311991,0.0027754648903692836,-0.01611141452758047,0.008259911894272998,-0.013311600108666166
2023-07-11,13.9,13.11,22.74,8.43,35.11,-0.02524544179523136,-0.009070294784580546,-0.012163336229365829,-0.02430555555555569,-0.009311512415349887,True,False,False,False,True,0.010630758327427436,0.0014194464158978626,-0.02491349480968852,0.004169562195969423,0.0007564296520423675,0.009931245225363039,-0.023134328358208944,0.001494768310911887,-0.009892473118279566,0.012630662020905792,-0.0004353504571178446,0.006573181419807117,0.006993006993007089,0.007042253521126751,-0.010452961672473893,0.011750881316098694,-0.01909770274010536,0.0027754648903692836,-0.01611141452758047,0.008259911894272998
2023-07-12,13.96,13.03,22.58,8.4,35.22,0.004316546762589857,-0.006102212051868783,-0.0070360598065083435,-0.003558718861209842,0.0031330105383080564,True,True,True,True,False,-0.02524544179523136,0.010630758327427436,0.0014194464158978626,-0.02491349480968852,-0.009070294784580546,0.0007564296520423675,0.009931245225363039,-0.023134328358208944,-0.012163336229365829,-0.009892473118279566,0.012630662020905792,-0.0004353504571178446,-0.02430555555555569,0.006993006993007089,0.007042253521126751,-0.010452961672473893,-0.009311512415349887,-0.01909770274010536,0.0027754648903692836,-0.01611141452758047
2023-07-13,14.03,13.3,22.75,8.56,35.22,0.005014326647564404,0.020721412125863425,0.0075287865367583695,0.01904761904761898,0.0,False,False,False,False,False,0.004316546762589857,-0.02524544179523136,0.010630758327427436,0.0014194464158978626,-0.006102212051868783,-0.009070294784580546,0.0007564296520423675,0.009931245225363039,-0.0070360598065083435,-0.012163336229365829,-0.009892473118279566,0.012630662020905792,-0.003558718861209842,-0.02430555555555569,0.006993006993007089,0.007042253521126751,0.0031330105383080564,-0.009311512415349887,-0.01909770274010536,0.0027754648903692836
2023-07-14,14.01,13.24,22.52,8.47,35.16,-0.0014255167498218313,-0.004511278195488799,-0.010109890109890163,-0.010514018691588745,-0.0017035775127769437,True,True,True,True,False,0.005014326647564404,0.004316546762589857,-0.02524544179523136,0.010630758327427436,0.020721412125863425,-0.006102212051868783,-0.009070294784580546,0.0007564296520423675,0.0075287865367583695,-0.0070360598065083435,-0.012163336229365829,-0.009892473118279566,0.01904761904761898,-0.003558718861209842,-0.02430555555555569,0.006993006993007089,0.0,0.0031330105383080564,-0.009311512415349887,-0.01909770274010536
2023-07-17,14.08,13.4,22.83,8.56,34.47,0.0049964311206280865,0.012084592145015227,0.013765541740674792,0.010625737898465104,-0.019624573378839494,False,False,True,False,True,-0.0014255167498218313,0.005014326647564404,0.004316546762589857,-0.02524544179523136,-0.004511278195488799,0.020721412125863425,-0.006102212051868783,-0.009070294784580546,-0.010109890109890163,0.0075287865367583695,-0.0070360598065083435,-0.012163336229365829,-0.010514018691588745,0.01904761904761898,-0.003558718861209842,-0.02430555555555569,-0.0017035775127769437,0.0,0.0031330105383080564,-0.009311512415349887
2023-07-18,13.94,13.34,22.7,8.58,35.1,-0.009943181818181879,-0.004477611940298498,-0.00569426193604905,0.002336448598130758,0.018276762402088753,False,False,False,False,True,0.0049964311206280865,-0.0014255167498218313,0.005014326647564404,0.004316546762589857,0.012084592145015227,-0.004511278195488799,0.020721412125863425,-0.006102212051868783,0.013765541740674792,-0.010109890109890163,0.0075287865367583695,-0.0070360598065083435,0.010625737898465104,-0.010514018691588745,0.01904761904761898,-0.003558718861209842,-0.019624573378839494,-0.0017035775127769437,0.0,0.0031330105383080564
2023-07-19,13.9,13.31,22.52,8.53,37.02,-0.0028694404591104172,-0.002248875562218866,-0.007929515418502175,-0.005827505827505908,0.05470085470085473,True,True,True,True,True,-0.009943181818181879,0.0049964311206280865,-0.0014255167498218313,0.005014326647564404,-0.004477611940298498,0.012084592145015227,-0.004511278195488799,0.020721412125863425,-0.00569426193604905,0.013765541740674792,-0.010109890109890163,0.0075287865367583695,0.002336448598130758,0.010625737898465104,-0.010514018691588745,0.01904761904761898,0.018276762402088753,-0.019624573378839494,-0.0017035775127769437,0.0
2023-07-20,14.18,13.39,22.86,8.59,37.27,0.020143884892086295,0.006010518407212562,0.015097690941385356,0.00703399765533419,0.006753106428957212,True,True,True,True,True,-0.0028694404591104172,-0.009943181818181879,0.0049964311206280865,-0.0014255167498218313,-0.002248875562218866,-0.004477611940298498,0.012084592145015227,-0.004511278195488799,-0.007929515418502175,-0.00569426193604905,0.013765541740674792,-0.010109890109890163,-0.005827505827505908,0.002336448598130758,0.010625737898465104,-0.010514018691588745,0.05470085470085473,0.018276762402088753,-0.019624573378839494,-0.0017035775127769437
2023-07-21,14.54,13.77,23.08,8.67,37.98,0.02538787023977429,0.028379387602688544,0.00962379702537186,0.0093131548311991,0.019050174403004938,False,False,False,False,True,0.020143884892086295,-0.0028694404591104172,-0.009943181818181879,0.0049964311206280865,0.006010518407212562,-0.002248875562218866,-0.004477611940298498,0.012084592145015227,0.015097690941385356,-0.007929515418502175,-0.00569426193604905,0.013765541740674792,0.00703399765533419,-0.005827505827505908,0.002336448598130758,0.010625737898465104,0.006753106428957212,0.05470085470085473,0.018276762402088753,-0.019624573378839494
2023-07-24,14.37,13.53,22.89,8.62,40.72,-0.011691884456671242,-0.017429193899782147,-0.008232235701906343,-0.005767012687427964,0.07214323328067418,False,False,True,True,False,0.02538787023977429,0.020143884892086295,-0.0028694404591104172,-0.009943181818181879,0.028379387602688544,0.006010518407212562,-0.002248875562218866,-0.004477611940298498,0.00962379702537186,0.015097690941385356,-0.007929515418502175,-0.00569426193604905,0.0093131548311991,0.00703399765533419,-0.005827505827505908,0.002336448598130758,0.019050174403004938,0.006753106428957212,0.05470085470085473,0.018276762402088753
2023-07-25,14.28,13.46,22.9,8.78,39.7,-0.006263048016701411,-0.005173688100517215,0.00043687199650488395,0.018561484918793614,-0.025049115913555853,False,True,False,True,False,-0.011691884456671242,0.02538787023977429,0.020143884892086295,-0.0028694404591104172,-0.017429193899782147,0.028379387602688544,0.006010518407212562,-0.002248875562218866,-0.008232235701906343,0.00962379702537186,0.015097690941385356,-0.007929515418502175,-0.005767012687427964,0.0093131548311991,0.00703399765533419,-0.005827505827505908,0.07214323328067418,0.019050174403004938,0.006753106428957212,0.05470085470085473
2023-07-26,14.24,13.57,22.92,8.73,39.68,-0.0028011204481792618,0.008172362555720625,0.0008733624454149158,-0.005694760820045386,-0.0005037783375315685,False,False,False,False,False,-0.006263048016701411,-0.011691884456671242,0.02538787023977429,0.020143884892086295,-0.005173688100517215,-0.017429193899782147,0.028379387602688544,0.006010518407212562,0.00043687199650488395,-0.008232235701906343,0.00962379702537186,0.015097690941385356,0.018561484918793614,-0.005767012687427964,0.0093131548311991,0.00703399765533419,-0.025049115913555853,0.07214323328067418,0.019050174403004938,0.006753106428957212
2023-07-27,13.97,13.27,22.63,8.63,39.55,-0.018960674157303292,-0.022107590272660294,-0.012652705061082181,-0.01145475372279492,-0.0032762096774193727,True,True,True,True,False,-0.0028011204481792618,-0.006263048016701411,-0.011691884456671242,0.02538787023977429,0.008172362555720625,-0.005173688100517215,-0.017429193899782147,0.028379387602688544,0.0008733624454149158,0.00043687199650488395,-0.008232235701906343,0.00962379702537186,-0.005694760820045386,0.018561484918793614,-0.005767012687427964,0.0093131548311991,-0.0005037783375315685,-0.025049115913555853,0.07214323328067418,0.019050174403004938
2023-07-28,14.22,13.45,22.74,8.71,39.52,0.017895490336435227,0.0135644310474754,0.004860804242156513,0.009269988412514474,-0.0007585335018961414,False,True,False,True,False,-0.018960674157303292,-0.0028011204481792618,-0.006263048016701411,-0.011691884456671242,-0.022107590272660294,0.008172362555720625,-0.005173688100517215,-0.017429193899782147,-0.012652705061082181,0.0008733624454149158,0.00043687199650488395,-0.008232235701906343,-0.01145475372279492,-0.005694760820045386,0.018561484918793614,-0.005767012687427964,-0.0032762096774193727,-0.0005037783375315685,-0.025049115913555853,0.07214323328067418
2023-07-31,14.12,13.54,22.75,8.65,39.13,-0.007032348804500765,0.006691449814126393,0.0004397537379068339,-0.006888633754305484,-0.009868421052631637,True,False,False,False,False,0.017895490336435227,-0.018960674157303292,-0.0028011204481792618,-0.006263048016701411,0.0135644310474754,-0.022107590272660294,0.008172362555720625,-0.005173688100517215,0.004860804242156513,-0.012652705061082181,0.0008733624454149158,0.00043687199650488395,0.009269988412514474,-0.01145475372279492,-0.005694760820045386,0.018561484918793614,-0.0007585335018961414,-0.0032762096774193727,-0.0005037783375315685,-0.025049115913555853
2023-08-01,14.23,13.5,22.74,8.65,39.07,0.007790368271954673,-0.002954209748892156,-0.0004395604395605046,0.0,-0.001533350370559683,True,True,True,True,True,-0.007032348804500765,0.017895490336435227,-0.018960674157303292,-0.0028011204481792618,0.006691449814126393,0.0135644310474754,-0.022107590272660294,0.008172362555720625,0.0004397537379068339,0.004860804242156513,-0.012652705061082181,0.0008733624454149158,-0.006888633754305484,0.009269988412514474,-0.01145475372279492,-0.005694760820045386,-0.009868421052631637,-0.0007585335018961414,-0.0032762096774193727,-0.0005037783375315685
2023-08-02,14.3,13.53,22.78,8.72,39.24,0.004919184820801226,0.0022222222222221255,0.0017590149516271136,0.008092485549132888,0.0043511645764013895,False,False,False,False,True,0.007790368271954673,-0.007032348804500765,0.017895490336435227,-0.018960674157303292,-0.002954209748892156,0.006691449814126393,0.0135644310474754,-0.022107590272660294,-0.0004395604395605046,0.0004397537379068339,0.004860804242156513,-0.012652705061082181,0.0,-0.006888633754305484,0.009269988412514474,-0.01145475372279492,-0.001533350370559683,-0.009868421052631637,-0.0007585335018961414,-0.0032762096774193727
2023-08-03,13.9,13.39,22.58,8.67,39.63,-0.027972027972028024,-0.010347376201034653,-0.008779631255487419,-0.005733944954128489,0.009938837920489219,True,False,False,False,True,0.004919184820801226,0.007790368271954673,-0.007032348804500765,0.017895490336435227,0.0022222222222221255,-0.002954209748892156,0.006691449814126393,0.0135644310474754,0.0017590149516271136,-0.0004395604395605046,0.0004397537379068339,0.004860804242156513,0.008092485549132888,0.0,-0.006888633754305484,0.009269988412514474,0.0043511645764013895,-0.001533350370559683,-0.009868421052631637,-0.0007585335018961414
2023-08-04,13.98,12.76,22.4,8.59,40.04,0.0057553956834532904,-0.04705003734129953,-0.00797165633303809,-0.009227220299884653,0.010345697703759704,False,False,True,False,True,-0.027972027972028024,0.004919184820801226,0.007790368271954673,-0.007032348804500765,-0.010347376201034653,0.0022222222222221255,-0.002954209748892156,0.006691449814126393,-0.008779631255487419,0.0017590149516271136,-0.0004395604395605046,0.0004397537379068339,-0.005733944954128489,0.008092485549132888,0.0,-0.006888633754305484,0.009938837920489219,0.0043511645764013895,-0.001533350370559683,-0.009868421052631637
2023-08-07,13.95,12.67,22.36,8.65,40.12,-0.0021459227467811592,-0.007053291536050166,-0.0017857142857142794,0.006984866123399325,0.0019980019980019303,False,False,False,False,False,0.0057553956834532904,-0.027972027972028024,0.004919184820801226,0.007790368271954673,-0.04705003734129953,-0.010347376201034653,0.0022222222222221255,-0.002954209748892156,-0.00797165633303809,-0.008779631255487419,0.0017590149516271136,-0.0004395604395605046,-0.009227220299884653,-0.005733944954128489,0.008092485549132888,0.0,0.010345697703759704,0.009938837920489219,0.0043511645764013895,-0.001533350370559683
2023-08-08,13.78,12.63,22.15,8.54,39.86,-0.012186379928315394,-0.0031570639305444903,-0.00939177101967803,-0.012716763005780507,-0.006480558325024921,False,False,False,False,True,-0.0021459227467811592,0.0057553956834532904,-0.027972027972028024,0.004919184820801226,-0.007053291536050166,-0.04705003734129953,-0.010347376201034653,0.0022222222222221255,-0.0017857142857142794,-0.00797165633303809,-0.008779631255487419,0.0017590149516271136,0.006984866123399325,-0.009227220299884653,-0.005733944954128489,0.008092485549132888,0.0019980019980019303,0.010345697703759704,0.009938837920489219,0.0043511645764013895
2023-08-09,13.67,12.54,21.95,8.46,39.97,-0.007982583454281489,-0.0071258907363421775,-0.009029345372460473,-0.009367681498828828,0.0027596588058202975,False,True,False,False,False,-0.012186379928315394,-0.0021459227467811592,0.0057553956834532904,-0.027972027972028024,-0.0031570639305444903,-0.007053291536050166,-0.04705003734129953,-0.010347376201034653,-0.00939177101967803,-0.0017857142857142794,-0.00797165633303809,-0.008779631255487419,-0.012716763005780507,0.006984866123399325,-0.009227220299884653,-0.005733944954128489,-0.006480558325024921,0.0019980019980019303,0.010345697703759704,0.009938837920489219
2023-08-10,13.66,12.67,21.94,8.4,39.45,-0.000731528895391298,0.010366826156299913,-0.0004555808656035998,-0.007092198581560294,-0.013009757317988369,False,False,True,False,False,-0.007982583454281489,-0.012186379928315394,-0.0021459227467811592,0.0057553956834532904,-0.0071258907363421775,-0.0031570639305444903,-0.007053291536050166,-0.04705003734129953,-0.009029345372460473,-0.00939177101967803,-0.0017857142857142794,-0.00797165633303809,-0.009367681498828828,-0.012716763005780507,0.006984866123399325,-0.009227220299884653,0.0027596588058202975,-0.006480558325024921,0.0019980019980019303,0.010345697703759704
2023-08-11,13.65,12.61,21.82,8.44,39.01,-0.0007320644216690653,-0.0047355958958169575,-0.005469462169553352,0.004761904761904745,-0.011153358681875947,False,False,False,False,False,-0.000731528895391298,-0.007982583454281489,-0.012186379928315394,-0.0021459227467811592,0.010366826156299913,-0.0071258907363421775,-0.0031570639305444903,-0.007053291536050166,-0.0004555808656035998,-0.009029345372460473,-0.00939177101967803,-0.0017857142857142794,-0.007092198581560294,-0.009367681498828828,-0.012716763005780507,0.006984866123399325,-0.013009757317988369,0.0027596588058202975,-0.006480558325024921,0.0019980019980019303
2023-08-14,13.62,12.6,21.62,8.44,38.53,-0.002197802197802301,-0.0007930214115781098,-0.009165902841429818,0.0,-0.012304537298128637,False,False,False,False,True,-0.0007320644216690653,-0.000731528895391298,-0.007982583454281489,-0.012186379928315394,-0.0047355958958169575,0.010366826156299913,-0.0071258907363421775,-0.0031570639305444903,-0.005469462169553352,-0.0004555808656035998,-0.009029345372460473,-0.00939177101967803,0.004761904761904745,-0.007092198581560294,-0.009367681498828828,-0.012716763005780507,-0.011153358681875947,-0.013009757317988369,0.0027596588058202975,-0.006480558325024921
2023-08-15,13.49,12.53,21.59,8.41,38.57,-0.009544787077826689,-0.005555555555555536,-0.0013876040703053594,-0.0035545023696681444,0.0010381520892810414,False,False,True,False,False,-0.002197802197802301,-0.0007320644216690653,-0.000731528895391298,-0.007982583454281489,-0.0007930214115781098,-0.0047355958958169575,0.010366826156299913,-0.0071258907363421775,-0.009165902841429818,-0.005469462169553352,-0.0004555808656035998,-0.009029345372460473,0.0,0.004761904761904745,-0.007092198581560294,-0.009367681498828828,-0.012304537298128637,-0.011153358681875947,-0.013009757317988369,0.0027596588058202975
2023-08-16,13.48,12.34,21.48,8.42,36.87,-0.000741289844329085,-0.015163607342378205,-0.005094951366373279,0.0011890606420927874,-0.04407570650764847,True,False,False,False,False,-0.009544787077826689,-0.002197802197802301,-0.0007320644216690653,-0.000731528895391298,-0.005555555555555536,-0.0007930214115781098,-0.0047355958958169575,0.010366826156299913,-0.0013876040703053594,-0.009165902841429818,-0.005469462169553352,-0.0004555808656035998,-0.0035545023696681444,0.0,0.004761904761904745,-0.007092198581560294,0.0010381520892810414,-0.012304537298128637,-0.011153358681875947,-0.013009757317988369
2023-08-17,13.51,12.12,21.41,8.31,36.18,0.002225519287833766,-0.017828200972447417,-0.0032588454376164533,-0.013064133016627011,-0.018714401952807047,True,True,False,True,False,-0.000741289844329085,-0.009544787077826689,-0.002197802197802301,-0.0007320644216690653,-0.015163607342378205,-0.005555555555555536,-0.0007930214115781098,-0.0047355958958169575,-0.005094951366373279,-0.0013876040703053594,-0.009165902841429818,-0.005469462169553352,0.0011890606420927874,-0.0035545023696681444,0.0,0.004761904761904745,-0.04407570650764847,0.0010381520892810414,-0.012304537298128637,-0.011153358681875947
2023-08-18,13.65,12.22,21.54,8.28,35.54,0.010362694300518172,0.008250825082508406,0.006071929005137644,-0.00361010830324926,-0.017689331122166974,False,False,False,False,False,0.002225519287833766,-0.000741289844329085,-0.009544787077826689,-0.002197802197802301,-0.017828200972447417,-0.015163607342378205,-0.005555555555555536,-0.0007930214115781098,-0.0032588454376164533,-0.005094951366373279,-0.0013876040703053594,-0.009165902841429818,-0.013064133016627011,0.0011890606420927874,-0.0035545023696681444,0.0,-0.018714401952807047,-0.04407570650764847,0.0010381520892810414,-0.012304537298128637
2023-08-21,13.6,12.15,21.27,8.23,35.33,-0.003663003663003761,-0.005728314238952592,-0.012534818941504211,-0.006038647342995085,-0.005908835115362998,True,True,True,True,True,0.010362694300518172,0.002225519287833766,-0.000741289844329085,-0.009544787077826689,0.008250825082508406,-0.017828200972447417,-0.015163607342378205,-0.005555555555555536,0.006071929005137644,-0.0032588454376164533,-0.005094951366373279,-0.0013876040703053594,-0.00361010830324926,-0.013064133016627011,0.0011890606420927874,-0.0035545023696681444,-0.017689331122166974,-0.018714401952807047,-0.04407570650764847,0.0010381520892810414
2023-08-22,13.7,12.23,21.64,8.31,35.75,0.007352941176470562,0.006584362139917754,0.0173953925716972,0.009720534629404698,0.011887913954146567,True,True,True,True,False,-0.003663003663003761,0.010362694300518172,0.002225519287833766,-0.000741289844329085,-0.005728314238952592,0.008250825082508406,-0.017828200972447417,-0.015163607342378205,-0.012534818941504211,0.006071929005137644,-0.0032588454376164533,-0.005094951366373279,-0.006038647342995085,-0.00361010830324926,-0.013064133016627011,0.0011890606420927874,-0.005908835115362998,-0.017689331122166974,-0.018714401952807047,-0.04407570650764847
2023-08-23,13.73,12.37,21.82,8.44,35.73,0.0021897810218978186,0.011447260834014594,0.008317929759704246,0.015643802647412608,-0.0005594405594406826,False,False,False,False,False,0.007352941176470562,-0.003663003663003761,0.010362694300518172,0.002225519287833766,0.006584362139917754,-0.005728314238952592,0.008250825082508406,-0.017828200972447417,0.0173953925716972,-0.012534818941504211,0.006071929005137644,-0.0032588454376164533,0.009720534629404698,-0.006038647342995085,-0.00361010830324926,-0.013064133016627011,0.011887913954146567,-0.005908835115362998,-0.017689331122166974,-0.018714401952807047
2023-08-24,13.49,12.13,21.52,8.39,35.27,-0.017479970866715266,-0.019401778496362043,-0.013748854262144894,-0.005924170616113611,-0.012874335292471173,False,False,False,False,True,0.0021897810218978186,0.007352941176470562,-0.003663003663003761,0.010362694300518172,0.011447260834014594,0.006584362139917754,-0.005728314238952592,0.008250825082508406,0.008317929759704246,0.0173953925716972,-0.012534818941504211,0.006071929005137644,0.015643802647412608,0.009720534629404698,-0.006038647342995085,-0.00361010830324926,-0.0005594405594406826,0.011887913954146567,-0.005908835115362998,-0.017689331122166974
2023-08-25,13.3,12.06,21.33,8.32,35.64,-0.014084507042253502,-0.00577081615828523,-0.008828996282527979,-0.008343265792610244,0.010490501842925992,True,True,True,True,True,-0.017479970866715266,0.0021897810218978186,0.007352941176470562,-0.003663003663003761,-0.019401778496362043,0.011447260834014594,0.006584362139917754,-0.005728314238952592,-0.013748854262144894,0.008317929759704246,0.0173953925716972,-0.012534818941504211,-0.005924170616113611,0.015643802647412608,0.009720534629404698,-0.006038647342995085,-0.012874335292471173,-0.0005594405594406826,0.011887913954146567,-0.005908835115362998
2023-08-28,13.5,12.3,21.82,8.43,35.9,0.015037593984962294,0.01990049751243772,0.02297233942803567,0.013221153846153744,0.00729517396184054,True,True,True,True,False,-0.014084507042253502,-0.017479970866715266,0.0021897810218978186,0.007352941176470562,-0.00577081615828523,-0.019401778496362043,0.011447260834014594,0.006584362139917754,-0.008828996282527979,-0.013748854262144894,0.008317929759704246,0.0173953925716972,-0.008343265792610244,-0.005924170616113611,0.015643802647412608,0.009720534629404698,0.010490501842925992,-0.012874335292471173,-0.0005594405594406826,0.011887913954146567
2023-08-29,13.55,12.4,22.04,8.46,35.77,0.0037037037037037646,0.008130081300812941,0.010082493125572745,0.003558718861210064,-0.0036211699164344635,False,False,False,False,False,0.015037593984962294,-0.014084507042253502,-0.017479970866715266,0.0021897810218978186,0.01990049751243772,-0.00577081615828523,-0.019401778496362043,0.011447260834014594,0.02297233942803567,-0.008828996282527979,-0.013748854262144894,0.008317929759704246,0.013221153846153744,-0.008343265792610244,-0.005924170616113611,0.015643802647412608,0.00729517396184054,0.010490501842925992,-0.012874335292471173,-0.0005594405594406826
2023-08-30,13.48,12.23,21.7,8.34,35.58,-0.005166051660516646,-0.013709677419354804,-0.015426497277676976,-0.014184397163120699,-0.005311713726586675,False,False,False,False,False,0.0037037037037037646,0.015037593984962294,-0.014084507042253502,-0.017479970866715266,0.008130081300812941,0.01990049751243772,-0.00577081615828523,-0.019401778496362043,0.010082493125572745,0.02297233942803567,-0.008828996282527979,-0.013748854262144894,0.003558718861210064,0.013221153846153744,-0.008343265792610244,-0.005924170616113611,-0.0036211699164344635,0.00729517396184054,0.010490501842925992,-0.012874335292471173
2023-08-31,13.15,12.09,21.44,8.25,35.17,-0.02448071216617209,-0.011447260834014816,-0.011981566820276401,-0.010791366906474753,-0.011523327712197773,True,False,True,True,True,-0.005166051660516646,0.0037037037037037646,0.015037593984962294,-0.014084507042253502,-0.013709677419354804,0.008130081300812941,0.01990049751243772,-0.00577081615828523,-0.015426497277676976,0.010082493125572745,0.02297233942803567,-0.008828996282527979,-0.014184397163120699,0.003558718861210064,0.013221153846153744,-0.008343265792610244,-0.005311713726586675,-0.0036211699164344635,0.00729517396184054,0.010490501842925992
2023-09-01,13.18,12.06,21.53,8.34,35.24,0.0022813688212928174,-0.002481389578163684,0.004197761194029814,0.01090909090909098,0.0019903326698891277,True,True,True,True,True,-0.02448071216617209,-0.005166051660516646,0.0037037037037037646,0.015037593984962294,-0.011447260834014816,-0.013709677419354804,0.008130081300812941,0.01990049751243772,-0.011981566820276401,-0.015426497277676976,0.010082493125572745,0.02297233942803567,-0.010791366906474753,-0.014184397163120699,0.003558718861210064,0.013221153846153744,-0.011523327712197773,-0.005311713726586675,-0.0036211699164344635,0.00729517396184054
2023-09-02,13.87,13.25,23.37,9.44,35.94,0.052352048558421904,0.09867330016583753,0.08546214584300982,0.1318944844124701,0.019863791146424337,False,False,False,False,False,0.0022813688212928174,-0.02448071216617209,-0.005166051660516646,0.0037037037037037646,-0.002481389578163684,-0.011447260834014816,-0.013709677419354804,0.008130081300812941,0.004197761194029814,-0.011981566820276401,-0.015426497277676976,0.010082493125572745,0.01090909090909098,-0.010791366906474753,-0.014184397163120699,0.003558718861210064,0.0019903326698891277,-0.011523327712197773,-0.005311713726586675,-0.0036211699164344635
2023-09-04,13.17,12.01,21.52,8.26,35.42,-0.050468637346791634,-0.09358490566037736,-0.07916131792896886,-0.125,-0.014468558708959245,True,False,False,False,False,0.052352048558421904,0.0022813688212928174,-0.02448071216617209,-0.005166051660516646,0.09867330016583753,-0.002481389578163684,-0.011447260834014816,-0.013709677419354804,0.08546214584300982,0.004197761194029814,-0.011981566820276401,-0.015426497277676976,0.1318944844124701,0.01090909090909098,-0.010791366906474753,-0.014184397163120699,0.019863791146424337,0.0019903326698891277,-0.011523327712197773,-0.005311713726586675
2023-09-05,13.31,11.87,21.12,8.17,35.2,0.010630220197418438,-0.011656952539550458,-0.018587360594795488,-0.010895883777239712,-0.006211180124223614,False,False,False,False,False,-0.050468637346791634,0.052352048558421904,0.0022813688212928174,-0.02448071216617209,-0.09358490566037736,0.09867330016583753,-0.002481389578163684,-0.011447260834014816,-0.07916131792896886,0.08546214584300982,0.004197761194029814,-0.011981566820276401,-0.125,0.1318944844124701,0.01090909090909098,-0.010791366906474753,-0.014468558708959245,0.019863791146424337,0.0019903326698891277,-0.011523327712197773
2023-09-06,13.29,11.7,20.99,8.04,34.85,-0.0015026296018032514,-0.01432181971356361,-0.006155303030303205,-0.01591187270501848,-0.009943181818181879,False,False,False,True,False,0.010630220197418438,-0.050468637346791634,0.052352048558421904,0.0022813688212928174,-0.011656952539550458,-0.09358490566037736,0.09867330016583753,-0.002481389578163684,-0.018587360594795488,-0.07916131792896886,0.08546214584300982,0.004197761194029814,-0.010895883777239712,-0.125,0.1318944844124701,0.01090909090909098,-0.006211180124223614,-0.014468558708959245,0.019863791146424337,0.0019903326698891277
2023-09-08,13.02,11.7,21.03,8.0,34.7,-0.020316027088036037,0.0,0.0019056693663650481,-0.004975124378109319,-0.004304160688665681,True,True,True,True,True,-0.0015026296018032514,0.010630220197418438,-0.050468637346791634,0.052352048558421904,-0.01432181971356361,-0.011656952539550458,-0.09358490566037736,0.09867330016583753,-0.006155303030303205,-0.018587360594795488,-0.07916131792896886,0.08546214584300982,-0.01591187270501848,-0.010895883777239712,-0.125,0.1318944844124701,-0.009943181818181879,-0.006211180124223614,-0.014468558708959245,0.019863791146424337
2023-09-09,13.71,12.8,22.85,9.11,35.45,0.05299539170506917,0.09401709401709413,0.08654303376129335,0.13874999999999993,0.021613832853025983,False,False,False,False,False,-0.020316027088036037,-0.0015026296018032514,0.010630220197418438,-0.050468637346791634,0.0,-0.01432181971356361,-0.011656952539550458,-0.09358490566037736,0.0019056693663650481,-0.006155303030303205,-0.018587360594795488,-0.07916131792896886,-0.004975124378109319,-0.01591187270501848,-0.010895883777239712,-0.125,-0.004304160688665681,-0.009943181818181879,-0.006211180124223614,-0.014468558708959245
2023-09-11,13.18,11.87,21.34,8.17,34.58,-0.03865791393143703,-0.07265625000000009,-0.06608315098468276,-0.10318331503841927,-0.024541607898448614,False,True,True,True,True,0.05299539170506917,-0.020316027088036037,-0.0015026296018032514,0.010630220197418438,0.09401709401709413,0.0,-0.01432181971356361,-0.011656952539550458,0.08654303376129335,0.0019056693663650481,-0.006155303030303205,-0.018587360594795488,0.13874999999999993,-0.004975124378109319,-0.01591187270501848,-0.010895883777239712,0.021613832853025983,-0.004304160688665681,-0.009943181818181879,-0.006211180124223614
2023-09-12,13.03,11.99,21.49,8.23,34.95,-0.011380880121396042,0.010109519797809607,0.007029053420805953,0.007343941248470154,0.010699826489300346,False,True,True,True,True,-0.03865791393143703,0.05299539170506917,-0.020316027088036037,-0.0015026296018032514,-0.07265625000000009,0.09401709401709413,0.0,-0.01432181971356361,-0.06608315098468276,0.08654303376129335,0.0019056693663650481,-0.006155303030303205,-0.10318331503841927,0.13874999999999993,-0.004975124378109319,-0.01591187270501848,-0.024541607898448614,0.021613832853025983,-0.004304160688665681,-0.009943181818181879
2023-09-13,12.96,12.02,21.68,8.28,36.2,-0.005372217958557024,0.002502085070892335,0.008841321544904579,0.006075334143377686,0.03576537911301858,False,True,True,False,False,-0.011380880121396042,-0.03865791393143703,0.05299539170506917,-0.020316027088036037,0.010109519797809607,-0.07265625000000009,0.09401709401709413,0.0,0.007029053420805953,-0.06608315098468276,0.08654303376129335,0.0019056693663650481,0.007343941248470154,-0.10318331503841927,0.13874999999999993,-0.004975124378109319,0.010699826489300346,-0.024541607898448614,0.021613832853025983,-0.004304160688665681
2023-09-14,12.86,12.07,21.68,8.29,35.37,-0.007716049382716195,0.004159733777038266,0.0,0.0012077294685990392,-0.022928176795580235,False,False,False,True,True,-0.005372217958557024,-0.011380880121396042,-0.03865791393143703,0.05299539170506917,0.002502085070892335,0.010109519797809607,-0.07265625000000009,0.09401709401709413,0.008841321544904579,0.007029053420805953,-0.06608315098468276,0.08654303376129335,0.006075334143377686,0.007343941248470154,-0.10318331503841927,0.13874999999999993,0.03576537911301858,0.010699826489300346,-0.024541607898448614,0.021613832853025983
2023-09-15,12.75,12.0,21.74,8.28,35.39,-0.008553654743390315,-0.0057995028997515075,0.002767527675276771,-0.0012062726176115257,0.0005654509471304525,False,True,True,True,False,-0.007716049382716195,-0.005372217958557024,-0.011380880121396042,-0.03865791393143703,0.004159733777038266,0.002502085070892335,0.010109519797809607,-0.07265625000000009,0.0,0.008841321544904579,0.007029053420805953,-0.06608315098468276,0.0012077294685990392,0.006075334143377686,0.007343941248470154,-0.10318331503841927,-0.022928176795580235,0.03576537911301858,0.010699826489300346,-0.024541607898448614
2023-09-18,12.72,12.02,21.76,8.29,35.08,-0.0023529411764705577,0.0016666666666667052,0.0009199632014720294,0.0012077294685990392,-0.00875953659225781,True,False,False,True,True,-0.008553654743390315,-0.007716049382716195,-0.005372217958557024,-0.011380880121396042,-0.0057995028997515075,0.004159733777038266,0.002502085070892335,0.010109519797809607,0.002767527675276771,0.0,0.008841321544904579,0.007029053420805953,-0.0012062726176115257,0.0012077294685990392,0.006075334143377686,0.007343941248470154,0.0005654509471304525,-0.022928176795580235,0.03576537911301858,0.010699826489300346
2023-09-19,12.76,11.92,21.82,8.27,35.27,0.0031446540880502027,-0.008319467554076532,0.0027573529411764053,-0.0024125452352231624,0.005416191562143791,True,True,True,True,False,-0.0023529411764705577,-0.008553654743390315,-0.007716049382716195,-0.005372217958557024,0.0016666666666667052,-0.0057995028997515075,0.004159733777038266,0.002502085070892335,0.0009199632014720294,0.002767527675276771,0.0,0.008841321544904579,0.0012077294685990392,-0.0012062726176115257,0.0012077294685990392,0.006075334143377686,-0.00875953659225781,0.0005654509471304525,-0.022928176795580235,0.03576537911301858
2023-09-20,12.8,11.94,22.02,8.33,35.08,0.0031347962382446415,0.001677852348993314,0.00916590284142993,0.007255139056832061,-0.005387014459881101,False,False,False,False,False,0.0031446540880502027,-0.0023529411764705577,-0.008553654743390315,-0.007716049382716195,-0.008319467554076532,0.0016666666666667052,-0.0057995028997515075,0.004159733777038266,0.0027573529411764053,0.0009199632014720294,0.002767527675276771,0.0,-0.0024125452352231624,0.0012077294685990392,-0.0012062726176115257,0.0012077294685990392,0.005416191562143791,-0.00875953659225781,0.0005654509471304525,-0.022928176795580235
2023-09-21,12.58,11.43,21.5,8.21,34.29,-0.017187500000000022,-0.042713567839196,-0.02361489554950047,-0.014405762304921854,-0.02251995438996579,False,True,False,False,False,0.0031347962382446415,0.0031446540880502027,-0.0023529411764705577,-0.008553654743390315,0.001677852348993314,-0.008319467554076532,0.0016666666666667052,-0.0057995028997515075,0.00916590284142993,0.0027573529411764053,0.0009199632014720294,0.002767527675276771,0.007255139056832061,-0.0024125452352231624,0.0012077294685990392,-0.0012062726176115257,-0.005387014459881101,0.005416191562143791,-0.00875953659225781,0.0005654509471304525
2023-09-22,12.47,11.44,21.3,8.1,33.91,-0.008744038155802825,0.0008748906386701893,-0.009302325581395321,-0.013398294762484886,-0.011081948089822213,True,False,True,True,True,-0.017187500000000022,0.0031347962382446415,0.0031446540880502027,-0.0023529411764705577,-0.042713567839196,0.001677852348993314,-0.008319467554076532,0.0016666666666667052,-0.02361489554950047,0.00916590284142993,0.0027573529411764053,0.0009199632014720294,-0.014405762304921854,0.007255139056832061,-0.0024125452352231624,0.0012077294685990392,-0.02251995438996579,-0.005387014459881101,0.005416191562143791,-0.00875953659225781
2023-09-25,12.56,11.38,21.39,8.16,35.48,0.0072173215717723505,-0.005244755244755095,0.004225352112676051,0.007407407407407529,0.04629902683574172,False,False,False,False,False,-0.008744038155802825,-0.017187500000000022,0.0031347962382446415,0.0031446540880502027,0.0008748906386701893,-0.042713567839196,0.001677852348993314,-0.008319467554076532,-0.009302325581395321,-0.02361489554950047,0.00916590284142993,0.0027573529411764053,-0.013398294762484886,-0.014405762304921854,0.007255139056832061,-0.0024125452352231624,-0.011081948089822213,-0.02251995438996579,-0.005387014459881101,0.005416191562143791
2023-09-26,12.39,11.22,21.12,8.04,35.43,-0.013535031847133783,-0.01405975395430581,-0.012622720897615736,-0.014705882352941346,-0.0014092446448702445,False,False,True,False,False,0.0072173215717723505,-0.008744038155802825,-0.017187500000000022,0.0031347962382446415,-0.005244755244755095,0.0008748906386701893,-0.042713567839196,0.001677852348993314,0.004225352112676051,-0.009302325581395321,-0.02361489554950047,0.00916590284142993,0.007407407407407529,-0.013398294762484886,-0.014405762304921854,0.007255139056832061,0.04629902683574172,-0.011081948089822213,-0.02251995438996579,-0.005387014459881101
2023-09-27,12.33,11.22,21.11,8.05,35.37,-0.004842615012106588,0.0,-0.00047348484848497296,0.0012437810945276073,-0.0016934801016088574,True,True,True,True,True,-0.013535031847133783,0.0072173215717723505,-0.008744038155802825,-0.017187500000000022,-0.01405975395430581,-0.005244755244755095,0.0008748906386701893,-0.042713567839196,-0.012622720897615736,0.004225352112676051,-0.009302325581395321,-0.02361489554950047,-0.014705882352941346,0.007407407407407529,-0.013398294762484886,-0.014405762304921854,-0.0014092446448702445,0.04629902683574172,-0.011081948089822213,-0.02251995438996579
2023-09-28,12.34,11.46,21.43,8.08,35.73,0.0008110300081103361,0.021390374331550888,0.015158692562766474,0.003726708074534013,0.010178117048346147,True,True,True,True,False,-0.004842615012106588,-0.013535031847133783,0.0072173215717723505,-0.008744038155802825,0.0,-0.01405975395430581,-0.005244755244755095,0.0008748906386701893,-0.00047348484848497296,-0.012622720897615736,0.004225352112676051,-0.009302325581395321,0.0012437810945276073,-0.014705882352941346,0.007407407407407529,-0.013398294762484886,-0.0016934801016088574,-0.0014092446448702445,0.04629902683574172,-0.011081948089822213
2023-09-29,12.46,11.57,21.47,8.15,35.61,0.009724473257698651,0.009598603839441555,0.0018665422305179646,0.008663366336633782,-0.0033585222502098278,False,False,False,False,False,0.0008110300081103361,-0.004842615012106588,-0.013535031847133783,0.0072173215717723505,0.021390374331550888,0.0,-0.01405975395430581,-0.005244755244755095,0.015158692562766474,-0.00047348484848497296,-0.012622720897615736,0.004225352112676051,0.003726708074534013,0.0012437810945276073,-0.014705882352941346,0.007407407407407529,0.010178117048346147,-0.0016934801016088574,-0.0014092446448702445,0.04629902683574172
2023-10-02,12.44,11.39,21.27,8.04,35.5,-0.0016051364365972098,-0.015557476231633505,-0.009315323707498768,-0.013496932515337567,-0.0030890199382196393,False,False,False,False,False,0.009724473257698651,0.0008110300081103361,-0.004842615012106588,-0.013535031847133783,0.009598603839441555,0.021390374331550888,0.0,-0.01405975395430581,0.0018665422305179646,0.015158692562766474,-0.00047348484848497296,-0.012622720897615736,0.008663366336633782,0.003726708074534013,0.0012437810945276073,-0.014705882352941346,-0.0033585222502098278,0.010178117048346147,-0.0016934801016088574,-0.0014092446448702445
2023-10-03,12.4,11.22,21.09,7.98,34.53,-0.003215434083601254,-0.014925373134328401,-0.008462623413258097,-0.007462686567163979,-0.027323943661971772,True,True,True,True,False,-0.0016051364365972098,0.009724473257698651,0.0008110300081103361,-0.004842615012106588,-0.015557476231633505,0.009598603839441555,0.021390374331550888,0.0,-0.009315323707498768,0.0018665422305179646,0.015158692562766474,-0.00047348484848497296,-0.013496932515337567,0.008663366336633782,0.003726708074534013,0.0012437810945276073,-0.0030890199382196393,-0.0033585222502098278,0.010178117048346147,-0.0016934801016088574
2023-10-04,12.55,11.54,21.46,8.03,34.52,0.012096774193548487,0.02852049910873422,0.01754385964912286,0.006265664160400863,-0.0002896032435563134,False,True,True,True,False,-0.003215434083601254,-0.0016051364365972098,0.009724473257698651,0.0008110300081103361,-0.014925373134328401,-0.015557476231633505,0.009598603839441555,0.021390374331550888,-0.008462623413258097,-0.009315323707498768,0.0018665422305179646,0.015158692562766474,-0.007462686567163979,-0.013496932515337567,0.008663366336633782,0.003726708074534013,-0.027323943661971772,-0.0030890199382196393,-0.0033585222502098278,0.010178117048346147
2023-10-05,12.25,11.56,21.77,8.08,34.35,-0.02390438247011961,0.0017331022530331364,0.014445479962721386,0.0062266500622665255,-0.004924681344148363,True,True,True,True,False,0.012096774193548487,-0.003215434083601254,-0.0016051364365972098,0.009724473257698651,0.02852049910873422,-0.014925373134328401,-0.015557476231633505,0.009598603839441555,0.01754385964912286,-0.008462623413258097,-0.009315323707498768,0.0018665422305179646,0.006265664160400863,-0.007462686567163979,-0.013496932515337567,0.008663366336633782,-0.0002896032435563134,-0.027323943661971772,-0.0030890199382196393,-0.0033585222502098278
2023-10-06,12.53,11.57,21.99,8.12,34.17,0.02285714285714291,0.0008650519031141446,0.010105649977032671,0.004950495049504955,-0.005240174672489051,False,False,False,False,True,-0.02390438247011961,0.012096774193548487,-0.003215434083601254,-0.0016051364365972098,0.0017331022530331364,0.02852049910873422,-0.014925373134328401,-0.015557476231633505,0.014445479962721386,0.01754385964912286,-0.008462623413258097,-0.009315323707498768,0.0062266500622665255,0.006265664160400863,-0.007462686567163979,-0.013496932515337567,-0.004924681344148363,-0.0002896032435563134,-0.027323943661971772,-0.0030890199382196393
2023-10-09,12.52,11.57,21.83,8.01,34.22,-0.0007980845969672856,0.0,-0.007276034561164213,-0.013546798029556606,0.0014632718759144403,True,True,True,True,True,0.02285714285714291,-0.02390438247011961,0.012096774193548487,-0.003215434083601254,0.0008650519031141446,0.0017331022530331364,0.02852049910873422,-0.014925373134328401,0.010105649977032671,0.014445479962721386,0.01754385964912286,-0.008462623413258097,0.004950495049504955,0.0062266500622665255,0.006265664160400863,-0.007462686567163979,-0.005240174672489051,-0.004924681344148363,-0.0002896032435563134,-0.027323943661971772
2023-10-10,12.59,11.66,21.91,8.14,34.66,0.005591054313099031,0.007778738115816752,0.003664681630783484,0.01622971285892638,0.012857977790765585,True,True,True,True,False,-0.0007980845969672856,0.02285714285714291,-0.02390438247011961,0.012096774193548487,0.0,0.0008650519031141446,0.0017331022530331364,0.02852049910873422,-0.007276034561164213,0.010105649977032671,0.014445479962721386,0.01754385964912286,-0.013546798029556606,0.004950495049504955,0.0062266500622665255,0.006265664160400863,0.0014632718759144403,-0.005240174672489051,-0.004924681344148363,-0.0002896032435563134
2023-10-11,12.63,11.77,22.09,8.21,34.53,0.003177124702144596,0.00943396226415083,0.008215426745778132,0.008599508599508532,-0.0037507212925561584,False,False,False,False,False,0.005591054313099031,-0.0007980845969672856,0.02285714285714291,-0.02390438247011961,0.007778738115816752,0.0,0.0008650519031141446,0.0017331022530331364,0.003664681630783484,-0.007276034561164213,0.010105649977032671,0.014445479962721386,0.01622971285892638,-0.013546798029556606,0.004950495049504955,0.0062266500622665255,0.012857977790765585,0.0014632718759144403,-0.005240174672489051,-0.004924681344148363
2023-10-13,12.34,11.6,22.02,8.12,33.91,-0.022961203483768844,-0.014443500424808797,-0.0031688546853779753,-0.010962241169305886,-0.01795540110049243,True,True,False,False,True,0.003177124702144596,0.005591054313099031,-0.0007980845969672856,0.02285714285714291,0.00943396226415083,0.007778738115816752,0.0,0.0008650519031141446,0.008215426745778132,0.003664681630783484,-0.007276034561164213,0.010105649977032671,0.008599508599508532,0.01622971285892638,-0.013546798029556606,0.004950495049504955,-0.0037507212925561584,0.012857977790765585,0.0014632718759144403,-0.005240174672489051
2023-10-16,12.36,11.73,21.94,8.11,34.02,0.0016207455429497752,0.011206896551724244,-0.0036330608537692433,-0.0012315270935960854,0.0032438808611030545,False,False,False,False,False,-0.022961203483768844,0.003177124702144596,0.005591054313099031,-0.0007980845969672856,-0.014443500424808797,0.00943396226415083,0.007778738115816752,0.0,-0.0031688546853779753,0.008215426745778132,0.003664681630783484,-0.007276034561164213,-0.010962241169305886,0.008599508599508532,0.01622971285892638,-0.013546798029556606,-0.01795540110049243,-0.0037507212925561584,0.012857977790765585,0.0014632718759144403
2023-10-17,12.16,11.6,21.71,7.93,33.66,-0.016181229773462702,-0.011082693947144118,-0.010483135824977174,-0.022194821208384674,-0.010582010582010803,False,False,True,False,True,0.0016207455429497752,-0.022961203483768844,0.003177124702144596,0.005591054313099031,0.011206896551724244,-0.014443500424808797,0.00943396226415083,0.007778738115816752,-0.0036330608537692433,-0.0031688546853779753,0.008215426745778132,0.003664681630783484,-0.0012315270935960854,-0.010962241169305886,0.008599508599508532,0.01622971285892638,0.0032438808611030545,-0.01795540110049243,-0.0037507212925561584,0.012857977790765585
2023-10-18,11.91,11.47,21.42,8.06,33.67,-0.02055921052631582,-0.011206896551724022,-0.013357899585444422,0.016393442622950838,0.0002970885323827499,False,True,False,True,False,-0.016181229773462702,0.0016207455429497752,-0.022961203483768844,0.003177124702144596,-0.011082693947144118,0.011206896551724244,-0.014443500424808797,0.00943396226415083,-0.010483135824977174,-0.0036330608537692433,-0.0031688546853779753,0.008215426745778132,-0.022194821208384674,-0.0012315270935960854,-0.010962241169305886,0.008599508599508532,-0.010582010582010803,0.0032438808611030545,-0.01795540110049243,-0.0037507212925561584
2023-10-19,11.9,11.54,21.58,8.0,33.33,-0.0008396305625524292,0.006102877070618851,0.007469654528477809,-0.007444168734491385,-0.010098010098010146,False,False,False,False,False,-0.02055921052631582,-0.016181229773462702,0.0016207455429497752,-0.022961203483768844,-0.011206896551724022,-0.011082693947144118,0.011206896551724244,-0.014443500424808797,-0.013357899585444422,-0.010483135824977174,-0.0036330608537692433,-0.0031688546853779753,0.016393442622950838,-0.022194821208384674,-0.0012315270935960854,-0.010962241169305886,0.0002970885323827499,-0.010582010582010803,0.0032438808611030545,-0.01795540110049243
2023-10-20,11.87,11.4,21.55,7.9,33.2,-0.0025210084033614466,-0.0121317157712304,-0.0013901760889711845,-0.012499999999999956,-0.003900390039003776,False,True,True,False,True,-0.0008396305625524292,-0.02055921052631582,-0.016181229773462702,0.0016207455429497752,0.006102877070618851,-0.011206896551724022,-0.011082693947144118,0.011206896551724244,0.007469654528477809,-0.013357899585444422,-0.010483135824977174,-0.0036330608537692433,-0.007444168734491385,0.016393442622950838,-0.022194821208384674,-0.0012315270935960854,-0.010098010098010146,0.0002970885323827499,-0.010582010582010803,0.0032438808611030545
2023-10-23,11.86,11.41,21.47,7.95,33.29,-0.0008424599831508006,0.0008771929824560321,-0.003712296983758745,0.006329113924050667,0.002710843373493921,True,True,True,False,True,-0.0025210084033614466,-0.0008396305625524292,-0.02055921052631582,-0.016181229773462702,-0.0121317157712304,0.006102877070618851,-0.011206896551724022,-0.011082693947144118,-0.0013901760889711845,0.007469654528477809,-0.013357899585444422,-0.010483135824977174,-0.012499999999999956,-0.007444168734491385,0.016393442622950838,-0.022194821208384674,-0.003900390039003776,-0.010098010098010146,0.0002970885323827499,-0.010582010582010803
2023-10-24,11.9,11.43,21.43,7.98,34.38,0.00337268128161905,0.0017528483786151128,-0.0018630647414997759,0.0037735849056603765,0.03274256533493558,False,False,False,False,False,-0.0008424599831508006,-0.0025210084033614466,-0.0008396305625524292,-0.02055921052631582,0.0008771929824560321,-0.0121317157712304,0.006102877070618851,-0.011206896551724022,-0.003712296983758745,-0.0013901760889711845,0.007469654528477809,-0.013357899585444422,0.006329113924050667,-0.012499999999999956,-0.007444168734491385,0.016393442622950838,0.002710843373493921,-0.003900390039003776,-0.010098010098010146,0.0002970885323827499
2023-10-25,11.82,11.36,21.38,7.94,30.9,-0.006722689075630228,-0.006124234470691214,-0.002333177788147456,-0.005012531328320802,-0.10122164048865634,True,True,True,True,True,0.00337268128161905,-0.0008424599831508006,-0.0025210084033614466,-0.0008396305625524292,0.0017528483786151128,0.0008771929824560321,-0.0121317157712304,0.006102877070618851,-0.0018630647414997759,-0.003712296983758745,-0.0013901760889711845,0.007469654528477809,0.0037735849056603765,0.006329113924050667,-0.012499999999999956,-0.007444168734491385,0.03274256533493558,0.002710843373493921,-0.003900390039003776,-0.010098010098010146
2023-10-26,12.0,11.63,21.9,8.08,32.07,0.015228426395939021,0.02376760563380298,0.024321796071094415,0.0176322418136019,0.03786407766990307,False,False,False,False,False,-0.006722689075630228,0.00337268128161905,-0.0008424599831508006,-0.0025210084033614466,-0.006124234470691214,0.0017528483786151128,0.0008771929824560321,-0.0121317157712304,-0.002333177788147456,-0.0018630647414997759,-0.003712296983758745,-0.0013901760889711845,-0.005012531328320802,0.0037735849056603765,0.006329113924050667,-0.012499999999999956,-0.10122164048865634,0.03274256533493558,0.002710843373493921,-0.003900390039003776
2023-10-27,11.68,11.43,21.64,7.92,31.06,-0.026666666666666727,-0.017196904557179815,-0.011872146118721338,-0.01980198019801982,-0.03149360773308396,True,False,False,False,True,0.015228426395939021,-0.006722689075630228,0.00337268128161905,-0.0008424599831508006,0.02376760563380298,-0.006124234470691214,0.0017528483786151128,0.0008771929824560321,0.024321796071094415,-0.002333177788147456,-0.0018630647414997759,-0.003712296983758745,0.0176322418136019,-0.005012531328320802,0.0037735849056603765,0.006329113924050667,0.03786407766990307,-0.10122164048865634,0.03274256533493558,0.002710843373493921
2023-10-30,11.75,11.34,21.5,7.84,31.71,0.0059931506849315586,-0.007874015748031482,-0.006469500924214389,-0.010101010101010055,0.02092723760463633,True,False,True,False,True,-0.026666666666666727,0.015228426395939021,-0.006722689075630228,0.00337268128161905,-0.017196904557179815,0.02376760563380298,-0.006124234470691214,0.0017528483786151128,-0.011872146118721338,0.024321796071094415,-0.002333177788147456,-0.0018630647414997759,-0.01980198019801982,0.0176322418136019,-0.005012531328320802,0.0037735849056603765,-0.03149360773308396,0.03786407766990307,-0.10122164048865634,0.03274256533493558
2023-10-31,12.22,11.25,21.17,7.86,32.41,0.040000000000000036,-0.007936507936507908,-0.015348837209302246,0.0025510204081633514,0.02207505518763786,True,True,True,True,True,0.0059931506849315586,-0.026666666666666727,0.015228426395939021,-0.006722689075630228,-0.007874015748031482,-0.017196904557179815,0.02376760563380298,-0.006124234470691214,-0.006469500924214389,-0.011872146118721338,0.024321796071094415,-0.002333177788147456,-0.010101010101010055,-0.01980198019801982,0.0176322418136019,-0.005012531328320802,0.02092723760463633,-0.03149360773308396,0.03786407766990307,-0.10122164048865634
2023-11-01,12.34,11.41,21.58,7.95,32.48,0.009819967266775809,0.014222222222222136,0.0193670288143597,0.011450381679389388,0.002159827213822796,True,True,True,True,True,0.040000000000000036,0.0059931506849315586,-0.026666666666666727,0.015228426395939021,-0.007936507936507908,-0.007874015748031482,-0.017196904557179815,0.02376760563380298,-0.015348837209302246,-0.006469500924214389,-0.011872146118721338,0.024321796071094415,0.0025510204081633514,-0.010101010101010055,-0.01980198019801982,0.0176322418136019,0.02207505518763786,0.02092723760463633,-0.03149360773308396,0.03786407766990307
2023-11-03,12.63,11.96,22.07,8.18,32.92,0.02350081037277163,0.048203330411919376,0.022706209453197568,0.028930817610062887,0.013546798029556717,True,True,True,True,False,0.009819967266775809,0.040000000000000036,0.0059931506849315586,-0.026666666666666727,0.014222222222222136,-0.007936507936507908,-0.007874015748031482,-0.017196904557179815,0.0193670288143597,-0.015348837209302246,-0.006469500924214389,-0.011872146118721338,0.011450381679389388,0.0025510204081633514,-0.010101010101010055,-0.01980198019801982,0.002159827213822796,0.02207505518763786,0.02092723760463633,-0.03149360773308396
2023-11-06,12.84,11.99,22.3,8.23,32.61,0.016627078384797933,0.0025083612040133207,0.010421386497508012,0.006112469437652868,-0.00941676792223578,True,True,True,True,False,0.02350081037277163,0.009819967266775809,0.040000000000000036,0.0059931506849315586,0.048203330411919376,0.014222222222222136,-0.007936507936507908,-0.007874015748031482,0.022706209453197568,0.0193670288143597,-0.015348837209302246,-0.006469500924214389,0.028930817610062887,0.011450381679389388,0.0025510204081633514,-0.010101010101010055,0.013546798029556717,0.002159827213822796,0.02207505518763786,0.02092723760463633
2023-11-07,12.9,12.24,22.89,8.37,32.11,0.004672897196261738,0.020850708924103456,0.026457399103138934,0.017010935601457833,-0.015332720024532343,False,True,True,True,False,0.016627078384797933,0.02350081037277163,0.009819967266775809,0.040000000000000036,0.0025083612040133207,0.048203330411919376,0.014222222222222136,-0.007936507936507908,0.010421386497508012,0.022706209453197568,0.0193670288143597,-0.015348837209302246,0.006112469437652868,0.028930817610062887,0.011450381679389388,0.0025510204081633514,-0.00941676792223578,0.013546798029556717,0.002159827213822796,0.02207505518763786
2023-11-08,12.87,12.32,23.05,8.43,31.86,-0.0023255813953488857,0.006535947712418277,0.006989951944080364,0.007168458781362075,-0.007785736530675824,False,True,True,True,False,0.004672897196261738,0.016627078384797933,0.02350081037277163,0.009819967266775809,0.020850708924103456,0.0025083612040133207,0.048203330411919376,0.014222222222222136,0.026457399103138934,0.010421386497508012,0.022706209453197568,0.0193670288143597,0.017010935601457833,0.006112469437652868,0.028930817610062887,0.011450381679389388,-0.015332720024532343,-0.00941676792223578,0.013546798029556717,0.002159827213822796
2023-11-09,12.74,12.36,23.14,8.44,31.82,-0.010101010101010055,0.0032467532467532756,0.0039045553145335976,0.0011862396204032066,-0.0012554927809165228,False,False,True,True,True,-0.0023255813953488857,0.004672897196261738,0.016627078384797933,0.02350081037277163,0.006535947712418277,0.020850708924103456,0.0025083612040133207,0.048203330411919376,0.006989951944080364,0.026457399103138934,0.010421386497508012,0.022706209453197568,0.007168458781362075,0.017010935601457833,0.006112469437652868,0.028930817610062887,-0.007785736530675824,-0.015332720024532343,-0.00941676792223578,0.013546798029556717
2023-11-10,12.69,12.2,23.34,8.51,32.57,-0.00392464678178972,-0.012944983818770184,0.008643042350907404,0.0082938388625593,0.023570081709616497,True,False,True,True,False,-0.010101010101010055,-0.0023255813953488857,0.004672897196261738,0.016627078384797933,0.0032467532467532756,0.006535947712418277,0.020850708924103456,0.0025083612040133207,0.0039045553145335976,0.006989951944080364,0.026457399103138934,0.010421386497508012,0.0011862396204032066,0.007168458781362075,0.017010935601457833,0.006112469437652868,-0.0012554927809165228,-0.007785736530675824,-0.015332720024532343,-0.00941676792223578
2023-11-13,12.76,12.02,23.36,8.55,32.13,0.005516154452324784,-0.014754098360655665,0.0008568980291345785,0.004700352526439522,-0.013509364445808969,True,True,True,True,True,-0.00392464678178972,-0.010101010101010055,-0.0023255813953488857,0.004672897196261738,-0.012944983818770184,0.0032467532467532756,0.006535947712418277,0.020850708924103456,0.008643042350907404,0.0039045553145335976,0.006989951944080364,0.026457399103138934,0.0082938388625593,0.0011862396204032066,0.007168458781362075,0.017010935601457833,0.023570081709616497,-0.0012554927809165228,-0.007785736530675824,-0.015332720024532343
2023-11-14,13.02,12.3,23.5,8.65,32.85,0.020376175548589393,0.02329450915141451,0.0059931506849315586,0.011695906432748426,0.022408963585434094,False,True,True,True,True,0.005516154452324784,-0.00392464678178972,-0.010101010101010055,-0.0023255813953488857,-0.014754098360655665,-0.012944983818770184,0.0032467532467532756,0.006535947712418277,0.0008568980291345785,0.008643042350907404,0.0039045553145335976,0.006989951944080364,0.004700352526439522,0.0082938388625593,0.0011862396204032066,0.007168458781362075,-0.013509364445808969,0.023570081709616497,-0.0012554927809165228,-0.007785736530675824
2023-11-16,12.99,12.64,23.84,8.94,32.87,-0.0023041474654377225,0.027642276422764178,0.014468085106382977,0.03352601156069346,0.0006088280060880802,False,False,False,True,False,0.020376175548589393,0.005516154452324784,-0.00392464678178972,-0.010101010101010055,0.02329450915141451,-0.014754098360655665,-0.012944983818770184,0.0032467532467532756,0.0059931506849315586,0.0008568980291345785,0.008643042350907404,0.0039045553145335976,0.011695906432748426,0.004700352526439522,0.0082938388625593,0.0011862396204032066,0.022408963585434094,-0.013509364445808969,0.023570081709616497,-0.0012554927809165228
2023-11-17,12.92,12.6,23.97,8.92,32.66,-0.005388760585065433,-0.0031645569620254443,0.005453020134228215,-0.0022371364653243075,-0.006388804380894508,False,False,True,True,True,-0.0023041474654377225,0.020376175548589393,0.005516154452324784,-0.00392464678178972,0.027642276422764178,0.02329450915141451,-0.014754098360655665,-0.012944983818770184,0.014468085106382977,0.0059931506849315586,0.0008568980291345785,0.008643042350907404,0.03352601156069346,0.011695906432748426,0.004700352526439522,0.0082938388625593,0.0006088280060880802,0.022408963585434094,-0.013509364445808969,0.023570081709616497
2023-11-20,12.92,12.59,24.06,8.96,32.87,0.0,-0.0007936507936507908,0.003754693366708306,0.004484304932735439,0.0064298836497245215,False,False,True,False,True,-0.005388760585065433,-0.0023041474654377225,0.020376175548589393,0.005516154452324784,-0.0031645569620254443,0.027642276422764178,0.02329450915141451,-0.014754098360655665,0.005453020134228215,0.014468085106382977,0.0059931506849315586,0.0008568980291345785,-0.0022371364653243075,0.03352601156069346,0.011695906432748426,0.004700352526439522,-0.006388804380894508,0.0006088280060880802,0.022408963585434094,-0.013509364445808969
2023-11-21,12.77,12.55,24.02,8.99,33.05,-0.011609907120743057,-0.003177124702144485,-0.0016625103906898753,0.0033482142857141906,0.005476118040766753,True,True,False,True,True,0.0,-0.005388760585065433,-0.0023041474654377225,0.020376175548589393,-0.0007936507936507908,-0.0031645569620254443,0.027642276422764178,0.02329450915141451,0.003754693366708306,0.005453020134228215,0.014468085106382977,0.0059931506849315586,0.004484304932735439,-0.0022371364653243075,0.03352601156069346,0.011695906432748426,0.0064298836497245215,-0.006388804380894508,0.0006088280060880802,0.022408963585434094
2023-11-22,12.9,12.78,24.24,8.9,33.48,0.01018010963195004,0.018326693227091573,0.00915903413821817,-0.010011123470522798,0.013010590015128498,False,True,True,True,False,-0.011609907120743057,0.0,-0.005388760585065433,-0.0023041474654377225,-0.003177124702144485,-0.0007936507936507908,-0.0031645569620254443,0.027642276422764178,-0.0016625103906898753,0.003754693366708306,0.005453020134228215,0.014468085106382977,0.0033482142857141906,0.004484304932735439,-0.0022371364653243075,0.03352601156069346,0.005476118040766753,0.0064298836497245215,-0.006388804380894508,0.0006088280060880802
2023-11-23,12.88,13.02,24.43,8.96,33.44,-0.0015503875968991832,0.018779342723004744,0.007838283828382808,0.006741573033707926,-0.0011947431302269385,False,True,False,False,False,0.01018010963195004,-0.011609907120743057,0.0,-0.005388760585065433,0.018326693227091573,-0.003177124702144485,-0.0007936507936507908,-0.0031645569620254443,0.00915903413821817,-0.0016625103906898753,0.003754693366708306,0.005453020134228215,-0.010011123470522798,0.0033482142857141906,0.004484304932735439,-0.0022371364653243075,0.013010590015128498,0.005476118040766753,0.0064298836497245215,-0.006388804380894508
2023-11-24,12.72,13.1,24.4,8.88,33.11,-0.012422360248447228,0.006144393241167334,-0.0012279983626688473,-0.008928571428571397,-0.009868421052631526,True,False,True,False,True,-0.0015503875968991832,0.01018010963195004,-0.011609907120743057,0.0,0.018779342723004744,0.018326693227091573,-0.003177124702144485,-0.0007936507936507908,0.007838283828382808,0.00915903413821817,-0.0016625103906898753,0.003754693366708306,0.006741573033707926,-0.010011123470522798,0.0033482142857141906,0.004484304932735439,-0.0011947431302269385,0.013010590015128498,0.005476118040766753,0.0064298836497245215
2023-11-27,12.91,12.98,24.39,8.94,33.52,0.014937106918238907,-0.009160305343511421,-0.0004098360655736544,0.006756756756756577,0.012382965871338136,True,True,True,True,True,-0.012422360248447228,-0.0015503875968991832,0.01018010963195004,-0.011609907120743057,0.006144393241167334,0.018779342723004744,0.018326693227091573,-0.003177124702144485,-0.0012279983626688473,0.007838283828382808,0.00915903413821817,-0.0016625103906898753,-0.008928571428571397,0.006741573033707926,-0.010011123470522798,0.0033482142857141906,-0.009868421052631526,-0.0011947431302269385,0.013010590015128498,0.005476118040766753
2023-11-28,12.97,13.05,24.47,9.01,33.75,0.004647560030983877,0.0053929121725733165,0.003280032800327959,0.007829977628635465,0.006861575178997548,False,False,False,True,False,0.014937106918238907,-0.012422360248447228,-0.0015503875968991832,0.01018010963195004,-0.009160305343511421,0.006144393241167334,0.018779342723004744,0.018326693227091573,-0.0004098360655736544,-0.0012279983626688473,0.007838283828382808,0.00915903413821817,0.006756756756756577,-0.008928571428571397,0.006741573033707926,-0.010011123470522798,0.012382965871338136,-0.009868421052631526,-0.0011947431302269385,0.013010590015128498
2023-11-29,12.64,12.97,24.7,8.99,33.51,-0.025443330763299965,-0.006130268199233679,0.009399264405394403,-0.00221975582685896,-0.007111111111111179,True,True,True,True,True,0.004647560030983877,0.014937106918238907,-0.012422360248447228,-0.0015503875968991832,0.0053929121725733165,-0.009160305343511421,0.006144393241167334,0.018779342723004744,0.003280032800327959,-0.0004098360655736544,-0.0012279983626688473,0.007838283828382808,0.007829977628635465,0.006756756756756577,-0.008928571428571397,0.006741573033707926,0.006861575178997548,0.012382965871338136,-0.009868421052631526,-0.0011947431302269385
2023-11-30,13.01,13.09,24.95,9.25,33.57,0.029272151898734222,0.009252120277563503,0.010121457489878471,0.028921023359288034,0.001790510295434311,True,True,False,True,True,-0.025443330763299965,0.004647560030983877,0.014937106918238907,-0.012422360248447228,-0.006130268199233679,0.0053929121725733165,-0.009160305343511421,0.006144393241167334,0.009399264405394403,0.003280032800327959,-0.0004098360655736544,-0.0012279983626688473,-0.00221975582685896,0.007829977628635465,0.006756756756756577,-0.008928571428571397,-0.007111111111111179,0.006861575178997548,0.012382965871338136,-0.009868421052631526
2023-12-01,13.38,13.17,25.17,9.23,34.15,0.028439661798616456,0.006111535523300127,0.008817635270541135,-0.00216216216216214,0.01727733095025319,False,True,True,True,False,0.029272151898734222,-0.025443330763299965,0.004647560030983877,0.014937106918238907,0.009252120277563503,-0.006130268199233679,0.0053929121725733165,-0.009160305343511421,0.010121457489878471,0.009399264405394403,0.003280032800327959,-0.0004098360655736544,0.028921023359288034,-0.00221975582685896,0.007829977628635465,0.006756756756756577,0.001790510295434311,-0.007111111111111179,0.006861575178997548,0.012382965871338136
2023-12-04,13.36,13.21,25.27,9.28,34.13,-0.001494768310911887,0.0030372057706911093,0.003972983710766709,0.005417118093174356,-0.0005856515373351412,True,True,True,True,True,0.028439661798616456,0.029272151898734222,-0.025443330763299965,0.004647560030983877,0.006111535523300127,0.009252120277563503,-0.006130268199233679,0.0053929121725733165,0.008817635270541135,0.010121457489878471,0.009399264405394403,0.003280032800327959,-0.00216216216216214,0.028921023359288034,-0.00221975582685896,0.007829977628635465,0.01727733095025319,0.001790510295434311,-0.007111111111111179,0.006861575178997548
2023-12-05,13.53,13.31,25.45,9.43,34.66,0.01272455089820368,0.007570022710068125,0.007123070834982093,0.0161637931034484,0.01552886024025768,False,False,False,False,True,-0.001494768310911887,0.028439661798616456,0.029272151898734222,-0.025443330763299965,0.0030372057706911093,0.006111535523300127,0.009252120277563503,-0.006130268199233679,0.003972983710766709,0.008817635270541135,0.010121457489878471,0.009399264405394403,0.005417118093174356,-0.00216216216216214,0.028921023359288034,-0.00221975582685896,-0.0005856515373351412,0.01727733095025319,0.001790510295434311,-0.007111111111111179
2023-12-06,13.3,13.14,25.05,9.18,34.75,-0.016999260901699786,-0.01277235161532686,-0.015717092337917404,-0.026511134676564185,0.00259665320253899,True,True,True,True,False,0.01272455089820368,-0.001494768310911887,0.028439661798616456,0.029272151898734222,0.007570022710068125,0.0030372057706911093,0.006111535523300127,0.009252120277563503,0.007123070834982093,0.003972983710766709,0.008817635270541135,0.010121457489878471,0.0161637931034484,0.005417118093174356,-0.00216216216216214,0.028921023359288034,0.01552886024025768,-0.0005856515373351412,0.01727733095025319,0.001790510295434311
2023-12-07,13.38,13.18,25.38,9.25,34.72,0.006015037593984918,0.003044140030441289,0.013173652694610682,0.007625272331154731,-0.0008633093525179936,True,True,True,True,False,-0.016999260901699786,0.01272455089820368,-0.001494768310911887,0.028439661798616456,-0.01277235161532686,0.007570022710068125,0.0030372057706911093,0.006111535523300127,-0.015717092337917404,0.007123070834982093,0.003972983710766709,0.008817635270541135,-0.026511134676564185,0.0161637931034484,0.005417118093174356,-0.00216216216216214,0.00259665320253899,0.01552886024025768,-0.0005856515373351412,0.01727733095025319
2023-12-08,13.6,13.32,25.63,9.31,34.02,0.01644245142002987,0.01062215477996964,0.009850275807722575,0.006486486486486642,-0.020161290322580516,True,False,False,False,True,0.006015037593984918,-0.016999260901699786,0.01272455089820368,-0.001494768310911887,0.003044140030441289,-0.01277235161532686,0.007570022710068125,0.0030372057706911093,0.013173652694610682,-0.015717092337917404,0.007123070834982093,0.003972983710766709,0.007625272331154731,-0.026511134676564185,0.0161637931034484,0.005417118093174356,-0.0008633093525179936,0.00259665320253899,0.01552886024025768,-0.0005856515373351412
2023-12-11,13.61,13.24,25.51,9.26,34.24,0.0007352941176470562,-0.006006006006005982,-0.004682013265704166,-0.00537056928034374,0.0064667842445620405,False,True,False,True,True,0.01644245142002987,0.006015037593984918,-0.016999260901699786,0.01272455089820368,0.01062215477996964,0.003044140030441289,-0.01277235161532686,0.007570022710068125,0.009850275807722575,0.013173652694610682,-0.015717092337917404,0.007123070834982093,0.006486486486486642,0.007625272331154731,-0.026511134676564185,0.0161637931034484,-0.020161290322580516,-0.0008633093525179936,0.00259665320253899,0.01552886024025768
2023-12-12,13.52,13.27,25.53,9.21,34.4,-0.006612784717119791,0.0022658610271901747,0.0007840062720501084,-0.005399568034557101,0.004672897196261516,True,True,True,True,True,0.0007352941176470562,0.01644245142002987,0.006015037593984918,-0.016999260901699786,-0.006006006006005982,0.01062215477996964,0.003044140030441289,-0.01277235161532686,-0.004682013265704166,0.009850275807722575,0.013173652694610682,-0.015717092337917404,-0.00537056928034374,0.006486486486486642,0.007625272331154731,-0.026511134676564185,0.0064667842445620405,-0.020161290322580516,-0.0008633093525179936,0.00259665320253899
2023-12-13,13.97,13.73,26.2,9.43,35.41,0.03328402366863914,0.03466465712132627,0.02624363493928694,0.023887079261671884,0.0293604651162791,False,True,True,True,True,-0.006612784717119791,0.0007352941176470562,0.01644245142002987,0.006015037593984918,0.0022658610271901747,-0.006006006006005982,0.01062215477996964,0.003044140030441289,0.0007840062720501084,-0.004682013265704166,0.009850275807722575,0.013173652694610682,-0.005399568034557101,-0.00537056928034374,0.006486486486486642,0.007625272331154731,0.004672897196261516,0.0064667842445620405,-0.020161290322580516,-0.0008633093525179936
2023-12-14,13.78,14.05,26.48,9.62,35.64,-0.013600572655690812,0.023306627822286874,0.010687022900763399,0.020148462354188768,0.006495340299350616,False,True,False,False,False,0.03328402366863914,-0.006612784717119791,0.0007352941176470562,0.01644245142002987,0.03466465712132627,0.0022658610271901747,-0.006006006006005982,0.01062215477996964,0.02624363493928694,0.0007840062720501084,-0.004682013265704166,0.009850275807722575,0.023887079261671884,-0.005399568034557101,-0.00537056928034374,0.006486486486486642,0.0293604651162791,0.004672897196261516,0.0064667842445620405,-0.020161290322580516
2023-12-15,13.75,14.23,26.34,9.55,35.38,-0.002177068214804012,0.012811387900355742,-0.005287009063444148,-0.007276507276507083,-0.00729517396184054,True,True,True,True,True,-0.013600572655690812,0.03328402366863914,-0.006612784717119791,0.0007352941176470562,0.023306627822286874,0.03466465712132627,0.0022658610271901747,-0.006006006006005982,0.010687022900763399,0.02624363493928694,0.0007840062720501084,-0.004682013265704166,0.020148462354188768,0.023887079261671884,-0.005399568034557101,-0.00537056928034374,0.006495340299350616,0.0293604651162791,0.004672897196261516,0.0064667842445620405
2023-12-18,13.83,14.29,26.54,9.6,35.46,0.005818181818181722,0.0042164441321150825,0.007593014426727329,0.005235602094240788,0.0022611644997172498,True,True,False,False,True,-0.002177068214804012,-0.013600572655690812,0.03328402366863914,-0.006612784717119791,0.012811387900355742,0.023306627822286874,0.03466465712132627,0.0022658610271901747,-0.005287009063444148,0.010687022900763399,0.02624363493928694,0.0007840062720501084,-0.007276507276507083,0.020148462354188768,0.023887079261671884,-0.005399568034557101,-0.00729517396184054,0.006495340299350616,0.0293604651162791,0.004672897196261516
2023-12-19,13.97,14.4,26.52,9.59,35.83,0.010122921185828027,0.007697690692792358,-0.0007535795026375469,-0.0010416666666666075,0.010434292160180325,False,False,False,False,False,0.005818181818181722,-0.002177068214804012,-0.013600572655690812,0.03328402366863914,0.0042164441321150825,0.012811387900355742,0.023306627822286874,0.03466465712132627,0.007593014426727329,-0.005287009063444148,0.010687022900763399,0.02624363493928694,0.005235602094240788,-0.007276507276507083,0.020148462354188768,0.023887079261671884,0.0022611644997172498,-0.00729517396184054,0.006495340299350616,0.0293604651162791
2023-12-20,13.74,14.2,26.34,9.55,35.58,-0.016463851109520422,-0.01388888888888895,-0.006787330316742057,-0.004171011470281427,-0.006977393245883312,False,False,True,True,True,0.010122921185828027,0.005818181818181722,-0.002177068214804012,-0.013600572655690812,0.007697690692792358,0.0042164441321150825,0.012811387900355742,0.023306627822286874,-0.0007535795026375469,0.007593014426727329,-0.005287009063444148,0.010687022900763399,-0.0010416666666666075,0.005235602094240788,-0.007276507276507083,0.020148462354188768,0.010434292160180325,0.0022611644997172498,-0.00729517396184054,0.006495340299350616
2023-12-21,13.7,14.19,26.45,9.62,35.8,-0.0029112081513829047,-0.0007042253521126751,0.004176157934700164,0.007329842931937058,0.006183249016301184,True,True,True,True,True,-0.016463851109520422,0.010122921185828027,0.005818181818181722,-0.002177068214804012,-0.01388888888888895,0.007697690692792358,0.0042164441321150825,0.012811387900355742,-0.006787330316742057,-0.0007535795026375469,0.007593014426727329,-0.005287009063444148,-0.004171011470281427,-0.0010416666666666075,0.005235602094240788,-0.007276507276507083,-0.006977393245883312,0.010434292160180325,0.0022611644997172498,-0.00729517396184054
2023-12-22,13.71,14.4,26.66,9.72,35.92,0.0007299270072993469,0.014799154334038223,0.007939508506616288,0.010395010395010562,0.003351955307262733,True,True,True,True,True,-0.0029112081513829047,-0.016463851109520422,0.010122921185828027,0.005818181818181722,-0.0007042253521126751,-0.01388888888888895,0.007697690692792358,0.0042164441321150825,0.004176157934700164,-0.006787330316742057,-0.0007535795026375469,0.007593014426727329,0.007329842931937058,-0.004171011470281427,-0.0010416666666666075,0.005235602094240788,0.006183249016301184,-0.006977393245883312,0.010434292160180325,0.0022611644997172498
2023-12-26,13.77,14.45,26.97,9.86,36.13,0.004376367614879584,0.003472222222222099,0.011627906976744207,0.014403292181069727,0.00584632516703798,True,True,True,True,True,0.0007299270072993469,-0.0029112081513829047,-0.016463851109520422,0.010122921185828027,0.014799154334038223,-0.0007042253521126751,-0.01388888888888895,0.007697690692792358,0.007939508506616288,0.004176157934700164,-0.006787330316742057,-0.0007535795026375469,0.010395010395010562,0.007329842931937058,-0.004171011470281427,-0.0010416666666666075,0.003351955307262733,0.006183249016301184,-0.006977393245883312,0.010434292160180325
2023-12-27,13.84,14.56,27.12,9.97,36.25,0.005083514887436413,0.007612456747404961,0.00556173526140169,0.011156186612576224,0.0033213396069746715,False,True,False,True,True,0.004376367614879584,0.0007299270072993469,-0.0029112081513829047,-0.016463851109520422,0.003472222222222099,0.014799154334038223,-0.0007042253521126751,-0.01388888888888895,0.011627906976744207,0.007939508506616288,0.004176157934700164,-0.006787330316742057,0.014403292181069727,0.010395010395010562,0.007329842931937058,-0.004171011470281427,0.00584632516703798,0.003351955307262733,0.006183249016301184,-0.006977393245883312
2023-12-28,13.73,14.62,27.16,9.82,36.31,-0.007947976878612706,0.004120879120879106,0.001474926253687281,-0.015045135406218657,0.0016551724137932045,False,False,False,False,False,0.005083514887436413,0.004376367614879584,0.0007299270072993469,-0.0029112081513829047,0.007612456747404961,0.003472222222222099,0.014799154334038223,-0.0007042253521126751,0.00556173526140169,0.011627906976744207,0.007939508506616288,0.004176157934700164,0.011156186612576224,0.014403292181069727,0.010395010395010562,0.007329842931937058,0.0033213396069746715,0.00584632516703798,0.003351955307262733,0.006183249016301184
2024-01-02,13.71,14.45,26.85,9.7,35.98,-0.0014566642388929019,-0.011627906976744207,-0.011413843888070652,-0.012219959266802527,-0.009088405397962185,False,True,True,False,True,-0.007947976878612706,0.005083514887436413,0.004376367614879584,0.0007299270072993469,0.004120879120879106,0.007612456747404961,0.003472222222222099,0.014799154334038223,0.001474926253687281,0.00556173526140169,0.011627906976744207,0.007939508506616288,-0.015045135406218657,0.011156186612576224,0.014403292181069727,0.010395010395010562,0.0016551724137932045,0.0033213396069746715,0.00584632516703798,0.003351955307262733
2024-01-03,13.6,14.46,26.79,9.71,36.25,-0.008023340627279496,0.0006920415224913601,-0.0022346368715084886,0.0010309278350517648,0.0075041689827684,True,False,False,False,False,-0.0014566642388929019,-0.007947976878612706,0.005083514887436413,0.004376367614879584,-0.011627906976744207,0.004120879120879106,0.007612456747404961,0.003472222222222099,-0.011413843888070652,0.001474926253687281,0.00556173526140169,0.011627906976744207,-0.012219959266802527,-0.015045135406218657,0.011156186612576224,0.014403292181069727,-0.009088405397962185,0.0016551724137932045,0.0033213396069746715,0.00584632516703798
2024-01-04,13.65,14.27,26.32,9.57,35.77,0.003676470588235281,-0.013139695712309885,-0.01754385964912275,-0.014418125643666402,-0.013241379310344747,False,True,True,True,False,-0.008023340627279496,-0.0014566642388929019,-0.007947976878612706,0.005083514887436413,0.0006920415224913601,-0.011627906976744207,0.004120879120879106,0.007612456747404961,-0.0022346368715084886,-0.011413843888070652,0.001474926253687281,0.00556173526140169,0.0010309278350517648,-0.012219959266802527,-0.015045135406218657,0.011156186612576224,0.0075041689827684,-0.009088405397962185,0.0016551724137932045,0.0033213396069746715
2024-01-05,13.6,14.51,26.85,9.72,35.39,-0.003663003663003761,0.016818500350385346,0.02013677811550152,0.01567398119122254,-0.010623427453173129,True,False,False,False,True,0.003676470588235281,-0.008023340627279496,-0.0014566642388929019,-0.007947976878612706,-0.013139695712309885,0.0006920415224913601,-0.011627906976744207,0.004120879120879106,-0.01754385964912275,-0.0022346368715084886,-0.011413843888070652,0.001474926253687281,-0.014418125643666402,0.0010309278350517648,-0.012219959266802527,-0.015045135406218657,-0.013241379310344747,0.0075041689827684,-0.009088405397962185,0.0016551724137932045
2024-01-08,13.71,14.46,26.71,9.68,35.48,0.00808823529411784,-0.003445899379738049,-0.005214152700186214,-0.004115226337448652,0.002543091268719877,False,False,False,False,False,-0.003663003663003761,0.003676470588235281,-0.008023340627279496,-0.0014566642388929019,0.016818500350385346,-0.013139695712309885,0.0006920415224913601,-0.011627906976744207,0.02013677811550152,-0.01754385964912275,-0.0022346368715084886,-0.011413843888070652,0.01567398119122254,-0.014418125643666402,0.0010309278350517648,-0.012219959266802527,-0.010623427453173129,-0.013241379310344747,0.0075041689827684,-0.009088405397962185
2024-01-09,13.62,14.08,26.57,9.67,34.6,-0.006564551422319598,-0.026279391424619658,-0.0052414825907899365,-0.0010330578512396382,-0.02480270574971799,True,False,False,True,True,0.00808823529411784,-0.003663003663003761,0.003676470588235281,-0.008023340627279496,-0.003445899379738049,0.016818500350385346,-0.013139695712309885,0.0006920415224913601,-0.005214152700186214,0.02013677811550152,-0.01754385964912275,-0.0022346368715084886,-0.004115226337448652,0.01567398119122254,-0.014418125643666402,0.0010309278350517648,0.002543091268719877,-0.010623427453173129,-0.013241379310344747,0.0075041689827684
2024-01-10,13.76,13.84,26.67,9.64,34.75,0.010279001468428861,-0.017045454545454586,0.0037636432066241454,-0.0031023784901756946,0.004335260115606809,False,False,False,False,False,-0.006564551422319598,0.00808823529411784,-0.003663003663003761,0.003676470588235281,-0.026279391424619658,-0.003445899379738049,0.016818500350385346,-0.013139695712309885,-0.0052414825907899365,-0.005214152700186214,0.02013677811550152,-0.01754385964912275,-0.0010330578512396382,-0.004115226337448652,0.01567398119122254,-0.014418125643666402,-0.02480270574971799,0.002543091268719877,-0.010623427453173129,-0.013241379310344747
2024-01-11,13.56,13.82,26.63,9.61,34.26,-0.014534883720930147,-0.0014450867052022698,-0.0014998125234346737,-0.003112033195020847,-0.01410071942446045,True,False,True,True,False,0.010279001468428861,-0.006564551422319598,0.00808823529411784,-0.003663003663003761,-0.017045454545454586,-0.026279391424619658,-0.003445899379738049,0.016818500350385346,0.0037636432066241454,-0.0052414825907899365,-0.005214152700186214,0.02013677811550152,-0.0031023784901756946,-0.0010330578512396382,-0.004115226337448652,0.01567398119122254,0.004335260115606809,-0.02480270574971799,0.002543091268719877,-0.010623427453173129
2024-01-12,13.59,13.7,26.68,9.64,34.11,0.0022123893805310324,-0.00868306801736618,0.0018775816748028973,0.003121748178980255,-0.004378283712784592,False,True,True,True,False,-0.014534883720930147,0.010279001468428861,-0.006564551422319598,0.00808823529411784,-0.0014450867052022698,-0.017045454545454586,-0.026279391424619658,-0.003445899379738049,-0.0014998125234346737,0.0037636432066241454,-0.0052414825907899365,-0.005214152700186214,-0.003112033195020847,-0.0031023784901756946,-0.0010330578512396382,-0.004115226337448652,-0.01410071942446045,0.004335260115606809,-0.02480270574971799,0.002543091268719877
2024-01-15,13.59,13.74,26.82,9.69,33.77,0.0,0.0029197080291971655,0.005247376311844132,0.005186721991701226,-0.009967751392553348,False,False,False,False,False,0.0022123893805310324,-0.014534883720930147,0.010279001468428861,-0.006564551422319598,-0.00868306801736618,-0.0014450867052022698,-0.017045454545454586,-0.026279391424619658,0.0018775816748028973,-0.0014998125234346737,0.0037636432066241454,-0.0052414825907899365,0.003121748178980255,-0.003112033195020847,-0.0031023784901756946,-0.0010330578512396382,-0.004378283712784592,-0.01410071942446045,0.004335260115606809,-0.02480270574971799
2024-01-16,13.35,13.52,26.45,9.59,33.07,-0.017660044150110354,-0.01601164483260553,-0.013795674869500396,-0.010319917440660409,-0.02072845721054195,True,True,False,False,False,0.0,0.0022123893805310324,-0.014534883720930147,0.010279001468428861,0.0029197080291971655,-0.00868306801736618,-0.0014450867052022698,-0.017045454545454586,0.005247376311844132,0.0018775816748028973,-0.0014998125234346737,0.0037636432066241454,0.005186721991701226,0.003121748178980255,-0.003112033195020847,-0.0031023784901756946,-0.009967751392553348,-0.004378283712784592,-0.01410071942446045,0.004335260115606809
2024-01-17,13.43,13.54,26.36,9.57,32.86,0.005992509363295984,0.0014792899408284654,-0.0034026465028355046,-0.002085505735140769,-0.006350166313879635,False,False,False,False,False,-0.017660044150110354,0.0,0.0022123893805310324,-0.014534883720930147,-0.01601164483260553,0.0029197080291971655,-0.00868306801736618,-0.0014450867052022698,-0.013795674869500396,0.005247376311844132,0.0018775816748028973,-0.0014998125234346737,-0.010319917440660409,0.005186721991701226,0.003121748178980255,-0.003112033195020847,-0.02072845721054195,-0.009967751392553348,-0.004378283712784592,-0.01410071942446045
2024-01-18,13.34,13.39,26.21,9.52,32.6,-0.006701414743112477,-0.01107828655834553,-0.0056904400606979655,-0.0052246603970742544,-0.00791235544735236,True,False,False,True,True,0.005992509363295984,-0.017660044150110354,0.0,0.0022123893805310324,0.0014792899408284654,-0.01601164483260553,0.0029197080291971655,-0.00868306801736618,-0.0034026465028355046,-0.013795674869500396,0.005247376311844132,0.0018775816748028973,-0.002085505735140769,-0.010319917440660409,0.005186721991701226,0.003121748178980255,-0.006350166313879635,-0.02072845721054195,-0.009967751392553348,-0.004378283712784592
2024-01-19,13.35,13.26,26.38,9.47,32.94,0.0007496251874061777,-0.009708737864077777,0.006486074017550525,-0.005252100840336005,0.010429447852760676,True,False,False,False,False,-0.006701414743112477,0.005992509363295984,-0.017660044150110354,0.0,-0.01107828655834553,0.0014792899408284654,-0.01601164483260553,0.0029197080291971655,-0.0056904400606979655,-0.0034026465028355046,-0.013795674869500396,0.005247376311844132,-0.0052246603970742544,-0.002085505735140769,-0.010319917440660409,0.005186721991701226,-0.00791235544735236,-0.006350166313879635,-0.02072845721054195,-0.009967751392553348
2024-01-22,13.36,13.2,26.11,9.45,32.84,0.0007490636704119424,-0.004524886877828038,-0.010235026535253988,-0.0021119324181627652,-0.0030358227079536615,True,True,True,True,True,0.0007496251874061777,-0.006701414743112477,0.005992509363295984,-0.017660044150110354,-0.009708737864077777,-0.01107828655834553,0.0014792899408284654,-0.01601164483260553,0.006486074017550525,-0.0056904400606979655,-0.0034026465028355046,-0.013795674869500396,-0.005252100840336005,-0.0052246603970742544,-0.002085505735140769,-0.010319917440660409,0.010429447852760676,-0.00791235544735236,-0.006350166313879635,-0.02072845721054195
2024-01-23,13.37,13.22,26.2,9.49,33.22,0.0007485029940119681,0.0015151515151516914,0.003446955189582601,0.004232804232804366,0.011571254567600331,False,False,False,False,False,0.0007490636704119424,0.0007496251874061777,-0.006701414743112477,0.005992509363295984,-0.004524886877828038,-0.009708737864077777,-0.01107828655834553,0.0014792899408284654,-0.010235026535253988,0.006486074017550525,-0.0056904400606979655,-0.0034026465028355046,-0.0021119324181627652,-0.005252100840336005,-0.0052246603970742544,-0.002085505735140769,-0.0030358227079536615,0.010429447852760676,-0.00791235544735236,-0.006350166313879635
2024-01-24,13.2,13.15,26.19,9.4,32.93,-0.012715033657441976,-0.005295007564296572,-0.00038167938931288337,-0.009483667017913588,-0.008729680915111393,False,False,False,False,False,0.0007485029940119681,0.0007490636704119424,0.0007496251874061777,-0.006701414743112477,0.0015151515151516914,-0.004524886877828038,-0.009708737864077777,-0.01107828655834553,0.003446955189582601,-0.010235026535253988,0.006486074017550525,-0.0056904400606979655,0.004232804232804366,-0.0021119324181627652,-0.005252100840336005,-0.0052246603970742544,0.011571254567600331,-0.0030358227079536615,0.010429447852760676,-0.00791235544735236
2024-01-25,13.2,13.12,26.1,9.38,32.71,0.0,-0.0022813688212928174,-0.0034364261168384758,-0.0021276595744680327,-0.006680838141512213,False,True,True,True,False,-0.012715033657441976,0.0007485029940119681,0.0007490636704119424,0.0007496251874061777,-0.005295007564296572,0.0015151515151516914,-0.004524886877828038,-0.009708737864077777,-0.00038167938931288337,0.003446955189582601,-0.010235026535253988,0.006486074017550525,-0.009483667017913588,0.004232804232804366,-0.0021119324181627652,-0.005252100840336005,-0.008729680915111393,0.011571254567600331,-0.0030358227079536615,0.010429447852760676
2024-01-26,13.2,13.17,26.4,9.43,32.63,0.0,0.003810975609756184,0.011494252873563093,0.005330490405117239,-0.0024457352491592532,True,False,True,False,True,0.0,-0.012715033657441976,0.0007485029940119681,0.0007490636704119424,-0.0022813688212928174,-0.005295007564296572,0.0015151515151516914,-0.004524886877828038,-0.0034364261168384758,-0.00038167938931288337,0.003446955189582601,-0.010235026535253988,-0.0021276595744680327,-0.009483667017913588,0.004232804232804366,-0.0021119324181627652,-0.006680838141512213,-0.008729680915111393,0.011571254567600331,-0.0030358227079536615
2024-01-29,13.25,13.12,26.34,9.49,32.71,0.0037878787878788955,-0.0037965072133637756,-0.002272727272727204,0.006362672322375529,0.002451731535396906,False,False,False,False,False,0.0,0.0,-0.012715033657441976,0.0007485029940119681,0.003810975609756184,-0.0022813688212928174,-0.005295007564296572,0.0015151515151516914,0.011494252873563093,-0.0034364261168384758,-0.00038167938931288337,0.003446955189582601,0.005330490405117239,-0.0021276595744680327,-0.009483667017913588,0.004232804232804366,-0.0024457352491592532,-0.006680838141512213,-0.008729680915111393,0.011571254567600331
2024-01-30,13.04,13.06,26.12,9.4,32.46,-0.01584905660377367,-0.004573170731707266,-0.008352315869400107,-0.009483667017913588,-0.0076429226536227635,True,True,True,True,False,0.0037878787878788955,0.0,0.0,-0.012715033657441976,-0.0037965072133637756,0.003810975609756184,-0.0022813688212928174,-0.005295007564296572,-0.002272727272727204,0.011494252873563093,-0.0034364261168384758,-0.00038167938931288337,0.006362672322375529,0.005330490405117239,-0.0021276595744680327,-0.009483667017913588,0.002451731535396906,-0.0024457352491592532,-0.006680838141512213,-0.008729680915111393
2024-01-31,13.08,13.1,26.28,9.48,31.82,0.0030674846625766694,0.003062787136294043,0.006125574272588086,0.008510638297872353,-0.019716574245224883,False,True,True,True,True,-0.01584905660377367,0.0037878787878788955,0.0,0.0,-0.004573170731707266,-0.0037965072133637756,0.003810975609756184,-0.0022813688212928174,-0.008352315869400107,-0.002272727272727204,0.011494252873563093,-0.0034364261168384758,-0.009483667017913588,0.006362672322375529,0.005330490405117239,-0.0021276595744680327,-0.0076429226536227635,0.002451731535396906,-0.0024457352491592532,-0.006680838141512213
2024-02-01,13.07,13.16,26.44,9.5,32.1,-0.000764525993883769,0.004580152671755711,0.0060882800608828,0.002109704641350074,0.00879949717159012,False,False,True,False,False,0.0030674846625766694,-0.01584905660377367,0.0037878787878788955,0.0,0.003062787136294043,-0.004573170731707266,-0.0037965072133637756,0.003810975609756184,0.006125574272588086,-0.008352315869400107,-0.002272727272727204,0.011494252873563093,0.008510638297872353,-0.009483667017913588,0.006362672322375529,0.005330490405117239,-0.019716574245224883,-0.0076429226536227635,0.002451731535396906,-0.0024457352491592532
2024-02-02,13.07,13.08,26.35,9.56,32.06,0.0,-0.006079027355623157,-0.0034039334341906535,0.006315789473684275,-0.0012461059190030932,True,True,True,True,True,-0.000764525993883769,0.0030674846625766694,-0.01584905660377367,0.0037878787878788955,0.004580152671755711,0.003062787136294043,-0.004573170731707266,-0.0037965072133637756,0.0060882800608828,0.006125574272588086,-0.008352315869400107,-0.002272727272727204,0.002109704641350074,0.008510638297872353,-0.009483667017913588,0.006362672322375529,0.00879949717159012,-0.019716574245224883,-0.0076429226536227635,0.002451731535396906
2024-02-05,13.09,13.34,26.68,9.6,32.72,0.0015302218821728886,0.01987767584097866,0.012523719165085323,0.004184100418409997,0.020586400499064128,True,True,True,True,False,0.0,-0.000764525993883769,0.0030674846625766694,-0.01584905660377367,-0.006079027355623157,0.004580152671755711,0.003062787136294043,-0.004573170731707266,-0.0034039334341906535,0.0060882800608828,0.006125574272588086,-0.008352315869400107,0.006315789473684275,0.002109704641350074,0.008510638297872353,-0.009483667017913588,-0.0012461059190030932,0.00879949717159012,-0.019716574245224883,-0.0076429226536227635
2024-02-06,13.23,13.92,27.87,9.97,32.7,0.010695187165775444,0.04347826086956519,0.04460269865067468,0.038541666666666696,-0.0006112469437651313,False,False,False,False,True,0.0015302218821728886,0.0,-0.000764525993883769,0.0030674846625766694,0.01987767584097866,-0.006079027355623157,0.004580152671755711,0.003062787136294043,0.012523719165085323,-0.0034039334341906535,0.0060882800608828,0.006125574272588086,0.004184100418409997,0.006315789473684275,0.002109704641350074,0.008510638297872353,0.020586400499064128,-0.0012461059190030932,0.00879949717159012,-0.019716574245224883
2024-02-07,13.0,12.11,27.6,9.92,33.09,-0.017384731670445963,-0.13002873563218398,-0.009687836383207693,-0.005015045135406293,0.01192660550458724,False,False,False,False,True,0.010695187165775444,0.0015302218821728886,0.0,-0.000764525993883769,0.04347826086956519,0.01987767584097866,-0.006079027355623157,0.004580152671755711,0.04460269865067468,0.012523719165085323,-0.0034039334341906535,0.0060882800608828,0.038541666666666696,0.004184100418409997,0.006315789473684275,0.002109704641350074,-0.0006112469437651313,0.020586400499064128,-0.0012461059190030932,0.00879949717159012
2024-02-08,12.95,12.01,27.34,9.79,33.25,-0.0038461538461539435,-0.008257638315441795,-0.009420289855072483,-0.013104838709677491,0.004835297673012828,False,False,True,True,False,-0.017384731670445963,0.010695187165775444,0.0015302218821728886,0.0,-0.13002873563218398,0.04347826086956519,0.01987767584097866,-0.006079027355623157,-0.009687836383207693,0.04460269865067468,0.012523719165085323,-0.0034039334341906535,-0.005015045135406293,0.038541666666666696,0.004184100418409997,0.006315789473684275,0.01192660550458724,-0.0006112469437651313,0.020586400499064128,-0.0012461059190030932
2024-02-09,12.95,11.89,27.67,9.91,32.83,0.0,-0.009991673605328821,0.012070226773957637,0.012257405515832653,-0.012631578947368438,False,False,False,False,True,-0.0038461538461539435,-0.017384731670445963,0.010695187165775444,0.0015302218821728886,-0.008257638315441795,-0.13002873563218398,0.04347826086956519,0.01987767584097866,-0.009420289855072483,-0.009687836383207693,0.04460269865067468,0.012523719165085323,-0.013104838709677491,-0.005015045135406293,0.038541666666666696,0.004184100418409997,0.004835297673012828,0.01192660550458724,-0.0006112469437651313,0.020586400499064128
2024-02-14,12.92,11.74,27.57,9.86,32.99,-0.0023166023166022454,-0.012615643397813292,-0.003614022406938977,-0.005045408678102992,0.004873591227535945,False,False,True,True,False,0.0,-0.0038461538461539435,-0.017384731670445963,0.010695187165775444,-0.009991673605328821,-0.008257638315441795,-0.13002873563218398,0.04347826086956519,0.012070226773957637,-0.009420289855072483,-0.009687836383207693,0.04460269865067468,0.012257405515832653,-0.013104838709677491,-0.005015045135406293,0.038541666666666696,-0.012631578947368438,0.004835297673012828,0.01192660550458724,-0.0006112469437651313
2024-02-15,12.85,11.72,27.86,9.89,32.67,-0.005417956656346812,-0.0017035775127768327,0.010518679724337954,0.0030425963488844854,-0.009699909063352496,False,True,True,True,True,-0.0023166023166022454,0.0,-0.0038461538461539435,-0.017384731670445963,-0.012615643397813292,-0.009991673605328821,-0.008257638315441795,-0.13002873563218398,-0.003614022406938977,0.012070226773957637,-0.009420289855072483,-0.009687836383207693,-0.005045408678102992,0.012257405515832653,-0.013104838709677491,-0.005015045135406293,0.004873591227535945,-0.012631578947368438,0.004835297673012828,0.01192660550458724
2024-02-16,12.76,11.78,28.03,9.91,32.86,-0.007003891050583633,0.005119453924914641,0.006101938262742301,0.002022244691607611,0.005815733088460284,True,True,True,True,True,-0.005417956656346812,-0.0023166023166022454,0.0,-0.0038461538461539435,-0.0017035775127768327,-0.012615643397813292,-0.009991673605328821,-0.008257638315441795,0.010518679724337954,-0.003614022406938977,0.012070226773957637,-0.009420289855072483,0.0030425963488844854,-0.005045408678102992,0.012257405515832653,-0.013104838709677491,-0.009699909063352496,0.004873591227535945,-0.012631578947368438,0.004835297673012828
2024-02-19,12.81,11.8,28.24,9.96,32.95,0.003918495297805746,0.0016977928692700761,0.007491972886193299,0.005045408678103103,0.002738892270237381,True,True,True,True,True,-0.007003891050583633,-0.005417956656346812,-0.0023166023166022454,0.0,0.005119453924914641,-0.0017035775127768327,-0.012615643397813292,-0.009991673605328821,0.006101938262742301,0.010518679724337954,-0.003614022406938977,0.012070226773957637,0.002022244691607611,0.0030425963488844854,-0.005045408678102992,0.012257405515832653,0.005815733088460284,-0.009699909063352496,0.004873591227535945,-0.012631578947368438
2024-02-20,12.85,12.07,29.08,10.36,33.72,0.0031225604996096834,0.022881355932203418,0.02974504249291776,0.04016064257028096,0.023368740515933073,True,False,False,False,True,0.003918495297805746,-0.007003891050583633,-0.005417956656346812,-0.0023166023166022454,0.0016977928692700761,0.005119453924914641,-0.0017035775127768327,-0.012615643397813292,0.007491972886193299,0.006101938262742301,0.010518679724337954,-0.003614022406938977,0.005045408678103103,0.002022244691607611,0.0030425963488844854,-0.005045408678102992,0.002738892270237381,0.005815733088460284,-0.009699909063352496,0.004873591227535945
2024-02-21,12.9,11.99,29.02,10.19,36.04,0.0038910505836575737,-0.006628003314001707,-0.0020632737276478075,-0.016409266409266432,0.06880189798339265,True,False,True,True,False,0.0031225604996096834,0.003918495297805746,-0.007003891050583633,-0.005417956656346812,0.022881355932203418,0.0016977928692700761,0.005119453924914641,-0.0017035775127768327,0.02974504249291776,0.007491972886193299,0.006101938262742301,0.010518679724337954,0.04016064257028096,0.005045408678103103,0.002022244691607611,0.0030425963488844854,0.023368740515933073,0.002738892270237381,0.005815733088460284,-0.009699909063352496
2024-02-22,12.96,11.96,29.03,10.29,34.9,0.0046511627906977715,-0.002502085070892335,0.000344589937973927,0.00981354268891077,-0.03163152053274143,False,False,False,False,True,0.0038910505836575737,0.0031225604996096834,0.003918495297805746,-0.007003891050583633,-0.006628003314001707,0.022881355932203418,0.0016977928692700761,0.005119453924914641,-0.0020632737276478075,0.02974504249291776,0.007491972886193299,0.006101938262742301,-0.016409266409266432,0.04016064257028096,0.005045408678103103,0.002022244691607611,0.06880189798339265,0.023368740515933073,0.002738892270237381,0.005815733088460284
2024-02-23,12.89,11.94,29.02,10.07,35.4,-0.005401234567901203,-0.0016722408026756952,-0.0003444712366518221,-0.021379980563653977,0.014326647564469885,True,False,True,False,True,0.0046511627906977715,0.0038910505836575737,0.0031225604996096834,0.003918495297805746,-0.002502085070892335,-0.006628003314001707,0.022881355932203418,0.0016977928692700761,0.000344589937973927,-0.0020632737276478075,0.02974504249291776,0.007491972886193299,0.00981354268891077,-0.016409266409266432,0.04016064257028096,0.005045408678103103,-0.03163152053274143,0.06880189798339265,0.023368740515933073,0.002738892270237381
2024-02-26,13.04,11.9,28.99,10.09,36.28,0.011636927851047307,-0.00335008375209378,-0.001033769813921448,0.0019860973187686426,0.02485875706214702,True,True,True,True,True,-0.005401234567901203,0.0046511627906977715,0.0038910505836575737,0.0031225604996096834,-0.0016722408026756952,-0.002502085070892335,-0.006628003314001707,0.022881355932203418,-0.0003444712366518221,0.000344589937973927,-0.0020632737276478075,0.02974504249291776,-0.021379980563653977,0.00981354268891077,-0.016409266409266432,0.04016064257028096,0.014326647564469885,-0.03163152053274143,0.06880189798339265,0.023368740515933073
2024-02-27,13.31,12.01,29.36,10.3,36.67,0.020705521472392796,0.009243697478991564,0.012763021731631685,0.020812685827552135,0.010749724366041935,True,False,True,True,False,0.011636927851047307,-0.005401234567901203,0.0046511627906977715,0.0038910505836575737,-0.00335008375209378,-0.0016722408026756952,-0.002502085070892335,-0.006628003314001707,-0.001033769813921448,-0.0003444712366518221,0.000344589937973927,-0.0020632737276478075,0.0019860973187686426,-0.021379980563653977,0.00981354268891077,-0.016409266409266432,0.02485875706214702,0.014326647564469885,-0.03163152053274143,0.06880189798339265
2024-02-28,13.45,11.96,29.51,10.32,36.62,0.010518407212622094,-0.004163197335553592,0.005108991825613085,0.0019417475728153999,-0.0013635124079630634,False,False,False,False,False,0.020705521472392796,0.011636927851047307,-0.005401234567901203,0.0046511627906977715,0.009243697478991564,-0.00335008375209378,-0.0016722408026756952,-0.002502085070892335,0.012763021731631685,-0.001033769813921448,-0.0003444712366518221,0.000344589937973927,0.020812685827552135,0.0019860973187686426,-0.021379980563653977,0.00981354268891077,0.010749724366041935,0.02485875706214702,0.014326647564469885,-0.03163152053274143
2024-02-29,12.58,11.8,28.69,10.03,36.4,-0.0646840148698884,-0.013377926421404673,-0.027787190782785465,-0.0281007751937985,-0.006007646095030017,False,True,True,True,True,0.010518407212622094,0.020705521472392796,0.011636927851047307,-0.005401234567901203,-0.004163197335553592,0.009243697478991564,-0.00335008375209378,-0.0016722408026756952,0.005108991825613085,0.012763021731631685,-0.001033769813921448,-0.0003444712366518221,0.0019417475728153999,0.020812685827552135,0.0019860973187686426,-0.021379980563653977,-0.0013635124079630634,0.010749724366041935,0.02485875706214702,0.014326647564469885
2024-03-01,12.44,11.89,28.88,10.14,36.99,-0.011128775834658211,0.007627118644067732,0.0066225165562912025,0.010967098703888567,0.016208791208791373,True,False,False,False,False,-0.0646840148698884,0.010518407212622094,0.020705521472392796,0.011636927851047307,-0.013377926421404673,-0.004163197335553592,0.009243697478991564,-0.00335008375209378,-0.027787190782785465,0.005108991825613085,0.012763021731631685,-0.001033769813921448,-0.0281007751937985,0.0019417475728153999,0.020812685827552135,0.0019860973187686426,-0.006007646095030017,-0.0013635124079630634,0.010749724366041935,0.02485875706214702
2024-03-04,12.48,11.71,28.68,10.09,36.85,0.003215434083601254,-0.015138772077375906,-0.006925207756232621,-0.004930966469428033,-0.0037848067045147538,True,True,False,False,True,-0.011128775834658211,-0.0646840148698884,0.010518407212622094,0.020705521472392796,0.007627118644067732,-0.013377926421404673,-0.004163197335553592,0.009243697478991564,0.0066225165562912025,-0.027787190782785465,0.005108991825613085,0.012763021731631685,0.010967098703888567,-0.0281007751937985,0.0019417475728153999,0.020812685827552135,0.016208791208791373,-0.006007646095030017,-0.0013635124079630634,0.010749724366041935
2024-03-05,12.75,11.83,28.64,10.09,37.13,0.02163461538461542,0.010247651579846195,-0.001394700139469962,0.0,0.007598371777476354,False,False,True,True,False,0.003215434083601254,-0.011128775834658211,-0.0646840148698884,0.010518407212622094,-0.015138772077375906,0.007627118644067732,-0.013377926421404673,-0.004163197335553592,-0.006925207756232621,0.0066225165562912025,-0.027787190782785465,0.005108991825613085,-0.004930966469428033,0.010967098703888567,-0.0281007751937985,0.0019417475728153999,-0.0037848067045147538,0.016208791208791373,-0.006007646095030017,-0.0013635124079630634
2024-03-06,12.69,11.76,29.0,10.17,36.84,-0.004705882352941226,-0.00591715976331364,0.012569832402234526,0.007928642220019766,-0.0078103959062751915,False,False,False,False,False,0.02163461538461542,0.003215434083601254,-0.011128775834658211,-0.0646840148698884,0.010247651579846195,-0.015138772077375906,0.007627118644067732,-0.013377926421404673,-0.001394700139469962,-0.006925207756232621,0.0066225165562912025,-0.027787190782785465,0.0,-0.004930966469428033,0.010967098703888567,-0.0281007751937985,0.007598371777476354,-0.0037848067045147538,0.016208791208791373,-0.006007646095030017
2024-03-07,12.65,11.7,28.74,10.16,36.61,-0.0031520882584711307,-0.005102040816326592,-0.008965517241379395,-0.000983284169124854,-0.006243213897937139,True,True,True,True,True,-0.004705882352941226,0.02163461538461542,0.003215434083601254,-0.011128775834658211,-0.00591715976331364,0.010247651579846195,-0.015138772077375906,0.007627118644067732,0.012569832402234526,-0.001394700139469962,-0.006925207756232621,0.0066225165562912025,0.007928642220019766,0.0,-0.004930966469428033,0.010967098703888567,-0.0078103959062751915,0.007598371777476354,-0.0037848067045147538,0.016208791208791373
2024-03-08,12.84,11.73,28.94,10.23,36.63,0.015019762845849716,0.002564102564102555,0.00695894224077942,0.006889763779527547,0.0005462988254576473,False,True,False,False,True,-0.0031520882584711307,-0.004705882352941226,0.02163461538461542,0.003215434083601254,-0.005102040816326592,-0.00591715976331364,0.010247651579846195,-0.015138772077375906,-0.008965517241379395,0.012569832402234526,-0.001394700139469962,-0.006925207756232621,-0.000983284169124854,0.007928642220019766,0.0,-0.004930966469428033,-0.006243213897937139,-0.0078103959062751915,0.007598371777476354,-0.0037848067045147538
2024-03-11,12.8,11.82,28.88,10.21,36.87,-0.0031152647975076775,0.007672634271099765,-0.0020732550103663705,-0.0019550342130987275,0.006552006552006384,True,True,True,True,True,0.015019762845849716,-0.0031520882584711307,-0.004705882352941226,0.02163461538461542,0.002564102564102555,-0.005102040816326592,-0.00591715976331364,0.010247651579846195,0.00695894224077942,-0.008965517241379395,0.012569832402234526,-0.001394700139469962,0.006889763779527547,-0.000983284169124854,0.007928642220019766,0.0,0.0005462988254576473,-0.006243213897937139,-0.0078103959062751915,0.007598371777476354
2024-03-12,12.84,11.98,28.93,10.29,37.31,0.0031249999999998224,0.013536379018612488,0.0017313019390581275,0.007835455435847072,0.011933821535123457,False,True,True,True,True,-0.0031152647975076775,0.015019762845849716,-0.0031520882584711307,-0.004705882352941226,0.007672634271099765,0.002564102564102555,-0.005102040816326592,-0.00591715976331364,-0.0020732550103663705,0.00695894224077942,-0.008965517241379395,0.012569832402234526,-0.0019550342130987275,0.006889763779527547,-0.000983284169124854,0.007928642220019766,0.006552006552006384,0.0005462988254576473,-0.006243213897937139,-0.0078103959062751915
2024-03-13,12.75,12.1,29.15,10.45,37.72,-0.007009345794392496,0.01001669449081799,0.0076045627376426506,0.01554907677356665,0.01098901098901095,True,False,True,True,False,0.0031249999999998224,-0.0031152647975076775,0.015019762845849716,-0.0031520882584711307,0.013536379018612488,0.007672634271099765,0.002564102564102555,-0.005102040816326592,0.0017313019390581275,-0.0020732550103663705,0.00695894224077942,-0.008965517241379395,0.007835455435847072,-0.0019550342130987275,0.006889763779527547,-0.000983284169124854,0.011933821535123457,0.006552006552006384,0.0005462988254576473,-0.006243213897937139
2024-03-14,12.8,12.1,29.22,10.5,37.49,0.0039215686274509665,0.0,0.002401372212692987,0.004784688995215447,-0.0060975609756096505,False,False,True,False,True,-0.007009345794392496,0.0031249999999998224,-0.0031152647975076775,0.015019762845849716,0.01001669449081799,0.013536379018612488,0.007672634271099765,0.002564102564102555,0.0076045627376426506,0.0017313019390581275,-0.0020732550103663705,0.00695894224077942,0.01554907677356665,0.007835455435847072,-0.0019550342130987275,0.006889763779527547,0.01098901098901095,0.011933821535123457,0.006552006552006384,0.0005462988254576473
2024-03-15,12.63,12.03,29.03,10.51,37.7,-0.013281250000000022,-0.005785123966942196,-0.006502395619438661,0.0009523809523810378,0.005601493731661744,False,True,False,True,False,0.0039215686274509665,-0.007009345794392496,0.0031249999999998224,-0.0031152647975076775,0.0,0.01001669449081799,0.013536379018612488,0.007672634271099765,0.002401372212692987,0.0076045627376426506,0.0017313019390581275,-0.0020732550103663705,0.004784688995215447,0.01554907677356665,0.007835455435847072,-0.0019550342130987275,-0.0060975609756096505,0.01098901098901095,0.011933821535123457,0.006552006552006384
2024-03-18,12.63,12.18,29.1,10.5,37.7,0.0,0.012468827930174564,0.0024112986565620886,-0.0009514747859181716,0.0,False,False,False,False,True,-0.013281250000000022,0.0039215686274509665,-0.007009345794392496,0.0031249999999998224,-0.005785123966942196,0.0,0.01001669449081799,0.013536379018612488,-0.006502395619438661,0.002401372212692987,0.0076045627376426506,0.0017313019390581275,0.0009523809523810378,0.004784688995215447,0.01554907677356665,0.007835455435847072,0.005601493731661744,-0.0060975609756096505,0.01098901098901095,0.011933821535123457
2024-03-19,12.54,12.13,29.1,10.45,38.45,-0.0071258907363421775,-0.004105090311986803,0.0,-0.004761904761904856,0.019893899204244114,False,True,True,True,True,0.0,-0.013281250000000022,0.0039215686274509665,-0.007009345794392496,0.012468827930174564,-0.005785123966942196,0.0,0.01001669449081799,0.0024112986565620886,-0.006502395619438661,0.002401372212692987,0.0076045627376426506,-0.0009514747859181716,0.0009523809523810378,0.004784688995215447,0.01554907677356665,0.0,0.005601493731661744,-0.0060975609756096505,0.01098901098901095
2024-03-20,12.54,12.37,29.24,10.47,38.52,0.0,0.01978565539983501,0.004810996563573866,0.001913875598086312,0.0018205461638491904,True,False,False,False,True,-0.0071258907363421775,0.0,-0.013281250000000022,0.0039215686274509665,-0.004105090311986803,0.012468827930174564,-0.005785123966942196,0.0,0.0,0.0024112986565620886,-0.006502395619438661,0.002401372212692987,-0.004761904761904856,-0.0009514747859181716,0.0009523809523810378,0.004784688995215447,0.019893899204244114,0.0,0.005601493731661744,-0.0060975609756096505
2024-03-21,12.61,12.25,29.06,10.34,39.12,0.005582137161084466,-0.009700889248181022,-0.006155950752393946,-0.012416427889207382,0.015576323987538832,False,False,False,False,True,0.0,-0.0071258907363421775,0.0,-0.013281250000000022,0.01978565539983501,-0.004105090311986803,0.012468827930174564,-0.005785123966942196,0.004810996563573866,0.0,0.0024112986565620886,-0.006502395619438661,0.001913875598086312,-0.004761904761904856,-0.0009514747859181716,0.0009523809523810378,0.0018205461638491904,0.019893899204244114,0.0,0.005601493731661744
2024-03-22,12.41,12.02,28.72,10.25,39.42,-0.015860428231562196,-0.018775510204081636,-0.0116999311768754,-0.008704061895551285,0.0076687116564417845,False,True,True,True,True,0.005582137161084466,0.0,-0.0071258907363421775,0.0,-0.009700889248181022,0.01978565539983501,-0.004105090311986803,0.012468827930174564,-0.006155950752393946,0.004810996563573866,0.0,0.0024112986565620886,-0.012416427889207382,0.001913875598086312,-0.004761904761904856,-0.0009514747859181716,0.015576323987538832,0.0018205461638491904,0.019893899204244114,0.0
2024-03-23,12.41,12.52,29.1,10.36,39.71,0.0,0.04159733777038266,0.013231197771587766,0.01073170731707318,0.007356671740233356,False,False,False,False,False,-0.015860428231562196,0.005582137161084466,0.0,-0.0071258907363421775,-0.018775510204081636,-0.009700889248181022,0.01978565539983501,-0.004105090311986803,-0.0116999311768754,-0.006155950752393946,0.004810996563573866,0.0,-0.008704061895551285,-0.012416427889207382,0.001913875598086312,-0.004761904761904856,0.0076687116564417845,0.015576323987538832,0.0018205461638491904,0.019893899204244114
2024-03-25,12.23,11.97,28.7,10.1,38.79,-0.014504431909750148,-0.04392971246006383,-0.013745704467354014,-0.025096525096525046,-0.023167967766305808,True,True,True,True,False,0.0,-0.015860428231562196,0.005582137161084466,0.0,0.04159733777038266,-0.018775510204081636,-0.009700889248181022,0.01978565539983501,0.013231197771587766,-0.0116999311768754,-0.006155950752393946,0.004810996563573866,0.01073170731707318,-0.008704061895551285,-0.012416427889207382,0.001913875598086312,0.007356671740233356,0.0076687116564417845,0.015576323987538832,0.0018205461638491904
2024-03-26,12.41,12.13,29.23,10.17,38.53,0.014717906786590351,0.013366750208855471,0.01846689895470388,0.006930693069306937,-0.006702758442897583,True,True,True,True,False,-0.014504431909750148,0.0,-0.015860428231562196,0.005582137161084466,-0.04392971246006383,0.04159733777038266,-0.018775510204081636,-0.009700889248181022,-0.013745704467354014,0.013231197771587766,-0.0116999311768754,-0.006155950752393946,-0.025096525096525046,0.01073170731707318,-0.008704061895551285,-0.012416427889207382,-0.023167967766305808,0.007356671740233356,0.0076687116564417845,0.015576323987538832
2024-03-27,12.45,12.3,29.45,10.28,38.3,0.003223207091055613,0.014014839241549781,0.007526513855627748,0.010816125860373615,-0.005969374513366321,True,False,True,True,False,0.014717906786590351,-0.014504431909750148,0.0,-0.015860428231562196,0.013366750208855471,-0.04392971246006383,0.04159733777038266,-0.018775510204081636,0.01846689895470388,-0.013745704467354014,0.013231197771587766,-0.0116999311768754,0.006930693069306937,-0.025096525096525046,0.01073170731707318,-0.008704061895551285,-0.006702758442897583,-0.023167967766305808,0.007356671740233356,0.0076687116564417845
2024-03-28,12.49,12.23,29.56,10.31,37.95,0.003212851405622663,-0.005691056910569148,0.0037351443123938566,0.0029182879377434023,-0.009138381201044266,False,False,False,False,False,0.003223207091055613,0.014717906786590351,-0.014504431909750148,0.0,0.014014839241549781,0.013366750208855471,-0.04392971246006383,0.04159733777038266,0.007526513855627748,0.01846689895470388,-0.013745704467354014,0.013231197771587766,0.010816125860373615,0.006930693069306937,-0.025096525096525046,0.01073170731707318,-0.005969374513366321,-0.006702758442897583,-0.023167967766305808,0.007356671740233356
2024-04-01,12.33,12.07,28.63,10.14,37.74,-0.012810248198558805,-0.013082583810302584,-0.03146143437077131,-0.016488845780795347,-0.005533596837944632,False,True,False,False,True,0.003212851405622663,0.003223207091055613,0.014717906786590351,-0.014504431909750148,-0.005691056910569148,0.014014839241549781,0.013366750208855471,-0.04392971246006383,0.0037351443123938566,0.007526513855627748,0.01846689895470388,-0.013745704467354014,0.0029182879377434023,0.010816125860373615,0.006930693069306937,-0.025096525096525046,-0.009138381201044266,-0.005969374513366321,-0.006702758442897583,-0.023167967766305808
2024-04-02,12.27,12.15,28.58,10.1,37.92,-0.0048661800486617945,0.006628003314001596,-0.0017464198393294383,-0.0039447731755425375,0.004769475357710551,True,True,False,False,False,-0.012810248198558805,0.003212851405622663,0.003223207091055613,0.014717906786590351,-0.013082583810302584,-0.005691056910569148,0.014014839241549781,0.013366750208855471,-0.03146143437077131,0.0037351443123938566,0.007526513855627748,0.01846689895470388,-0.016488845780795347,0.0029182879377434023,0.010816125860373615,0.006930693069306937,-0.005533596837944632,-0.009138381201044266,-0.005969374513366321,-0.006702758442897583
2024-04-03,12.45,12.42,28.45,10.07,37.64,0.014669926650366705,0.022222222222222143,-0.004548635409377111,-0.002970297029702862,-0.007383966244725815,True,True,False,False,True,-0.0048661800486617945,-0.012810248198558805,0.003212851405622663,0.003223207091055613,0.006628003314001596,-0.013082583810302584,-0.005691056910569148,0.014014839241549781,-0.0017464198393294383,-0.03146143437077131,0.0037351443123938566,0.007526513855627748,-0.0039447731755425375,-0.016488845780795347,0.0029182879377434023,0.010816125860373615,0.004769475357710551,-0.005533596837944632,-0.009138381201044266,-0.005969374513366321
2024-04-04,12.47,12.45,28.15,9.97,37.85,0.0016064257028114426,0.0024154589371980784,-0.010544815465729385,-0.009930486593843102,0.005579171094580282,False,False,False,True,False,0.014669926650366705,-0.0048661800486617945,-0.012810248198558805,0.003212851405622663,0.022222222222222143,0.006628003314001596,-0.013082583810302584,-0.005691056910569148,-0.004548635409377111,-0.0017464198393294383,-0.03146143437077131,0.0037351443123938566,-0.002970297029702862,-0.0039447731755425375,-0.016488845780795347,0.0029182879377434023,-0.007383966244725815,0.004769475357710551,-0.005533596837944632,-0.009138381201044266
2024-04-05,12.23,12.4,28.18,9.86,37.74,-0.019246190858059342,-0.004016064257028051,0.001065719360568318,-0.011033099297893756,-0.0029062087186261243,False,True,True,True,True,0.0016064257028114426,0.014669926650366705,-0.0048661800486617945,-0.012810248198558805,0.0024154589371980784,0.022222222222222143,0.006628003314001596,-0.013082583810302584,-0.010544815465729385,-0.004548635409377111,-0.0017464198393294383,-0.03146143437077131,-0.009930486593843102,-0.002970297029702862,-0.0039447731755425375,-0.016488845780795347,0.005579171094580282,-0.007383966244725815,0.004769475357710551,-0.005533596837944632
2024-04-08,12.17,12.46,28.45,9.96,37.95,-0.004905968928863524,0.004838709677419395,0.00958126330731024,0.01014198782961473,0.00556438791732905,True,True,True,True,True,-0.019246190858059342,0.0016064257028114426,0.014669926650366705,-0.0048661800486617945,-0.004016064257028051,0.0024154589371980784,0.022222222222222143,0.006628003314001596,0.001065719360568318,-0.010544815465729385,-0.004548635409377111,-0.0017464198393294383,-0.011033099297893756,-0.009930486593843102,-0.002970297029702862,-0.0039447731755425375,-0.0029062087186261243,0.005579171094580282,-0.007383966244725815,0.004769475357710551
2024-04-09,12.36,12.6,28.69,10.03,38.55,0.015612161051766549,0.01123595505617958,0.008435852372583597,0.007028112449799062,0.015810276679841806,False,False,False,False,False,-0.004905968928863524,-0.019246190858059342,0.0016064257028114426,0.014669926650366705,0.004838709677419395,-0.004016064257028051,0.0024154589371980784,0.022222222222222143,0.00958126330731024,0.001065719360568318,-0.010544815465729385,-0.004548635409377111,0.01014198782961473,-0.011033099297893756,-0.009930486593843102,-0.002970297029702862,0.00556438791732905,-0.0029062087186261243,0.005579171094580282,-0.007383966244725815
2024-04-10,12.1,12.32,28.11,9.88,38.15,-0.021035598705501646,-0.022222222222222143,-0.020216103171836974,-0.014955134596211228,-0.01037613488975353,True,False,False,False,False,0.015612161051766549,-0.004905968928863524,-0.019246190858059342,0.0016064257028114426,0.01123595505617958,0.004838709677419395,-0.004016064257028051,0.0024154589371980784,0.008435852372583597,0.00958126330731024,0.001065719360568318,-0.010544815465729385,0.007028112449799062,0.01014198782961473,-0.011033099297893756,-0.009930486593843102,0.015810276679841806,0.00556438791732905,-0.0029062087186261243,0.005579171094580282
2024-04-11,12.2,12.25,28.01,9.85,37.99,0.008264462809917328,-0.005681818181818232,-0.003557452863749533,-0.0030364372469636747,-0.004193971166448152,False,False,False,False,False,-0.021035598705501646,0.015612161051766549,-0.004905968928863524,-0.019246190858059342,-0.022222222222222143,0.01123595505617958,0.004838709677419395,-0.004016064257028051,-0.020216103171836974,0.008435852372583597,0.00958126330731024,0.001065719360568318,-0.014955134596211228,0.007028112449799062,0.01014198782961473,-0.011033099297893756,-0.01037613488975353,0.015810276679841806,0.00556438791732905,-0.0029062087186261243
2024-04-12,12.12,12.07,27.86,9.81,37.73,-0.006557377049180357,-0.014693877551020362,-0.005355230274901923,-0.004060913705583702,-0.006843906291129409,False,False,False,False,False,0.008264462809917328,-0.021035598705501646,0.015612161051766549,-0.004905968928863524,-0.005681818181818232,-0.022222222222222143,0.01123595505617958,0.004838709677419395,-0.003557452863749533,-0.020216103171836974,0.008435852372583597,0.00958126330731024,-0.0030364372469636747,-0.014955134596211228,0.007028112449799062,0.01014198782961473,-0.004193971166448152,-0.01037613488975353,0.015810276679841806,0.00556438791732905
2024-04-15,12.07,11.95,27.43,9.55,37.4,-0.004125412541254092,-0.009942004971002616,-0.01543431442928933,-0.02650356778797147,-0.008746355685131157,False,False,False,False,True,-0.006557377049180357,0.008264462809917328,-0.021035598705501646,0.015612161051766549,-0.014693877551020362,-0.005681818181818232,-0.022222222222222143,0.01123595505617958,-0.005355230274901923,-0.003557452863749533,-0.020216103171836974,0.008435852372583597,-0.004060913705583702,-0.0030364372469636747,-0.014955134596211228,0.007028112449799062,-0.006843906291129409,-0.004193971166448152,-0.01037613488975353,0.015810276679841806
2024-04-16,11.94,11.83,27.15,9.5,38.52,-0.010770505385252704,-0.010041841004184038,-0.010207801676996087,-0.005235602094240899,0.0299465240641712,False,False,False,True,False,-0.004125412541254092,-0.006557377049180357,0.008264462809917328,-0.021035598705501646,-0.009942004971002616,-0.014693877551020362,-0.005681818181818232,-0.022222222222222143,-0.01543431442928933,-0.005355230274901923,-0.003557452863749533,-0.020216103171836974,-0.02650356778797147,-0.004060913705583702,-0.0030364372469636747,-0.014955134596211228,-0.008746355685131157,-0.006843906291129409,-0.004193971166448152,-0.01037613488975353
2024-04-17,11.91,11.79,27.17,9.44,37.97,-0.002512562814070307,-0.0033812341504649845,0.0007366482504604921,-0.006315789473684275,-0.014278296988577521,True,False,False,True,True,-0.010770505385252704,-0.004125412541254092,-0.006557377049180357,0.008264462809917328,-0.010041841004184038,-0.009942004971002616,-0.014693877551020362,-0.005681818181818232,-0.010207801676996087,-0.01543431442928933,-0.005355230274901923,-0.003557452863749533,-0.005235602094240899,-0.02650356778797147,-0.004060913705583702,-0.0030364372469636747,0.0299465240641712,-0.008746355685131157,-0.006843906291129409,-0.004193971166448152
2024-04-18,11.96,11.69,27.21,9.43,38.35,0.004198152812762368,-0.008481764206955011,0.0014722119985277615,-0.0010593220338982468,0.010007900974453587,False,False,True,False,False,-0.002512562814070307,-0.010770505385252704,-0.004125412541254092,-0.006557377049180357,-0.0033812341504649845,-0.010041841004184038,-0.009942004971002616,-0.014693877551020362,0.0007366482504604921,-0.010207801676996087,-0.01543431442928933,-0.005355230274901923,-0.006315789473684275,-0.005235602094240899,-0.02650356778797147,-0.004060913705583702,-0.014278296988577521,0.0299465240641712,-0.008746355685131157,-0.006843906291129409
2024-04-19,11.95,11.61,27.1,9.46,38.3,-0.0008361204013379586,-0.006843455945252375,-0.004042631385519968,0.0031813361611878754,-0.0013037809647979959,False,False,False,False,False,0.004198152812762368,-0.002512562814070307,-0.010770505385252704,-0.004125412541254092,-0.008481764206955011,-0.0033812341504649845,-0.010041841004184038,-0.009942004971002616,0.0014722119985277615,0.0007366482504604921,-0.010207801676996087,-0.01543431442928933,-0.0010593220338982468,-0.006315789473684275,-0.005235602094240899,-0.02650356778797147,0.010007900974453587,-0.014278296988577521,0.0299465240641712,-0.008746355685131157
2024-04-22,11.95,11.57,27.09,9.39,38.02,0.0,-0.003445305770887086,-0.0003690036900370064,-0.007399577167019111,-0.007310704960835301,False,True,True,True,False,-0.0008361204013379586,0.004198152812762368,-0.002512562814070307,-0.010770505385252704,-0.006843455945252375,-0.008481764206955011,-0.0033812341504649845,-0.010041841004184038,-0.004042631385519968,0.0014722119985277615,0.0007366482504604921,-0.010207801676996087,0.0031813361611878754,-0.0010593220338982468,-0.006315789473684275,-0.005235602094240899,-0.0013037809647979959,0.010007900974453587,-0.014278296988577521,0.0299465240641712
2024-04-23,11.86,11.6,27.45,9.47,37.74,-0.007531380753138084,0.0025929127052721768,0.013289036544850585,0.008519701810436597,-0.007364544976328324,True,False,True,False,True,0.0,-0.0008361204013379586,0.004198152812762368,-0.002512562814070307,-0.003445305770887086,-0.006843455945252375,-0.008481764206955011,-0.0033812341504649845,-0.0003690036900370064,-0.004042631385519968,0.0014722119985277615,0.0007366482504604921,-0.007399577167019111,0.0031813361611878754,-0.0010593220338982468,-0.006315789473684275,-0.007310704960835301,-0.0013037809647979959,0.010007900974453587,-0.014278296988577521
2024-04-24,12.04,11.57,27.4,9.5,37.98,0.015177065767284947,-0.002586206896551646,-0.0018214936247723523,0.0031678986272438703,0.006359300476947327,False,False,False,False,True,-0.007531380753138084,0.0,-0.0008361204013379586,0.004198152812762368,0.0025929127052721768,-0.003445305770887086,-0.006843455945252375,-0.008481764206955011,0.013289036544850585,-0.0003690036900370064,-0.004042631385519968,0.0014722119985277615,0.008519701810436597,-0.007399577167019111,0.0031813361611878754,-0.0010593220338982468,-0.007364544976328324,-0.007310704960835301,-0.0013037809647979959,0.010007900974453587
2024-04-25,12.02,11.55,27.26,9.4,38.42,-0.0016611295681062677,-0.0017286084701814142,-0.005109489051094762,-0.010526315789473606,0.011585044760400232,False,True,True,True,True,0.015177065767284947,-0.007531380753138084,0.0,-0.0008361204013379586,-0.002586206896551646,0.0025929127052721768,-0.003445305770887086,-0.006843455945252375,-0.0018214936247723523,0.013289036544850585,-0.0003690036900370064,-0.004042631385519968,0.0031678986272438703,0.008519701810436597,-0.007399577167019111,0.0031813361611878754,0.006359300476947327,-0.007364544976328324,-0.007310704960835301,-0.0013037809647979959
2024-04-26,12.01,11.73,27.72,9.53,38.97,-0.0008319467554076532,0.01558441558441559,0.01687454145267786,0.01382978723404249,0.014315460697553295,True,True,True,False,True,-0.0016611295681062677,0.015177065767284947,-0.007531380753138084,0.0,-0.0017286084701814142,-0.002586206896551646,0.0025929127052721768,-0.003445305770887086,-0.005109489051094762,-0.0018214936247723523,0.013289036544850585,-0.0003690036900370064,-0.010526315789473606,0.0031678986272438703,0.008519701810436597,-0.007399577167019111,0.011585044760400232,0.006359300476947327,-0.007364544976328324,-0.007310704960835301
2024-04-29,12.1,11.91,27.46,9.54,39.1,0.007493755203996644,0.01534526854219953,-0.009379509379509265,0.0010493179433368471,0.0033358994098025008,True,False,False,False,True,-0.0008319467554076532,-0.0016611295681062677,0.015177065767284947,-0.007531380753138084,0.01558441558441559,-0.0017286084701814142,-0.002586206896551646,0.0025929127052721768,0.01687454145267786,-0.005109489051094762,-0.0018214936247723523,0.013289036544850585,0.01382978723404249,-0.010526315789473606,0.0031678986272438703,0.008519701810436597,0.014315460697553295,0.011585044760400232,0.006359300476947327,-0.007364544976328324
2024-04-30,12.15,11.89,26.99,9.46,39.29,0.004132231404958775,-0.0016792611251049694,-0.01711580480699204,-0.008385744234800652,0.004859335038363222,True,True,True,True,False,0.007493755203996644,-0.0008319467554076532,-0.0016611295681062677,0.015177065767284947,0.01534526854219953,0.01558441558441559,-0.0017286084701814142,-0.002586206896551646,-0.009379509379509265,0.01687454145267786,-0.005109489051094762,-0.0018214936247723523,0.0010493179433368471,0.01382978723404249,-0.010526315789473606,0.0031678986272438703,0.0033358994098025008,0.014315460697553295,0.011585044760400232,0.006359300476947327
2024-05-02,12.33,11.91,27.4,9.56,38.6,0.014814814814814836,0.001682085786375076,0.01519081141163392,0.010570824524312794,-0.017561720539577497,True,True,True,True,False,0.004132231404958775,0.007493755203996644,-0.0008319467554076532,-0.0016611295681062677,-0.0016792611251049694,0.01534526854219953,0.01558441558441559,-0.0017286084701814142,-0.01711580480699204,-0.009379509379509265,0.01687454145267786,-0.005109489051094762,-0.008385744234800652,0.0010493179433368471,0.01382978723404249,-0.010526315789473606,0.004859335038363222,0.0033358994098025008,0.014315460697553295,0.011585044760400232
2024-05-03,12.37,12.03,27.67,9.69,38.52,0.0032441200324411223,0.010075566750629594,0.009854014598540184,0.013598326359832491,-0.002072538860103612,True,False,True,True,False,0.014814814814814836,0.004132231404958775,0.007493755203996644,-0.0008319467554076532,0.001682085786375076,-0.0016792611251049694,0.01534526854219953,0.01558441558441559,0.01519081141163392,-0.01711580480699204,-0.009379509379509265,0.01687454145267786,0.010570824524312794,-0.008385744234800652,0.0010493179433368471,0.01382978723404249,-0.017561720539577497,0.004859335038363222,0.0033358994098025008,0.014315460697553295
2024-05-06,12.45,11.86,27.74,9.74,38.38,0.006467259498787348,-0.01413133832086455,0.0025298156848572173,0.005159958720330371,-0.0036344755970924014,True,True,True,True,True,0.0032441200324411223,0.014814814814814836,0.004132231404958775,0.007493755203996644,0.010075566750629594,0.001682085786375076,-0.0016792611251049694,0.01534526854219953,0.009854014598540184,0.01519081141163392,-0.01711580480699204,-0.009379509379509265,0.013598326359832491,0.010570824524312794,-0.008385744234800652,0.0010493179433368471,-0.002072538860103612,-0.017561720539577497,0.004859335038363222,0.0033358994098025008
2024-05-07,12.6,11.9,28.29,9.81,38.65,0.012048192771084265,0.00337268128161905,0.019826964671953995,0.007186858316221789,0.007034914017717497,False,False,True,True,True,0.006467259498787348,0.0032441200324411223,0.014814814814814836,0.004132231404958775,-0.01413133832086455,0.010075566750629594,0.001682085786375076,-0.0016792611251049694,0.0025298156848572173,0.009854014598540184,0.01519081141163392,-0.01711580480699204,0.005159958720330371,0.013598326359832491,0.010570824524312794,-0.008385744234800652,-0.0036344755970924014,-0.002072538860103612,-0.017561720539577497,0.004859335038363222
2024-05-08,12.17,11.82,28.47,9.92,38.84,-0.03412698412698412,-0.006722689075630228,0.006362672322375307,0.011213047910295648,0.00491591203104802,False,False,False,False,False,0.012048192771084265,0.006467259498787348,0.0032441200324411223,0.014814814814814836,0.00337268128161905,-0.01413133832086455,0.010075566750629594,0.001682085786375076,0.019826964671953995,0.0025298156848572173,0.009854014598540184,0.01519081141163392,0.007186858316221789,0.005159958720330371,0.013598326359832491,0.010570824524312794,0.007034914017717497,-0.0036344755970924014,-0.002072538860103612,-0.017561720539577497
2024-05-09,12.05,11.52,27.57,9.8,38.65,-0.009860312243220926,-0.025380710659898553,-0.03161222339304526,-0.012096774193548265,-0.0048918640576726125,False,False,True,True,True,-0.03412698412698412,0.012048192771084265,0.006467259498787348,0.0032441200324411223,-0.006722689075630228,0.00337268128161905,-0.01413133832086455,0.010075566750629594,0.006362672322375307,0.019826964671953995,0.0025298156848572173,0.009854014598540184,0.011213047910295648,0.007186858316221789,0.005159958720330371,0.013598326359832491,0.00491591203104802,0.007034914017717497,-0.0036344755970924014,-0.002072538860103612
2024-05-10,12.04,11.51,27.89,9.91,38.72,-0.0008298755186723072,-0.0008680555555555802,0.011606819006166225,0.011224489795918391,0.0018111254851229663,True,False,True,True,True,-0.009860312243220926,-0.03412698412698412,0.012048192771084265,0.006467259498787348,-0.025380710659898553,-0.006722689075630228,0.00337268128161905,-0.01413133832086455,-0.03161222339304526,0.006362672322375307,0.019826964671953995,0.0025298156848572173,-0.012096774193548265,0.011213047910295648,0.007186858316221789,0.005159958720330371,-0.0048918640576726125,0.00491591203104802,0.007034914017717497,-0.0036344755970924014
2024-05-13,12.06,11.48,28.09,9.95,38.83,0.0016611295681063787,-0.0026064291920069316,0.007171029042667643,0.004036326942482349,0.0028409090909091717,True,True,True,True,True,-0.0008298755186723072,-0.009860312243220926,-0.03412698412698412,0.012048192771084265,-0.0008680555555555802,-0.025380710659898553,-0.006722689075630228,0.00337268128161905,0.011606819006166225,-0.03161222339304526,0.006362672322375307,0.019826964671953995,0.011224489795918391,-0.012096774193548265,0.011213047910295648,0.007186858316221789,0.0018111254851229663,-0.0048918640576726125,0.00491591203104802,0.007034914017717497
2024-05-14,12.16,11.55,28.53,10.11,39.35,0.008291873963515828,0.0060975609756097615,0.015663937344250645,0.016080402010050232,0.013391707442699019,True,False,False,False,True,0.0016611295681063787,-0.0008298755186723072,-0.009860312243220926,-0.03412698412698412,-0.0026064291920069316,-0.0008680555555555802,-0.025380710659898553,-0.006722689075630228,0.007171029042667643,0.011606819006166225,-0.03161222339304526,0.006362672322375307,0.004036326942482349,0.011224489795918391,-0.012096774193548265,0.011213047910295648,0.0028409090909091717,0.0018111254851229663,-0.0048918640576726125,0.00491591203104802
2024-05-15,12.31,11.49,28.38,10.11,39.36,0.012335526315789602,-0.0051948051948051965,-0.005257623554153601,0.0,0.0002541296060991627,True,False,True,False,False,0.008291873963515828,0.0016611295681063787,-0.0008298755186723072,-0.009860312243220926,0.0060975609756097615,-0.0026064291920069316,-0.0008680555555555802,-0.025380710659898553,0.015663937344250645,0.007171029042667643,0.011606819006166225,-0.03161222339304526,0.016080402010050232,0.004036326942482349,0.011224489795918391,-0.012096774193548265,0.013391707442699019,0.0028409090909091717,0.0018111254851229663,-0.0048918640576726125
2024-05-16,12.38,11.49,28.3,10.18,39.34,0.005686433793663737,0.0,-0.0028188865398167673,0.006923837784371889,-0.0005081300813006839,False,True,False,True,True,0.012335526315789602,0.008291873963515828,0.0016611295681063787,-0.0008298755186723072,-0.0051948051948051965,0.0060975609756097615,-0.0026064291920069316,-0.0008680555555555802,-0.005257623554153601,0.015663937344250645,0.007171029042667643,0.011606819006166225,0.0,0.016080402010050232,0.004036326942482349,0.011224489795918391,0.0002541296060991627,0.013391707442699019,0.0028409090909091717,0.0018111254851229663
2024-05-17,12.38,11.57,28.36,10.14,39.38,0.0,0.006962576153176636,0.0021201413427560656,-0.003929273084479323,0.0010167768174884628,False,False,False,False,True,0.005686433793663737,0.012335526315789602,0.008291873963515828,0.0016611295681063787,0.0,-0.0051948051948051965,0.0060975609756097615,-0.0026064291920069316,-0.0028188865398167673,-0.005257623554153601,0.015663937344250645,0.007171029042667643,0.006923837784371889,0.0,0.016080402010050232,0.004036326942482349,-0.0005081300813006839,0.0002541296060991627,0.013391707442699019,0.0028409090909091717
2024-05-20,12.1,11.55,28.21,10.11,39.59,-0.022617124394184285,-0.0017286084701814142,-0.005289139633286255,-0.002958579881656931,0.005332656170645045,False,False,False,False,False,0.0,0.005686433793663737,0.012335526315789602,0.008291873963515828,0.006962576153176636,0.0,-0.0051948051948051965,0.0060975609756097615,0.0021201413427560656,-0.0028188865398167673,-0.005257623554153601,0.015663937344250645,-0.003929273084479323,0.006923837784371889,0.0,0.016080402010050232,0.0010167768174884628,-0.0005081300813006839,0.0002541296060991627,0.013391707442699019
2024-05-21,12.02,11.55,28.06,10.1,39.5,-0.006611570247933907,0.0,-0.005317263381779624,-0.0009891196834816984,-0.0022733013387219447,False,False,False,False,False,-0.022617124394184285,0.0,0.005686433793663737,0.012335526315789602,-0.0017286084701814142,0.006962576153176636,0.0,-0.0051948051948051965,-0.005289139633286255,0.0021201413427560656,-0.0028188865398167673,-0.005257623554153601,-0.002958579881656931,-0.003929273084479323,0.006923837784371889,0.0,0.005332656170645045,0.0010167768174884628,-0.0005081300813006839,0.0002541296060991627
2024-05-22,11.97,11.31,27.63,10.0,39.03,-0.004159733777038155,-0.020779220779220786,-0.015324305060584464,-0.00990099009900991,-0.011898734177215209,False,False,False,False,False,-0.006611570247933907,-0.022617124394184285,0.0,0.005686433793663737,0.0,-0.0017286084701814142,0.006962576153176636,0.0,-0.005317263381779624,-0.005289139633286255,0.0021201413427560656,-0.0028188865398167673,-0.0009891196834816984,-0.002958579881656931,-0.003929273084479323,0.006923837784371889,-0.0022733013387219447,0.005332656170645045,0.0010167768174884628,-0.0005081300813006839
2024-05-23,11.96,11.21,27.36,9.97,38.78,-0.0008354218880534114,-0.008841732979663952,-0.009771986970684043,-0.0029999999999998916,-0.006405329233922674,False,True,False,False,False,-0.004159733777038155,-0.006611570247933907,-0.022617124394184285,0.0,-0.020779220779220786,0.0,-0.0017286084701814142,0.006962576153176636,-0.015324305060584464,-0.005317263381779624,-0.005289139633286255,0.0021201413427560656,-0.00990099009900991,-0.0009891196834816984,-0.002958579881656931,-0.003929273084479323,-0.011898734177215209,-0.0022733013387219447,0.005332656170645045,0.0010167768174884628
2024-05-24,11.87,11.22,27.13,9.84,38.09,-0.007525083612040295,0.000892060660124816,-0.008406432748538029,-0.013039117352056206,-0.017792676637441884,False,True,True,True,True,-0.0008354218880534114,-0.004159733777038155,-0.006611570247933907,-0.022617124394184285,-0.008841732979663952,-0.020779220779220786,0.0,-0.0017286084701814142,-0.009771986970684043,-0.015324305060584464,-0.005317263381779624,-0.005289139633286255,-0.0029999999999998916,-0.00990099009900991,-0.0009891196834816984,-0.002958579881656931,-0.006405329233922674,-0.011898734177215209,-0.0022733013387219447,0.005332656170645045
2024-05-25,11.84,11.65,27.38,10.07,38.095,-0.002527379949452402,0.03832442067736186,0.009214891264283098,0.023373983739837456,0.0001312680493565921,False,False,False,False,True,-0.007525083612040295,-0.0008354218880534114,-0.004159733777038155,-0.006611570247933907,0.000892060660124816,-0.008841732979663952,-0.020779220779220786,0.0,-0.008406432748538029,-0.009771986970684043,-0.015324305060584464,-0.005317263381779624,-0.013039117352056206,-0.0029999999999998916,-0.00990099009900991,-0.0009891196834816984,-0.017792676637441884,-0.006405329233922674,-0.011898734177215209,-0.0022733013387219447
2024-05-27,11.81,11.22,27.11,9.86,38.1,-0.0025337837837837718,-0.036909871244635184,-0.009861212563915256,-0.020854021847070636,0.00013125082031772983,False,False,False,False,False,-0.002527379949452402,-0.007525083612040295,-0.0008354218880534114,-0.004159733777038155,0.03832442067736186,0.000892060660124816,-0.008841732979663952,-0.020779220779220786,0.009214891264283098,-0.008406432748538029,-0.009771986970684043,-0.015324305060584464,0.023373983739837456,-0.013039117352056206,-0.0029999999999998916,-0.00990099009900991,0.0001312680493565921,-0.017792676637441884,-0.006405329233922674,-0.011898734177215209
2024-05-28,11.59,11.19,27.04,9.83,37.98,-0.018628281117696877,-0.002673796791443972,-0.0025820730357801747,-0.0030425963488842633,-0.0031496062992126816,False,False,False,False,False,-0.0025337837837837718,-0.002527379949452402,-0.007525083612040295,-0.0008354218880534114,-0.036909871244635184,0.03832442067736186,0.000892060660124816,-0.008841732979663952,-0.009861212563915256,0.009214891264283098,-0.008406432748538029,-0.009771986970684043,-0.020854021847070636,0.023373983739837456,-0.013039117352056206,-0.0029999999999998916,0.00013125082031772983,0.0001312680493565921,-0.017792676637441884,-0.006405329233922674
2024-05-29,11.52,11.07,26.9,9.79,37.49,-0.006039689387402958,-0.010723860589812229,-0.005177514792899407,-0.00406917599186174,-0.012901527119536516,True,False,False,False,False,-0.018628281117696877,-0.0025337837837837718,-0.002527379949452402,-0.007525083612040295,-0.002673796791443972,-0.036909871244635184,0.03832442067736186,0.000892060660124816,-0.0025820730357801747,-0.009861212563915256,0.009214891264283098,-0.008406432748538029,-0.0030425963488842633,-0.020854021847070636,0.023373983739837456,-0.013039117352056206,-0.0031496062992126816,0.00013125082031772983,0.0001312680493565921,-0.017792676637441884
2024-05-31,11.56,11.03,26.64,9.67,37.31,0.003472222222222321,-0.0036133694670280603,-0.009665427509293556,-0.012257405515832431,-0.004801280341424352,False,True,False,True,False,-0.006039689387402958,-0.018628281117696877,-0.0025337837837837718,-0.002527379949452402,-0.010723860589812229,-0.002673796791443972,-0.036909871244635184,0.03832442067736186,-0.005177514792899407,-0.0025820730357801747,-0.009861212563915256,0.009214891264283098,-0.00406917599186174,-0.0030425963488842633,-0.020854021847070636,0.023373983739837456,-0.012901527119536516,-0.0031496062992126816,0.00013125082031772983,0.0001312680493565921
2024-06-03,11.55,11.04,26.9,9.65,37.1,-0.0008650519031141446,0.0009066183136898776,0.009759759759759623,-0.0020682523267838704,-0.0056285178236398226,True,True,True,True,True,0.003472222222222321,-0.006039689387402958,-0.018628281117696877,-0.0025337837837837718,-0.0036133694670280603,-0.010723860589812229,-0.002673796791443972,-0.036909871244635184,-0.009665427509293556,-0.005177514792899407,-0.0025820730357801747,-0.009861212563915256,-0.012257405515832431,-0.00406917599186174,-0.0030425963488842633,-0.020854021847070636,-0.004801280341424352,-0.012901527119536516,-0.0031496062992126816,0.00013125082031772983
2024-06-04,11.69,11.07,27.08,9.74,37.55,0.012121212121211977,0.0027173913043478937,0.006691449814126393,0.00932642487046631,0.012129380053908179,False,False,False,False,False,-0.0008650519031141446,0.003472222222222321,-0.006039689387402958,-0.018628281117696877,0.0009066183136898776,-0.0036133694670280603,-0.010723860589812229,-0.002673796791443972,0.009759759759759623,-0.009665427509293556,-0.005177514792899407,-0.0025820730357801747,-0.0020682523267838704,-0.012257405515832431,-0.00406917599186174,-0.0030425963488842633,-0.0056285178236398226,-0.004801280341424352,-0.012901527119536516,-0.0031496062992126816
2024-06-05,11.57,10.99,26.95,9.74,37.3,-0.010265183917878451,-0.0072267389340560095,-0.004800590841949726,0.0,-0.0066577896138482195,True,True,True,True,True,0.012121212121211977,-0.0008650519031141446,0.003472222222222321,-0.006039689387402958,0.0027173913043478937,0.0009066183136898776,-0.0036133694670280603,-0.010723860589812229,0.006691449814126393,0.009759759759759623,-0.009665427509293556,-0.005177514792899407,0.00932642487046631,-0.0020682523267838704,-0.012257405515832431,-0.00406917599186174,0.012129380053908179,-0.0056285178236398226,-0.004801280341424352,-0.012901527119536516
2024-06-06,11.82,11.16,27.38,9.81,37.56,0.021607605877268732,0.015468607825295688,0.01595547309833023,0.007186858316221789,0.006970509383378065,False,False,False,False,True,-0.010265183917878451,0.012121212121211977,-0.0008650519031141446,0.003472222222222321,-0.0072267389340560095,0.0027173913043478937,0.0009066183136898776,-0.0036133694670280603,-0.004800590841949726,0.006691449814126393,0.009759759759759623,-0.009665427509293556,0.0,0.00932642487046631,-0.0020682523267838704,-0.012257405515832431,-0.0066577896138482195,0.012129380053908179,-0.0056285178236398226,-0.004801280341424352
2024-06-07,11.56,11.07,27.01,9.63,37.6,-0.021996615905245376,-0.008064516129032251,-0.013513513513513375,-0.01834862385321101,0.0010649627263046302,False,True,False,False,False,0.021607605877268732,-0.010265183917878451,0.012121212121211977,-0.0008650519031141446,0.015468607825295688,-0.0072267389340560095,0.0027173913043478937,0.0009066183136898776,0.01595547309833023,-0.004800590841949726,0.006691449814126393,0.009759759759759623,0.007186858316221789,0.0,0.00932642487046631,-0.0020682523267838704,0.006970509383378065,-0.0066577896138482195,0.012129380053908179,-0.0056285178236398226
2024-06-10,11.46,11.08,26.85,9.51,37.56,-0.00865051903114189,0.0009033423667570428,-0.005923731951129163,-0.012461059190031265,-0.0010638297872340718,False,True,True,True,False,-0.021996615905245376,0.021607605877268732,-0.010265183917878451,0.012121212121211977,-0.008064516129032251,0.015468607825295688,-0.0072267389340560095,0.0027173913043478937,-0.013513513513513375,0.01595547309833023,-0.004800590841949726,0.006691449814126393,-0.01834862385321101,0.007186858316221789,0.0,0.00932642487046631,0.0010649627263046302,0.006970509383378065,-0.0066577896138482195,0.012129380053908179
2024-06-11,11.4,11.13,27.12,9.67,37.55,-0.005235602094240899,0.004512635379061436,0.010055865921787754,0.01682439537329139,-0.0002662406815763241,False,False,False,False,True,-0.00865051903114189,-0.021996615905245376,0.021607605877268732,-0.010265183917878451,0.0009033423667570428,-0.008064516129032251,0.015468607825295688,-0.0072267389340560095,-0.005923731951129163,-0.013513513513513375,0.01595547309833023,-0.004800590841949726,-0.012461059190031265,-0.01834862385321101,0.007186858316221789,0.0,-0.0010638297872340718,0.0010649627263046302,0.006970509383378065,-0.0066577896138482195
2024-06-12,11.27,10.91,27.04,9.59,37.82,-0.01140350877192986,-0.019766397124887702,-0.002949852507374673,-0.008273009307135482,0.007190412782956068,False,False,False,False,True,-0.005235602094240899,-0.00865051903114189,-0.021996615905245376,0.021607605877268732,0.004512635379061436,0.0009033423667570428,-0.008064516129032251,0.015468607825295688,0.010055865921787754,-0.005923731951129163,-0.013513513513513375,0.01595547309833023,0.01682439537329139,-0.012461059190031265,-0.01834862385321101,0.007186858316221789,-0.0002662406815763241,-0.0010638297872340718,0.0010649627263046302,0.006970509383378065
2024-06-13,11.09,10.88,26.86,9.55,38.17,-0.015971606033717833,-0.00274977085242889,-0.006656804733727761,-0.004171011470281427,0.009254362771020652,True,True,False,False,True,-0.01140350877192986,-0.005235602094240899,-0.00865051903114189,-0.021996615905245376,-0.019766397124887702,0.004512635379061436,0.0009033423667570428,-0.008064516129032251,-0.002949852507374673,0.010055865921787754,-0.005923731951129163,-0.013513513513513375,-0.008273009307135482,0.01682439537329139,-0.012461059190031265,-0.01834862385321101,0.007190412782956068,-0.0002662406815763241,-0.0010638297872340718,0.0010649627263046302
2024-06-14,11.24,10.97,26.85,9.51,38.52,0.01352569882777277,0.008272058823529438,-0.00037230081906169943,-0.004188481675392763,0.009169504846738397,False,True,True,True,False,-0.015971606033717833,-0.01140350877192986,-0.005235602094240899,-0.00865051903114189,-0.00274977085242889,-0.019766397124887702,0.004512635379061436,0.0009033423667570428,-0.006656804733727761,-0.002949852507374673,0.010055865921787754,-0.005923731951129163,-0.004171011470281427,-0.008273009307135482,0.01682439537329139,-0.012461059190031265,0.009254362771020652,0.007190412782956068,-0.0002662406815763241,-0.0010638297872340718
2024-06-17,11.24,11.01,27.44,9.55,38.52,0.0,0.003646308113035568,0.0219739292364991,0.004206098843323014,0.0,True,False,True,False,True,0.01352569882777277,-0.015971606033717833,-0.01140350877192986,-0.005235602094240899,0.008272058823529438,-0.00274977085242889,-0.019766397124887702,0.004512635379061436,-0.00037230081906169943,-0.006656804733727761,-0.002949852507374673,0.010055865921787754,-0.004188481675392763,-0.004171011470281427,-0.008273009307135482,0.01682439537329139,0.009169504846738397,0.009254362771020652,0.007190412782956068,-0.0002662406815763241
2024-06-18,11.25,10.93,27.39,9.61,38.61,0.000889679715302405,-0.0072661217075385975,-0.0018221574344023939,0.006282722513088812,0.002336448598130758,False,True,True,True,True,0.0,0.01352569882777277,-0.015971606033717833,-0.01140350877192986,0.003646308113035568,0.008272058823529438,-0.00274977085242889,-0.019766397124887702,0.0219739292364991,-0.00037230081906169943,-0.006656804733727761,-0.002949852507374673,0.004206098843323014,-0.004188481675392763,-0.004171011470281427,-0.008273009307135482,0.0,0.009169504846738397,0.009254362771020652,0.007190412782956068
2024-06-19,11.2,10.99,27.51,9.64,39.55,-0.004444444444444473,0.0054894784995425105,0.004381161007667167,0.003121748178980255,0.024346024346024286,True,True,True,False,True,0.000889679715302405,0.0,0.01352569882777277,-0.015971606033717833,-0.0072661217075385975,0.003646308113035568,0.008272058823529438,-0.00274977085242889,-0.0018221574344023939,0.0219739292364991,-0.00037230081906169943,-0.006656804733727761,0.006282722513088812,0.004206098843323014,-0.004188481675392763,-0.004171011470281427,0.002336448598130758,0.0,0.009169504846738397,0.009254362771020652
2024-06-20,11.28,11.02,27.49,9.68,40.52,0.0071428571428571175,0.0027297543221109777,-0.0007270083605962485,0.004149377593360981,0.024525916561314975,False,True,False,True,True,-0.004444444444444473,0.000889679715302405,0.0,0.01352569882777277,0.0054894784995425105,-0.0072661217075385975,0.003646308113035568,0.008272058823529438,0.004381161007667167,-0.0018221574344023939,0.0219739292364991,-0.00037230081906169943,0.003121748178980255,0.006282722513088812,0.004206098843323014,-0.004188481675392763,0.024346024346024286,0.002336448598130758,0.0,0.009169504846738397
2024-06-21,11.28,11.09,28.05,9.68,40.81,0.0,0.006352087114337657,0.020371044016005868,0.0,0.007156959526159801,True,True,True,True,False,0.0071428571428571175,-0.004444444444444473,0.000889679715302405,0.0,0.0027297543221109777,0.0054894784995425105,-0.0072661217075385975,0.003646308113035568,-0.0007270083605962485,0.004381161007667167,-0.0018221574344023939,0.0219739292364991,0.004149377593360981,0.003121748178980255,0.006282722513088812,0.004206098843323014,0.024525916561314975,0.024346024346024286,0.002336448598130758,0.0
2024-06-24,11.32,11.18,28.2,9.84,40.6,0.0035460992907803135,0.008115419296663706,0.005347593582887722,0.016528925619834656,-0.005145797598627766,True,False,True,False,True,0.0,0.0071428571428571175,-0.004444444444444473,0.000889679715302405,0.006352087114337657,0.0027297543221109777,0.0054894784995425105,-0.0072661217075385975,0.020371044016005868,-0.0007270083605962485,0.004381161007667167,-0.0018221574344023939,0.0,0.004149377593360981,0.003121748178980255,0.006282722513088812,0.007156959526159801,0.024525916561314975,0.024346024346024286,0.002336448598130758
2024-06-25,11.38,11.12,28.13,9.87,41.3,0.005300353356890497,-0.00536672629695889,-0.0024822695035461306,0.0030487804878047697,0.01724137931034475,True,False,False,False,True,0.0035460992907803135,0.0,0.0071428571428571175,-0.004444444444444473,0.008115419296663706,0.006352087114337657,0.0027297543221109777,0.0054894784995425105,0.005347593582887722,0.020371044016005868,-0.0007270083605962485,0.004381161007667167,0.016528925619834656,0.0,0.004149377593360981,0.003121748178980255,-0.005145797598627766,0.007156959526159801,0.024525916561314975,0.024346024346024286
2024-06-26,11.45,11.1,27.91,9.82,41.68,0.0061511423550086874,-0.0017985611510791255,-0.007820831852115129,-0.005065856129685797,0.009200968523002562,True,True,False,True,False,0.005300353356890497,0.0035460992907803135,0.0,0.0071428571428571175,-0.00536672629695889,0.008115419296663706,0.006352087114337657,0.0027297543221109777,-0.0024822695035461306,0.005347593582887722,0.020371044016005868,-0.0007270083605962485,0.0030487804878047697,0.016528925619834656,0.0,0.004149377593360981,0.01724137931034475,-0.005145797598627766,0.007156959526159801,0.024525916561314975
2024-06-27,11.46,11.12,28.04,9.81,41.43,0.0008733624454149158,0.0018018018018017834,0.0046578287352203596,-0.0010183299389001643,-0.005998080614203483,False,True,True,False,True,0.0061511423550086874,0.005300353356890497,0.0035460992907803135,0.0,-0.0017985611510791255,-0.00536672629695889,0.008115419296663706,0.006352087114337657,-0.007820831852115129,-0.0024822695035461306,0.005347593582887722,0.020371044016005868,-0.005065856129685797,0.0030487804878047697,0.016528925619834656,0.0,0.009200968523002562,0.01724137931034475,-0.005145797598627766,0.007156959526159801
2024-06-28,11.41,11.14,28.04,9.82,41.92,-0.0043630017452007674,0.0017985611510793476,0.0,0.0010193679918450993,0.011827178373159608,True,False,False,False,False,0.0008733624454149158,0.0061511423550086874,0.005300353356890497,0.0035460992907803135,0.0018018018018017834,-0.0017985611510791255,-0.00536672629695889,0.008115419296663706,0.0046578287352203596,-0.007820831852115129,-0.0024822695035461306,0.005347593582887722,-0.0010183299389001643,-0.005065856129685797,0.0030487804878047697,0.016528925619834656,-0.005998080614203483,0.009200968523002562,0.01724137931034475,-0.005145797598627766
2024-07-01,11.45,11.06,27.84,9.73,41.76,0.0035056967572304476,-0.007181328545781018,-0.007132667617688937,-0.009164969450101812,-0.003816793893129833,True,True,True,True,True,-0.0043630017452007674,0.0008733624454149158,0.0061511423550086874,0.005300353356890497,0.0017985611510793476,0.0018018018018017834,-0.0017985611510791255,-0.00536672629695889,0.0,0.0046578287352203596,-0.007820831852115129,-0.0024822695035461306,0.0010193679918450993,-0.0010183299389001643,-0.005065856129685797,0.0030487804878047697,0.011827178373159608,-0.005998080614203483,0.009200968523002562,0.01724137931034475
2024-07-02,11.46,11.1,28.0,9.82,41.82,0.0008733624454149158,0.0036166365280287938,0.005747126436781658,0.009249743062692772,0.001436781609195359,False,True,True,True,True,0.0035056967572304476,-0.0043630017452007674,0.0008733624454149158,0.0061511423550086874,-0.007181328545781018,0.0017985611510793476,0.0018018018018017834,-0.0017985611510791255,-0.007132667617688937,0.0,0.0046578287352203596,-0.007820831852115129,-0.009164969450101812,0.0010193679918450993,-0.0010183299389001643,-0.005065856129685797,-0.003816793893129833,0.011827178373159608,-0.005998080614203483,0.009200968523002562
2024-07-03,11.38,11.18,28.29,9.91,41.9,-0.006980802792321161,0.007207207207207134,0.010357142857142732,0.009164969450101923,0.0019129603060736855,True,True,True,True,False,0.0008733624454149158,0.0035056967572304476,-0.0043630017452007674,0.0008733624454149158,0.0036166365280287938,-0.007181328545781018,0.0017985611510793476,0.0018018018018017834,0.005747126436781658,-0.007132667617688937,0.0,0.0046578287352203596,0.009249743062692772,-0.009164969450101812,0.0010193679918450993,-0.0010183299389001643,0.001436781609195359,-0.003816793893129833,0.011827178373159608,-0.005998080614203483
2024-07-04,11.45,11.21,28.47,9.98,41.68,0.0061511423550086874,0.0026833631484795006,0.006362672322375307,0.007063572149344166,-0.005250596658711193,False,True,False,False,True,-0.006980802792321161,0.0008733624454149158,0.0035056967572304476,-0.0043630017452007674,0.007207207207207134,0.0036166365280287938,-0.007181328545781018,0.0017985611510793476,0.010357142857142732,0.005747126436781658,-0.007132667617688937,0.0,0.009164969450101923,0.009249743062692772,-0.009164969450101812,0.0010193679918450993,0.0019129603060736855,0.001436781609195359,-0.003816793893129833,0.011827178373159608
2024-07-05,11.32,11.29,28.25,9.92,41.98,-0.011353711790392906,0.007136485280998972,-0.007727432384966537,-0.006012024048096198,0.007197696737044179,False,True,False,True,True,0.0061511423550086874,-0.006980802792321161,0.0008733624454149158,0.0035056967572304476,0.0026833631484795006,0.007207207207207134,0.0036166365280287938,-0.007181328545781018,0.006362672322375307,0.010357142857142732,0.005747126436781658,-0.007132667617688937,0.007063572149344166,0.009164969450101923,0.009249743062692772,-0.009164969450101812,-0.005250596658711193,0.0019129603060736855,0.001436781609195359,-0.003816793893129833
2024-07-08,11.25,11.31,28.33,9.83,44.25,-0.006183745583038913,0.001771479185119773,0.002831858407079668,-0.009072580645161255,0.05407336827060516,False,True,True,True,True,-0.011353711790392906,0.0061511423550086874,-0.006980802792321161,0.0008733624454149158,0.007136485280998972,0.0026833631484795006,0.007207207207207134,0.0036166365280287938,-0.007727432384966537,0.006362672322375307,0.010357142857142732,0.005747126436781658,-0.006012024048096198,0.007063572149344166,0.009164969450101923,0.009249743062692772,0.007197696737044179,-0.005250596658711193,0.0019129603060736855,0.001436781609195359
2024-07-09,11.25,11.32,28.52,9.91,44.33,0.0,0.0008841732979663064,0.006706671373102768,0.008138351983723258,0.0018079096045198195,True,True,True,True,False,-0.006183745583038913,-0.011353711790392906,0.0061511423550086874,-0.006980802792321161,0.001771479185119773,0.007136485280998972,0.0026833631484795006,0.007207207207207134,0.002831858407079668,-0.007727432384966537,0.006362672322375307,0.010357142857142732,-0.009072580645161255,-0.006012024048096198,0.007063572149344166,0.009164969450101923,0.05407336827060516,0.007197696737044179,-0.005250596658711193,0.0019129603060736855
2024-07-10,11.4,11.52,28.56,10.06,43.83,0.01333333333333342,0.0176678445229681,0.0014025245441795509,0.015136226034308864,-0.011279043537108069,True,True,True,True,True,0.0,-0.006183745583038913,-0.011353711790392906,0.0061511423550086874,0.0008841732979663064,0.001771479185119773,0.007136485280998972,0.0026833631484795006,0.006706671373102768,0.002831858407079668,-0.007727432384966537,0.006362672322375307,0.008138351983723258,-0.009072580645161255,-0.006012024048096198,0.007063572149344166,0.0018079096045198195,0.05407336827060516,0.007197696737044179,-0.005250596658711193
2024-07-11,11.53,11.56,28.79,10.12,44.73,0.011403508771929749,0.003472222222222321,0.008053221288515378,0.005964214711729587,0.02053388090349073,True,False,True,False,True,0.01333333333333342,0.0,-0.006183745583038913,-0.011353711790392906,0.0176678445229681,0.0008841732979663064,0.001771479185119773,0.007136485280998972,0.0014025245441795509,0.006706671373102768,0.002831858407079668,-0.007727432384966537,0.015136226034308864,0.008138351983723258,-0.009072580645161255,-0.006012024048096198,-0.011279043537108069,0.0018079096045198195,0.05407336827060516,0.007197696737044179
2024-07-12,11.64,11.53,28.65,10.17,45.65,0.009540329575021822,-0.002595155709342656,-0.004862799583188582,0.004940711462450675,0.020567851553767058,False,False,True,True,True,0.011403508771929749,0.01333333333333342,0.0,-0.006183745583038913,0.003472222222222321,0.0176678445229681,0.0008841732979663064,0.001771479185119773,0.008053221288515378,0.0014025245441795509,0.006706671373102768,0.002831858407079668,0.005964214711729587,0.015136226034308864,0.008138351983723258,-0.009072580645161255,0.02053388090349073,-0.011279043537108069,0.0018079096045198195,0.05407336827060516
2024-07-15,11.64,11.47,28.7,10.19,46.28,0.0,-0.005203816131829853,0.0017452006980802626,0.001966568338249708,0.013800657174151132,True,True,False,True,True,0.009540329575021822,0.011403508771929749,0.01333333333333342,0.0,-0.002595155709342656,0.003472222222222321,0.0176678445229681,0.0008841732979663064,-0.004862799583188582,0.008053221288515378,0.0014025245441795509,0.006706671373102768,0.004940711462450675,0.005964214711729587,0.015136226034308864,0.008138351983723258,0.020567851553767058,0.02053388090349073,-0.011279043537108069,0.0018079096045198195
2024-07-16,11.7,11.55,28.86,10.19,46.45,0.005154639175257714,0.006974716652136115,0.0055749128919859725,0.0,0.0036732929991356578,True,True,True,True,True,0.0,0.009540329575021822,0.011403508771929749,0.01333333333333342,-0.005203816131829853,-0.002595155709342656,0.003472222222222321,0.0176678445229681,0.0017452006980802626,-0.004862799583188582,0.008053221288515378,0.0014025245441795509,0.001966568338249708,0.004940711462450675,0.005964214711729587,0.015136226034308864,0.013800657174151132,0.020567851553767058,0.02053388090349073,-0.011279043537108069
2024-07-17,11.82,11.69,29.27,10.31,46.81,0.010256410256410442,0.012121212121211977,0.014206514206514198,0.011776251226693013,0.007750269106566288,False,False,False,False,True,0.005154639175257714,0.0,0.009540329575021822,0.011403508771929749,0.006974716652136115,-0.005203816131829853,-0.002595155709342656,0.003472222222222321,0.0055749128919859725,0.0017452006980802626,-0.004862799583188582,0.008053221288515378,0.0,0.001966568338249708,0.004940711462450675,0.005964214711729587,0.0036732929991356578,0.013800657174151132,0.020567851553767058,0.02053388090349073
2024-07-18,11.67,11.47,29.07,10.23,47.16,-0.012690355329949221,-0.018819503849443864,-0.006832934745473196,-0.007759456838021372,0.0074770348216191,True,False,True,True,False,0.010256410256410442,0.005154639175257714,0.0,0.009540329575021822,0.012121212121211977,0.006974716652136115,-0.005203816131829853,-0.002595155709342656,0.014206514206514198,0.0055749128919859725,0.0017452006980802626,-0.004862799583188582,0.011776251226693013,0.0,0.001966568338249708,0.004940711462450675,0.007750269106566288,0.0036732929991356578,0.013800657174151132,0.020567851553767058
2024-07-19,11.73,11.43,29.33,10.32,47.05,0.005141388174807249,-0.0034873583260680574,0.008943928448572391,0.008797653958944274,-0.002332485156912645,True,True,True,False,False,-0.012690355329949221,0.010256410256410442,0.005154639175257714,0.0,-0.018819503849443864,0.012121212121211977,0.006974716652136115,-0.005203816131829853,-0.006832934745473196,0.014206514206514198,0.0055749128919859725,0.0017452006980802626,-0.007759456838021372,0.011776251226693013,0.0,0.001966568338249708,0.0074770348216191,0.007750269106566288,0.0036732929991356578,0.013800657174151132
2024-07-22,11.81,11.51,29.31,10.38,46.93,0.006820119352088705,0.006999125109361293,-0.0006818956699624623,0.005813953488372103,-0.0025504782146651417,False,False,False,False,False,0.005141388174807249,-0.012690355329949221,0.010256410256410442,0.005154639175257714,-0.0034873583260680574,-0.018819503849443864,0.012121212121211977,0.006974716652136115,0.008943928448572391,-0.006832934745473196,0.014206514206514198,0.0055749128919859725,0.008797653958944274,-0.007759456838021372,0.011776251226693013,0.0,-0.002332485156912645,0.0074770348216191,0.007750269106566288,0.0036732929991356578
2024-07-23,11.78,11.36,29.21,10.29,46.81,-0.002540220152413286,-0.013032145960034769,-0.003411804844762778,-0.008670520231214063,-0.0025569997869165917,True,False,False,True,False,0.006820119352088705,0.005141388174807249,-0.012690355329949221,0.010256410256410442,0.006999125109361293,-0.0034873583260680574,-0.018819503849443864,0.012121212121211977,-0.0006818956699624623,0.008943928448572391,-0.006832934745473196,0.014206514206514198,0.005813953488372103,0.008797653958944274,-0.007759456838021372,0.011776251226693013,-0.0025504782146651417,-0.002332485156912645,0.0074770348216191,0.007750269106566288
2024-07-24,11.79,11.34,29.27,10.21,46.42,0.000848896434634927,-0.0017605633802816323,0.002054091064703778,-0.007774538386783103,-0.008331553086947219,True,False,False,False,False,-0.002540220152413286,0.006820119352088705,0.005141388174807249,-0.012690355329949221,-0.013032145960034769,0.006999125109361293,-0.0034873583260680574,-0.018819503849443864,-0.003411804844762778,-0.0006818956699624623,0.008943928448572391,-0.006832934745473196,-0.008670520231214063,0.005813953488372103,0.008797653958944274,-0.007759456838021372,-0.0025569997869165917,-0.0025504782146651417,-0.002332485156912645,0.0074770348216191
2024-07-25,11.85,11.2,29.1,10.17,45.72,0.0050890585241729624,-0.012345679012345734,-0.0058079945336521055,-0.003917727717923647,-0.01507970702283501,True,True,True,True,True,0.000848896434634927,-0.002540220152413286,0.006820119352088705,0.005141388174807249,-0.0017605633802816323,-0.013032145960034769,0.006999125109361293,-0.0034873583260680574,0.002054091064703778,-0.003411804844762778,-0.0006818956699624623,0.008943928448572391,-0.007774538386783103,-0.008670520231214063,0.005813953488372103,0.008797653958944274,-0.008331553086947219,-0.0025569997869165917,-0.0025504782146651417,-0.002332485156912645
2024-07-26,11.88,11.3,29.3,10.22,46.68,0.0025316455696202667,0.008928571428571619,0.0068728522336769515,0.004916420845624492,0.0209973753280841,False,False,True,True,False,0.0050890585241729624,0.000848896434634927,-0.002540220152413286,0.006820119352088705,-0.012345679012345734,-0.0017605633802816323,-0.013032145960034769,0.006999125109361293,-0.0058079945336521055,0.002054091064703778,-0.003411804844762778,-0.0006818956699624623,-0.003917727717923647,-0.007774538386783103,-0.008670520231214063,0.005813953488372103,-0.01507970702283501,-0.008331553086947219,-0.0025569997869165917,-0.0025504782146651417
2024-07-29,11.82,11.3,29.51,10.28,46.25,-0.005050505050505083,0.0,0.0071672354948806305,0.005870841487279677,-0.009211653813196219,False,False,True,False,False,0.0025316455696202667,0.0050890585241729624,0.000848896434634927,-0.002540220152413286,0.008928571428571619,-0.012345679012345734,-0.0017605633802816323,-0.013032145960034769,0.0068728522336769515,-0.0058079945336521055,0.002054091064703778,-0.003411804844762778,0.004916420845624492,-0.003917727717923647,-0.007774538386783103,-0.008670520231214063,0.0209973753280841,-0.01507970702283501,-0.008331553086947219,-0.0025569997869165917
2024-07-30,11.64,11.21,29.43,10.3,45.63,-0.015228426395939021,-0.007964601769911539,-0.002710945442223056,0.001945525291829009,-0.013405405405405357,False,False,False,False,True,-0.005050505050505083,0.0025316455696202667,0.0050890585241729624,0.000848896434634927,0.0,0.008928571428571619,-0.012345679012345734,-0.0017605633802816323,0.0071672354948806305,0.0068728522336769515,-0.0058079945336521055,0.002054091064703778,0.005870841487279677,0.004916420845624492,-0.003917727717923647,-0.007774538386783103,-0.009211653813196219,0.0209973753280841,-0.01507970702283501,-0.008331553086947219
2024-07-31,11.58,11.2,29.09,10.16,50.41,-0.005154639175257825,-0.000892060660125038,-0.011552837240910607,-0.013592233009708798,0.10475564321718145,True,True,False,False,True,-0.015228426395939021,-0.005050505050505083,0.0025316455696202667,0.0050890585241729624,-0.007964601769911539,0.0,0.008928571428571619,-0.012345679012345734,-0.002710945442223056,0.0071672354948806305,0.0068728522336769515,-0.0058079945336521055,0.001945525291829009,0.005870841487279677,0.004916420845624492,-0.003917727717923647,-0.013405405405405357,-0.009211653813196219,0.0209973753280841,-0.01507970702283501
2024-08-01,11.74,11.32,28.59,9.89,52.58,0.013816925734024155,0.010714285714285898,-0.01718803712616024,-0.026574803149606252,0.04304701448125381,True,False,False,False,False,-0.005154639175257825,-0.015228426395939021,-0.005050505050505083,0.0025316455696202667,-0.000892060660125038,-0.007964601769911539,0.0,0.008928571428571619,-0.011552837240910607,-0.002710945442223056,0.0071672354948806305,0.0068728522336769515,-0.013592233009708798,0.001945525291829009,0.005870841487279677,0.004916420845624492,0.10475564321718145,-0.013405405405405357,-0.009211653813196219,0.0209973753280841
2024-08-02,11.87,11.32,28.37,9.84,49.57,0.011073253833049357,0.0,-0.007694998251136731,-0.005055611729019249,-0.05724610117915552,False,True,False,False,False,0.013816925734024155,-0.005154639175257825,-0.015228426395939021,-0.005050505050505083,0.010714285714285898,-0.000892060660125038,-0.007964601769911539,0.0,-0.01718803712616024,-0.011552837240910607,-0.002710945442223056,0.0071672354948806305,-0.026574803149606252,-0.013592233009708798,0.001945525291829009,0.005870841487279677,0.04304701448125381,0.10475564321718145,-0.013405405405405357,-0.009211653813196219
2024-08-05,11.85,12.25,28.23,9.82,48.8,-0.0016849199663016012,0.08215547703180204,-0.004934790271413525,-0.00203252032520318,-0.015533588864232506,True,True,True,True,True,0.011073253833049357,0.013816925734024155,-0.005154639175257825,-0.015228426395939021,0.0,0.010714285714285898,-0.000892060660125038,-0.007964601769911539,-0.007694998251136731,-0.01718803712616024,-0.011552837240910607,-0.002710945442223056,-0.005055611729019249,-0.026574803149606252,-0.013592233009708798,0.001945525291829009,-0.05724610117915552,0.04304701448125381,0.10475564321718145,-0.013405405405405357
2024-08-06,12.01,12.67,28.88,9.97,48.91,0.013502109704641274,0.03428571428571425,0.02302515054906129,0.015274949083503131,0.0022540983606558207,True,False,True,True,False,-0.0016849199663016012,0.011073253833049357,0.013816925734024155,-0.005154639175257825,0.08215547703180204,0.0,0.010714285714285898,-0.000892060660125038,-0.004934790271413525,-0.007694998251136731,-0.01718803712616024,-0.011552837240910607,-0.00203252032520318,-0.005055611729019249,-0.026574803149606252,-0.013592233009708798,-0.015533588864232506,-0.05724610117915552,0.04304701448125381,0.10475564321718145
2024-08-07,12.51,12.64,29.03,10.04,48.26,0.04163197335553703,-0.0023677979479084232,0.005193905817174604,0.007021063189568633,-0.01328971580453897,False,True,True,True,True,0.013502109704641274,-0.0016849199663016012,0.011073253833049357,0.013816925734024155,0.03428571428571425,0.08215547703180204,0.0,0.010714285714285898,0.02302515054906129,-0.004934790271413525,-0.007694998251136731,-0.01718803712616024,0.015274949083503131,-0.00203252032520318,-0.005055611729019249,-0.026574803149606252,0.0022540983606558207,-0.015533588864232506,-0.05724610117915552,0.04304701448125381
2024-08-08,12.36,12.76,29.07,10.08,49.63,-0.011990407673860948,0.009493670886075778,0.0013778849466068444,0.003984063745019917,0.02838789888106108,True,True,True,True,True,0.04163197335553703,0.013502109704641274,-0.0016849199663016012,0.011073253833049357,-0.0023677979479084232,0.03428571428571425,0.08215547703180204,0.0,0.005193905817174604,0.02302515054906129,-0.004934790271413525,-0.007694998251136731,0.007021063189568633,0.015274949083503131,-0.00203252032520318,-0.005055611729019249,-0.01328971580453897,0.0022540983606558207,-0.015533588864232506,-0.05724610117915552
2024-08-09,12.45,13.01,29.62,10.29,49.64,0.007281553398058138,0.019592476489028288,0.01891984864121099,0.02083333333333326,0.00020149103364897059,False,True,True,True,True,-0.011990407673860948,0.04163197335553703,0.013502109704641274,-0.0016849199663016012,0.009493670886075778,-0.0023677979479084232,0.03428571428571425,0.08215547703180204,0.0013778849466068444,0.005193905817174604,0.02302515054906129,-0.004934790271413525,0.003984063745019917,0.007021063189568633,0.015274949083503131,-0.00203252032520318,0.02838789888106108,-0.01328971580453897,0.0022540983606558207,-0.015533588864232506
2024-08-12,12.39,13.14,29.8,10.41,50.52,-0.004819277108433662,0.009992313604919367,0.006076975016880537,0.011661807580175099,0.017727639000805873,True,True,True,True,True,0.007281553398058138,-0.011990407673860948,0.04163197335553703,0.013502109704641274,0.019592476489028288,0.009493670886075778,-0.0023677979479084232,0.03428571428571425,0.01891984864121099,0.0013778849466068444,0.005193905817174604,0.02302515054906129,0.02083333333333326,0.003984063745019917,0.007021063189568633,0.015274949083503131,0.00020149103364897059,0.02838789888106108,-0.01328971580453897,0.0022540983606558207
2024-08-13,12.57,13.29,30.56,10.61,51.07,0.014527845036319542,0.011415525114155223,0.025503355704697972,0.019212295869356355,0.010886777513855916,False,True,True,True,True,-0.004819277108433662,0.007281553398058138,-0.011990407673860948,0.04163197335553703,0.009992313604919367,0.019592476489028288,0.009493670886075778,-0.0023677979479084232,0.006076975016880537,0.01891984864121099,0.0013778849466068444,0.005193905817174604,0.011661807580175099,0.02083333333333326,0.003984063745019917,0.007021063189568633,0.017727639000805873,0.00020149103364897059,0.02838789888106108,-0.01328971580453897
2024-08-14,12.56,13.37,31.29,10.8,51.48,-0.0007955449482895949,0.0060195635816402415,0.023887434554973774,0.017907634307257503,0.008028196592911652,True,True,True,True,True,0.014527845036319542,-0.004819277108433662,0.007281553398058138,-0.011990407673860948,0.011415525114155223,0.009992313604919367,0.019592476489028288,0.009493670886075778,0.025503355704697972,0.006076975016880537,0.01891984864121099,0.0013778849466068444,0.019212295869356355,0.011661807580175099,0.02083333333333326,0.003984063745019917,0.010886777513855916,0.017727639000805873,0.00020149103364897059,0.02838789888106108
2024-08-15,13.03,13.54,31.79,10.94,52.63,0.03742038216560495,0.012715033657441976,0.015979546180888482,0.012962962962962843,0.02233877233877246,False,False,False,False,True,-0.0007955449482895949,0.014527845036319542,-0.004819277108433662,0.007281553398058138,0.0060195635816402415,0.011415525114155223,0.009992313604919367,0.019592476489028288,0.023887434554973774,0.025503355704697972,0.006076975016880537,0.01891984864121099,0.017907634307257503,0.019212295869356355,0.011661807580175099,0.02083333333333326,0.008028196592911652,0.010886777513855916,0.017727639000805873,0.00020149103364897059
2024-08-16,13.01,13.32,31.63,10.92,53.18,-0.0015349194167305624,-0.016248153618906858,-0.005033029254482568,-0.001828153564899404,0.010450313509405174,False,True,True,True,False,0.03742038216560495,-0.0007955449482895949,0.014527845036319542,-0.004819277108433662,0.012715033657441976,0.0060195635816402415,0.011415525114155223,0.009992313604919367,0.015979546180888482,0.023887434554973774,0.025503355704697972,0.006076975016880537,0.012962962962962843,0.017907634307257503,0.019212295869356355,0.011661807580175099,0.02233877233877246,0.008028196592911652,0.010886777513855916,0.017727639000805873
2024-08-19,13.01,14.07,31.95,11.06,51.73,0.0,0.056306306306306286,0.010116977552956152,0.012820512820512775,-0.027265889432117385,False,False,False,True,True,-0.0015349194167305624,0.03742038216560495,-0.0007955449482895949,0.014527845036319542,-0.016248153618906858,0.012715033657441976,0.0060195635816402415,0.011415525114155223,-0.005033029254482568,0.015979546180888482,0.023887434554973774,0.025503355704697972,-0.001828153564899404,0.012962962962962843,0.017907634307257503,0.019212295869356355,0.010450313509405174,0.02233877233877246,0.008028196592911652,0.010886777513855916
2024-08-20,12.94,14.04,32.27,11.06,53.04,-0.005380476556494984,-0.002132196162046962,0.010015649452269182,0.0,0.02532379663638129,False,False,False,False,True,0.0,-0.0015349194167305624,0.03742038216560495,-0.0007955449482895949,0.056306306306306286,-0.016248153618906858,0.012715033657441976,0.0060195635816402415,0.010116977552956152,-0.005033029254482568,0.015979546180888482,0.023887434554973774,0.012820512820512775,-0.001828153564899404,0.012962962962962843,0.017907634307257503,-0.027265889432117385,0.010450313509405174,0.02233877233877246,0.008028196592911652
2024-08-21,12.94,14.02,32.11,11.0,53.36,0.0,-0.0014245014245013454,-0.004958165478772925,-0.005424954792043413,0.006033182503770718,True,False,False,False,True,-0.005380476556494984,0.0,-0.0015349194167305624,0.03742038216560495,-0.002132196162046962,0.056306306306306286,-0.016248153618906858,0.012715033657441976,0.010015649452269182,0.010116977552956152,-0.005033029254482568,0.015979546180888482,0.0,0.012820512820512775,-0.001828153564899404,0.012962962962962843,0.02532379663638129,-0.027265889432117385,0.010450313509405174,0.02233877233877246
2024-08-22,13.0,14.01,31.76,10.9,54.13,0.004636785162287493,-0.0007132667617688604,-0.01090003114294602,-0.009090909090909038,0.014430284857571252,True,True,True,False,False,0.0,-0.005380476556494984,0.0,-0.0015349194167305624,-0.0014245014245013454,-0.002132196162046962,0.056306306306306286,-0.016248153618906858,-0.004958165478772925,0.010015649452269182,0.010116977552956152,-0.005033029254482568,-0.005424954792043413,0.0,0.012820512820512775,-0.001828153564899404,0.006033182503770718,0.02532379663638129,-0.027265889432117385,0.010450313509405174
2024-08-23,13.08,14.18,31.59,10.94,53.74,0.006153846153846176,0.012134189864382527,-0.005352644836272069,0.003669724770642091,-0.007204877147607647,False,False,True,False,True,0.004636785162287493,0.0,-0.005380476556494984,0.0,-0.0007132667617688604,-0.0014245014245013454,-0.002132196162046962,0.056306306306306286,-0.01090003114294602,-0.004958165478772925,0.010015649452269182,0.010116977552956152,-0.009090909090909038,-0.005424954792043413,0.0,0.012820512820512775,0.014430284857571252,0.006033182503770718,0.02532379663638129,-0.027265889432117385
2024-08-26,13.08,14.11,31.57,10.96,54.01,0.0,-0.0049365303244005565,-0.0006331117442228695,0.001828153564899626,0.0050241905470784776,False,False,False,False,False,0.006153846153846176,0.004636785162287493,0.0,-0.005380476556494984,0.012134189864382527,-0.0007132667617688604,-0.0014245014245013454,-0.002132196162046962,-0.005352644836272069,-0.01090003114294602,-0.004958165478772925,0.010015649452269182,0.003669724770642091,-0.009090909090909038,-0.005424954792043413,0.0,-0.007204877147607647,0.014430284857571252,0.006033182503770718,0.02532379663638129
2024-08-27,13.03,13.97,31.5,10.92,53.93,-0.003822629969419067,-0.0099220411055988,-0.0022172949002217113,-0.0036496350364964014,-0.0014812071838548047,False,True,True,True,False,0.0,0.006153846153846176,0.004636785162287493,0.0,-0.0049365303244005565,0.012134189864382527,-0.0007132667617688604,-0.0014245014245013454,-0.0006331117442228695,-0.005352644836272069,-0.01090003114294602,-0.004958165478772925,0.001828153564899626,0.003669724770642091,-0.009090909090909038,-0.005424954792043413,0.0050241905470784776,-0.007204877147607647,0.014430284857571252,0.006033182503770718
2024-08-28,12.95,14.15,32.24,11.14,53.93,-0.006139677666922472,0.012884753042233354,0.023492063492063453,0.020146520146520297,0.0,False,False,False,False,False,-0.003822629969419067,0.0,0.006153846153846176,0.004636785162287493,-0.0099220411055988,-0.0049365303244005565,0.012134189864382527,-0.0007132667617688604,-0.0022172949002217113,-0.0006331117442228695,-0.005352644836272069,-0.01090003114294602,-0.0036496350364964014,0.001828153564899626,0.003669724770642091,-0.009090909090909038,-0.0014812071838548047,0.0050241905470784776,-0.007204877147607647,0.014430284857571252
2024-08-29,12.86,14.08,32.16,11.0,53.47,-0.006949806949806958,-0.004946996466431153,-0.002481389578163906,-0.012567324955116699,-0.008529575375486709,False,True,False,False,True,-0.006139677666922472,-0.003822629969419067,0.0,0.006153846153846176,0.012884753042233354,-0.0099220411055988,-0.0049365303244005565,0.012134189864382527,0.023492063492063453,-0.0022172949002217113,-0.0006331117442228695,-0.005352644836272069,0.020146520146520297,-0.0036496350364964014,0.001828153564899626,0.003669724770642091,0.0,-0.0014812071838548047,0.0050241905470784776,-0.007204877147607647
2024-08-30,12.86,14.12,31.79,10.9,54.08,0.0,0.0028409090909089496,-0.01150497512437798,-0.009090909090909038,0.0114082663175612,True,False,True,False,False,-0.006949806949806958,-0.006139677666922472,-0.003822629969419067,0.0,-0.004946996466431153,0.012884753042233354,-0.0099220411055988,-0.0049365303244005565,-0.002481389578163906,0.023492063492063453,-0.0022172949002217113,-0.0006331117442228695,-0.012567324955116699,0.020146520146520297,-0.0036496350364964014,0.001828153564899626,-0.008529575375486709,0.0,-0.0014812071838548047,0.0050241905470784776
2024-09-02,12.87,14.0,31.67,10.91,52.28,0.0007776049766718973,-0.008498583569405027,-0.003774771940861843,0.0009174311926605228,-0.03328402366863903,False,True,True,True,True,0.0,-0.006949806949806958,-0.006139677666922472,-0.003822629969419067,0.0028409090909089496,-0.004946996466431153,0.012884753042233354,-0.0099220411055988,-0.01150497512437798,-0.002481389578163906,0.023492063492063453,-0.0022172949002217113,-0.009090909090909038,-0.012567324955116699,0.020146520146520297,-0.0036496350364964014,0.0114082663175612,-0.008529575375486709,0.0,-0.0014812071838548047
2024-09-03,12.8,14.21,32.19,11.07,52.73,-0.005439005439005329,0.015000000000000124,0.01641932428165438,0.014665444546287931,0.00860749808722261,True,True,True,True,True,0.0007776049766718973,0.0,-0.006949806949806958,-0.006139677666922472,-0.008498583569405027,0.0028409090909089496,-0.004946996466431153,0.012884753042233354,-0.003774771940861843,-0.01150497512437798,-0.002481389578163906,0.023492063492063453,0.0009174311926605228,-0.009090909090909038,-0.012567324955116699,0.020146520146520297,-0.03328402366863903,0.0114082663175612,-0.008529575375486709,0.0
2024-09-04,12.99,14.29,32.44,11.27,53.32,0.014843750000000044,0.005629838142153343,0.00776638707673194,0.01806684733513997,0.011189076427081446,False,True,False,True,True,-0.005439005439005329,0.0007776049766718973,0.0,-0.006949806949806958,0.015000000000000124,-0.008498583569405027,0.0028409090909089496,-0.004946996466431153,0.01641932428165438,-0.003774771940861843,-0.01150497512437798,-0.002481389578163906,0.014665444546287931,0.0009174311926605228,-0.009090909090909038,-0.012567324955116699,0.00860749808722261,-0.03328402366863903,0.0114082663175612,-0.008529575375486709
2024-09-05,12.97,14.38,32.65,11.16,53.92,-0.0015396458814472824,0.006298110566830051,0.006473489519112308,-0.00976042590949422,0.01125281320330096,True,False,True,False,False,0.014843750000000044,-0.005439005439005329,0.0007776049766718973,0.0,0.005629838142153343,0.015000000000000124,-0.008498583569405027,0.0028409090909089496,0.00776638707673194,0.01641932428165438,-0.003774771940861843,-0.01150497512437798,0.01806684733513997,0.014665444546287931,0.0009174311926605228,-0.009090909090909038,0.011189076427081446,0.00860749808722261,-0.03328402366863903,0.0114082663175612
2024-09-06,12.99,14.17,32.37,11.18,52.81,0.0015420200462605838,-0.014603616133518793,-0.008575803981623276,0.0017921146953405742,-0.02058605341246289,True,True,True,True,False,-0.0015396458814472824,0.014843750000000044,-0.005439005439005329,0.0007776049766718973,0.006298110566830051,0.005629838142153343,0.015000000000000124,-0.008498583569405027,0.006473489519112308,0.00776638707673194,0.01641932428165438,-0.003774771940861843,-0.00976042590949422,0.01806684733513997,0.014665444546287931,0.0009174311926605228,0.01125281320330096,0.011189076427081446,0.00860749808722261,-0.03328402366863903
2024-09-09,13.11,14.21,32.44,11.19,52.38,0.009237875288683473,0.0028228652081863093,0.0021624961383996943,0.0008944543828264262,-0.008142397273243729,True,True,True,True,True,0.0015420200462605838,-0.0015396458814472824,0.014843750000000044,-0.005439005439005329,-0.014603616133518793,0.006298110566830051,0.005629838142153343,0.015000000000000124,-0.008575803981623276,0.006473489519112308,0.00776638707673194,0.01641932428165438,0.0017921146953405742,-0.00976042590949422,0.01806684733513997,0.014665444546287931,-0.02058605341246289,0.01125281320330096,0.011189076427081446,0.00860749808722261
2024-09-10,13.24,14.25,32.5,11.24,52.82,0.009916094584286883,0.0028149190710766714,0.0018495684340320562,0.0044682752457552155,0.008400152730049681,False,False,False,False,True,0.009237875288683473,0.0015420200462605838,-0.0015396458814472824,0.014843750000000044,0.0028228652081863093,-0.014603616133518793,0.006298110566830051,0.005629838142153343,0.0021624961383996943,-0.008575803981623276,0.006473489519112308,0.00776638707673194,0.0008944543828264262,0.0017921146953405742,-0.00976042590949422,0.01806684733513997,-0.008142397273243729,-0.02058605341246289,0.01125281320330096,0.011189076427081446
2024-09-11,13.04,14.03,32.43,11.21,53.43,-0.015105740181268978,-0.01543859649122814,-0.002153846153846173,-0.002669039145907437,0.011548655812192443,False,False,False,False,False,0.009916094584286883,0.009237875288683473,0.0015420200462605838,-0.0015396458814472824,0.0028149190710766714,0.0028228652081863093,-0.014603616133518793,0.006298110566830051,0.0018495684340320562,0.0021624961383996943,-0.008575803981623276,0.006473489519112308,0.0044682752457552155,0.0008944543828264262,0.0017921146953405742,-0.00976042590949422,0.008400152730049681,-0.008142397273243729,-0.02058605341246289,0.01125281320330096
2024-09-12,12.91,13.94,32.33,11.21,53.24,-0.00996932515337412,-0.00641482537419813,-0.003083564600678379,0.0,-0.0035560546509451063,False,True,False,True,True,-0.015105740181268978,0.009916094584286883,0.009237875288683473,0.0015420200462605838,-0.01543859649122814,0.0028149190710766714,0.0028228652081863093,-0.014603616133518793,-0.002153846153846173,0.0018495684340320562,0.0021624961383996943,-0.008575803981623276,-0.002669039145907437,0.0044682752457552155,0.0008944543828264262,0.0017921146953405742,0.011548655812192443,0.008400152730049681,-0.008142397273243729,-0.02058605341246289
2024-09-13,12.73,13.95,32.34,11.17,53.55,-0.013942680092951187,0.0007173601147776321,0.0003093102381690471,-0.003568242640499597,0.005822689706987072,True,False,False,True,False,-0.00996932515337412,-0.015105740181268978,0.009916094584286883,0.009237875288683473,-0.00641482537419813,-0.01543859649122814,0.0028149190710766714,0.0028228652081863093,-0.003083564600678379,-0.002153846153846173,0.0018495684340320562,0.0021624961383996943,0.0,-0.002669039145907437,0.0044682752457552155,0.0008944543828264262,-0.0035560546509451063,0.011548655812192443,0.008400152730049681,-0.008142397273243729
2024-09-16,12.86,13.88,32.41,11.17,52.93,0.01021209740769824,-0.005017921146953319,0.0021645021645020357,0.0,-0.011577964519140949,True,False,False,False,True,-0.013942680092951187,-0.00996932515337412,-0.015105740181268978,0.009916094584286883,0.0007173601147776321,-0.00641482537419813,-0.01543859649122814,0.0028149190710766714,0.0003093102381690471,-0.003083564600678379,-0.002153846153846173,0.0018495684340320562,-0.003568242640499597,0.0,-0.002669039145907437,0.0044682752457552155,0.005822689706987072,-0.0035560546509451063,0.011548655812192443,0.008400152730049681
2024-09-17,12.96,13.78,32.1,11.15,53.25,0.007776049766718529,-0.007204610951008772,-0.009564949089787,-0.0017905102954342,0.006045720763272255,True,False,False,False,True,0.01021209740769824,-0.013942680092951187,-0.00996932515337412,-0.015105740181268978,-0.005017921146953319,0.0007173601147776321,-0.00641482537419813,-0.01543859649122814,0.0021645021645020357,0.0003093102381690471,-0.003083564600678379,-0.002153846153846173,0.0,-0.003568242640499597,0.0,-0.002669039145907437,-0.011577964519140949,0.005822689706987072,-0.0035560546509451063,0.011548655812192443
2024-09-18,12.98,13.62,31.99,11.09,53.29,0.0015432098765431057,-0.011611030478955064,-0.003426791277258645,-0.0053811659192825045,0.0007511737089200832,False,False,True,False,False,0.007776049766718529,0.01021209740769824,-0.013942680092951187,-0.00996932515337412,-0.007204610951008772,-0.005017921146953319,0.0007173601147776321,-0.00641482537419813,-0.009564949089787,0.0021645021645020357,0.0003093102381690471,-0.003083564600678379,-0.0017905102954342,0.0,-0.003568242640499597,0.0,0.006045720763272255,-0.011577964519140949,0.005822689706987072,-0.0035560546509451063
2024-09-19,12.95,13.48,31.76,11.16,53.19,-0.0023112480739599928,-0.010279001468428639,-0.007189746795873586,0.006311992786294018,-0.001876524676299507,False,False,False,False,False,0.0015432098765431057,0.007776049766718529,0.01021209740769824,-0.013942680092951187,-0.011611030478955064,-0.007204610951008772,-0.005017921146953319,0.0007173601147776321,-0.003426791277258645,-0.009564949089787,0.0021645021645020357,0.0003093102381690471,-0.0053811659192825045,-0.0017905102954342,0.0,-0.003568242640499597,0.0007511737089200832,0.006045720763272255,-0.011577964519140949,0.005822689706987072
2024-09-20,12.76,13.25,31.26,10.91,52.45,-0.014671814671814665,-0.017062314540059353,-0.015743073047858935,-0.02240143369175629,-0.013912389546907211,False,False,False,False,True,-0.0023112480739599928,0.0015432098765431057,0.007776049766718529,0.01021209740769824,-0.010279001468428639,-0.011611030478955064,-0.007204610951008772,-0.005017921146953319,-0.007189746795873586,-0.003426791277258645,-0.009564949089787,0.0021645021645020357,0.006311992786294018,-0.0053811659192825045,-0.0017905102954342,0.0,-0.001876524676299507,0.0007511737089200832,0.006045720763272255,-0.011577964519140949
2024-09-23,12.75,12.93,31.21,10.82,54.25,-0.0007836990595611049,-0.024150943396226476,-0.0015994881637876324,-0.008249312557286892,0.03431839847473772,True,False,True,False,True,-0.014671814671814665,-0.0023112480739599928,0.0015432098765431057,0.007776049766718529,-0.017062314540059353,-0.010279001468428639,-0.011611030478955064,-0.007204610951008772,-0.015743073047858935,-0.007189746795873586,-0.003426791277258645,-0.009564949089787,-0.02240143369175629,0.006311992786294018,-0.0053811659192825045,-0.0017905102954342,-0.013912389546907211,-0.001876524676299507,0.0007511737089200832,0.006045720763272255
2024-09-24,12.76,12.87,31.12,10.84,55.32,0.0007843137254901489,-0.004640371229698403,-0.002883691124639487,0.001848428835489857,0.019723502304147544,False,False,True,True,True,-0.0007836990595611049,-0.014671814671814665,-0.0023112480739599928,0.0015432098765431057,-0.024150943396226476,-0.017062314540059353,-0.010279001468428639,-0.011611030478955064,-0.0015994881637876324,-0.015743073047858935,-0.007189746795873586,-0.003426791277258645,-0.008249312557286892,-0.02240143369175629,0.006311992786294018,-0.0053811659192825045,0.03431839847473772,-0.013912389546907211,-0.001876524676299507,0.0007511737089200832
2024-09-25,12.68,12.71,31.41,10.96,55.61,-0.006269592476489061,-0.012432012432012307,0.009318766066838124,0.011070110701107083,0.005242227042660863,True,True,True,True,True,0.0007843137254901489,-0.0007836990595611049,-0.014671814671814665,-0.0023112480739599928,-0.004640371229698403,-0.024150943396226476,-0.017062314540059353,-0.010279001468428639,-0.002883691124639487,-0.0015994881637876324,-0.015743073047858935,-0.007189746795873586,0.001848428835489857,-0.008249312557286892,-0.02240143369175629,0.006311992786294018,0.019723502304147544,0.03431839847473772,-0.013912389546907211,-0.001876524676299507
2024-09-26,12.84,12.96,31.85,11.13,55.98,0.012618296529968376,0.019669551534225116,0.014008277618592802,0.015510948905109512,0.006653479590001732,True,True,True,True,False,-0.006269592476489061,0.0007843137254901489,-0.0007836990595611049,-0.014671814671814665,-0.012432012432012307,-0.004640371229698403,-0.024150943396226476,-0.017062314540059353,0.009318766066838124,-0.002883691124639487,-0.0015994881637876324,-0.015743073047858935,0.011070110701107083,0.001848428835489857,-0.008249312557286892,-0.02240143369175629,0.005242227042660863,0.019723502304147544,0.03431839847473772,-0.013912389546907211
2024-09-27,12.92,13.04,31.89,11.15,55.96,0.006230529595015577,0.006172839506172645,0.0012558869701726483,0.0017969451931716396,-0.00035727045373346034,True,False,False,False,False,0.012618296529968376,-0.006269592476489061,0.0007843137254901489,-0.0007836990595611049,0.019669551534225116,-0.012432012432012307,-0.004640371229698403,-0.024150943396226476,0.014008277618592802,0.009318766066838124,-0.002883691124639487,-0.0015994881637876324,0.015510948905109512,0.011070110701107083,0.001848428835489857,-0.008249312557286892,0.006653479590001732,0.005242227042660863,0.019723502304147544,0.03431839847473772
2024-09-30,13.08,12.89,31.41,11.08,54.39,0.01238390092879249,-0.011503067484662455,-0.015051740357478804,-0.00627802690582957,-0.028055754110078657,True,True,False,False,True,0.006230529595015577,0.012618296529968376,-0.006269592476489061,0.0007843137254901489,0.006172839506172645,0.019669551534225116,-0.012432012432012307,-0.004640371229698403,0.0012558869701726483,0.014008277618592802,0.009318766066838124,-0.002883691124639487,0.0017969451931716396,0.015510948905109512,0.011070110701107083,0.001848428835489857,-0.00035727045373346034,0.006653479590001732,0.005242227042660863,0.019723502304147544
2024-10-01,13.6,12.96,30.89,10.85,55.88,0.039755351681957096,0.005430566330488773,-0.016555237185609695,-0.020758122743682383,0.02739474168045608,True,True,True,True,False,0.01238390092879249,0.006230529595015577,0.012618296529968376,-0.006269592476489061,-0.011503067484662455,0.006172839506172645,0.019669551534225116,-0.012432012432012307,-0.015051740357478804,0.0012558869701726483,0.014008277618592802,0.009318766066838124,-0.00627802690582957,0.0017969451931716396,0.015510948905109512,0.011070110701107083,-0.028055754110078657,-0.00035727045373346034,0.006653479590001732,0.005242227042660863
2024-10-02,13.72,13.38,31.09,10.9,55.35,0.008823529411764675,0.03240740740740744,0.0064745872450631126,0.004608294930875667,-0.00948460987831068,False,False,False,False,False,0.039755351681957096,0.01238390092879249,0.006230529595015577,0.012618296529968376,0.005430566330488773,-0.011503067484662455,0.006172839506172645,0.019669551534225116,-0.016555237185609695,-0.015051740357478804,0.0012558869701726483,0.014008277618592802,-0.020758122743682383,-0.00627802690582957,0.0017969451931716396,0.015510948905109512,0.02739474168045608,-0.028055754110078657,-0.00035727045373346034,0.006653479590001732
2024-10-03,13.4,13.25,30.4,10.55,54.6,-0.023323615160349864,-0.009715994020926821,-0.022193631392730784,-0.032110091743119185,-0.013550135501354976,False,True,True,True,False,0.008823529411764675,0.039755351681957096,0.01238390092879249,0.006230529595015577,0.03240740740740744,0.005430566330488773,-0.011503067484662455,0.006172839506172645,0.0064745872450631126,-0.016555237185609695,-0.015051740357478804,0.0012558869701726483,0.004608294930875667,-0.020758122743682383,-0.00627802690582957,0.0017969451931716396,-0.00948460987831068,0.02739474168045608,-0.028055754110078657,-0.00035727045373346034
2024-10-04,13.28,13.29,30.46,10.63,54.5,-0.008955223880597107,0.0030188679245282124,0.0019736842105264607,0.007582938388625671,-0.001831501831501825,False,False,False,False,False,-0.023323615160349864,0.008823529411764675,0.039755351681957096,0.01238390092879249,-0.009715994020926821,0.03240740740740744,0.005430566330488773,-0.011503067484662455,-0.022193631392730784,0.0064745872450631126,-0.016555237185609695,-0.015051740357478804,-0.032110091743119185,0.004608294930875667,-0.020758122743682383,-0.00627802690582957,-0.013550135501354976,-0.00948460987831068,0.02739474168045608,-0.028055754110078657
